source_row_index,package,group_id,dataset_class_id,class_name,natural_split
0,com.asdjklqw.echovox,com.asdjklqw.echovox,1,Adware,train
1,com.ps.blackwhite,com.ps.blackwhite,1,Adware,train
2,com.androidemu.harvezhongdong,com.androidemu.harvezhongdong,1,Adware,train
3,com.fcmm,com.fcmm,1,Adware,train
4,com.allen.cc,com.allen.cc,1,Adware,train
6,net.hidroid.hisurfing,net.hidroid.hisurfing,1,Adware,train
7,com.evilsunflower.reader.evilYingyou,com.evilsunflower.reader.evilYingyou,1,Adware,train
8,cn.ming.renpin,cn.ming.renpin,1,Adware,train
9,wyjwobei.mouse,wyjwobei.mouse,1,Adware,train
10,com.example.suishoukan,com.example.suishoukan,1,Adware,train
11,com.htcheng.bingdict,com.htcheng.bingdict,1,Adware,train
12,com.p.wallpaper.c58,com.p.wallpaper.c58,1,Adware,test
13,com.android.mmreader293,com.android.mmreader293,1,Adware,validation
14,com.wb.olock20131020001967,com.wb.olock20131020001967,1,Adware,train
15,com.pgcandroidtools.getwifi,com.pgcandroidtools.getwifi,1,Adware,train
16,com.phundroid.dandaner,com.phundroid.dandaner,1,Adware,train
17,huanghaitong.game.shuiguolianliankan,huanghaitong.game.shuiguolianliankan,1,Adware,train
18,funny.photo,funny.photo,1,Adware,train
19,com.nimeishouyou.kkvfjnvdjfvdfvjdgz10,com.nimeishouyou.kkvfjnvdjfvdfvjdgz10,1,Adware,train
20,com.kelphy3.chinesechess,com.kelphy3.chinesechess,1,Adware,train
21,com.mobi.screensaver.ymgx,com.mobi.screensaver.ymgx,1,Adware,test
22,com.colorme.game.ace,com.colorme.game.ace,1,Adware,train
23,cn.nptuv.bceijk13789.spool,cn.nptuv.bceijk13789.spool,1,Adware,train
24,com.livewallpaper.MZDLDYH9,com.livewallpaper.MZDLDYH9,1,Adware,validation
25,cn.com.xiaol.livewallpaper.yedianmn,cn.com.xiaol.livewallpaper.yedianmn,1,Adware,train
26,com.wangwei.xiyangyang,com.wangwei.xiyangyang,1,Adware,test
27,com.keedor.app.translator.zhcnko,com.keedor.app.translator.zhcnko,1,Adware,train
28,com.dangerb.pedometer,com.dangerb.pedometer,1,Adware,train
29,liuyaokun.game.jumpdino,liuyaokun.game.jumpdino,1,Adware,train
30,org.kaqrmwj.osaeraeofpcl,org.kaqrmwj.osaeraeofpcl,1,Adware,train
31,com.sky_dreaming.weather,com.sky_dreaming.weather,1,Adware,validation
32,com.wb.hlock20131215002514,com.wb.hlock20131215002514,1,Adware,train
33,com.han.srmm1,com.han.srmm1,1,Adware,test
34,com.sargweh.ergewrty,com.sargweh.ergewrty,1,Adware,validation
35,com.sharemore.nfc.transport,com.sharemore.nfc.transport,1,Adware,validation
36,com.gp.paopaoyu,com.gp.paopaoyu,1,Adware,train
37,com.androidemu.harvemario,com.androidemu.harvemario,1,Adware,train
38,com.sale.reader.huangguangxuzhmryczwkz,com.sale.reader.huangguangxuzhmryczwkz,1,Adware,validation
39,com.ChildrenStroy,com.ChildrenStroy,1,Adware,validation
40,com.kandian.vodapp,com.kandian.vodapp,1,Adware,train
41,com.scientists.wogps,com.scientists.wogps,1,Adware,test
42,com.app4ever.book.zemao,com.app4ever.book.zemao,1,Adware,train
43,com.fisher.union.voicenotify,com.fisher.union.voicenotify,1,Adware,train
44,ps.wb.music20130318002792,ps.wb.music20130318002792,1,Adware,validation
45,com.qimikeji.zhuan,com.qimikeji.zhuan,1,Adware,train
46,com.android.mmreader872,com.android.mmreader872,1,Adware,train
47,com.androidemu.neszsebwdlpy,com.androidemu.neszsebwdlpy,1,Adware,test
48,com.yqy.wnzs,com.yqy.wnzs,1,Adware,test
49,com.greensoft.JingJiShiYongNan,com.greensoft.JingJiShiYongNan,1,Adware,train
50,com.example.off_line_read,com.example.off_line_read,1,Adware,train
51,ps.wb.csppxx.lock20120708000919,ps.wb.csppxx.lock20120708000919,1,Adware,test
52,com.dobi.dgalley237,com.dobi.dgalley237,1,Adware,train
53,com.wyf.gps3,com.wyf.gps3,1,Adware,train
54,com.topteam.flashlight,com.topteam.flashlight,1,Adware,train
55,com.fywork.summer,com.fywork.summer,1,Adware,train
56,com.sy.activity,com.sy.activity,1,Adware,train
57,com.android.mmreader105,com.android.mmreader105,1,Adware,train
58,com.android.mmreader254,com.android.mmreader254,1,Adware,validation
59,org.jq.zmdr,org.jq.zmdr,1,Adware,validation
60,com.han.zbbxt1,com.han.zbbxt1,1,Adware,validation
61,ps.wb.music20130424000149,ps.wb.music20130424000149,1,Adware,validation
62,googlems.firefoxspirit,googlems.firefoxspirit,1,Adware,validation
63,com.example.welcometiq,com.example.welcometiq,1,Adware,train
64,cn.c5138891.kill,cn.c5138891.kill,1,Adware,validation
65,cn.com.lw.lockScreenHeart,cn.com.lw.lockScreenHeart,1,Adware,validation
66,com.fdbfgy.xnbggqw.szdsdfs,com.fdbfgy.xnbggqw.szdsdfs,1,Adware,train
67,com.king.batterytest,com.king.batterytest,1,Adware,train
68,lMaUZt.mKpCH.dtpav,lMaUZt.mKpCH.dtpav,1,Adware,train
69,com.sg.em.threefight,com.sg.em.threefight,1,Adware,train
70,com.xqualcomm.desertwinds,com.xqualcomm.desertwinds,1,Adware,validation
71,com.jeef.WifiAssistant,com.jeef.WifiAssistant,1,Adware,train
72,com.gp.tiltmazes,com.gp.tiltmazes,1,Adware,test
73,com.root.master,com.root.master,1,Adware,validation
74,goodyes.signgps,goodyes.signgps,1,Adware,test
75,com.ccy.android.onekeyclean,com.ccy.android.onekeyclean,1,Adware,train
76,com.evilsunflower.reader.evilXiaoli,com.evilsunflower.reader.evilXiaoli,1,Adware,validation
77,com.qimikeji.zhuan,com.qimikeji.zhuan,1,Adware,train
78,com.android.mmreader641,com.android.mmreader641,1,Adware,train
79,com.requiem.slimeballLiterar,com.requiem.slimeballLiterar,1,Adware,test
80,com.light.ddp3,com.light.ddp3,1,Adware,train
81,pk.noqtq.bcdfif12474.animal,pk.noqtq.bcdfif12474.animal,1,Adware,test
82,googleanzhi.pokercard,googleanzhi.pokercard,1,Adware,test
83,com.kok.shuiguoji,com.kok.shuiguoji,1,Adware,train
84,com.ps.keepaccount,com.ps.keepaccount,1,Adware,train
85,com.jing.zhuanfengle,com.jing.zhuanfengle,1,Adware,train
86,com.ADASiteMap,com.ADASiteMap,1,Adware,train
87,googleanzhimsgo.donttouchred,googleanzhimsgo.donttouchred,1,Adware,validation
88,com.saubcy.games.ColorfulBalls.market,com.saubcy.games.ColorfulBalls.market,1,Adware,train
89,com.sproutim.android.train,com.sproutim.android.train,1,Adware,train
90,org.jq.zmdr,org.jq.zmdr,1,Adware,validation
91,movecont2.musicfo13gold,movecont2.musicfo13gold,1,Adware,train
92,com.kkdcsjdnjdsfvndfv,com.kkdcsjdnjdsfvndfv,1,Adware,validation
93,com.mobi.screensaver.XMSP10,com.mobi.screensaver.XMSP10,1,Adware,train
94,tal.android.Puzzle,tal.android.Puzzle,1,Adware,train
95,com.android.mmreader439,com.android.mmreader439,1,Adware,train
96,com.content.ugly.liondr,com.content.ugly.liondr,1,Adware,validation
97,com.money.xgmv,com.money.xgmv,1,Adware,train
98,com.androidemu.harveshuangjl3,com.androidemu.harveshuangjl3,1,Adware,validation
99,com.rgekwjr.ergewr,com.rgekwjr.ergewr,1,Adware,validation
100,com.android.mmreader868,com.android.mmreader868,1,Adware,train
101,app.wb.ps.bz20130514000415,app.wb.ps.bz20130514000415,1,Adware,train
102,com.zhangchao.cgamcs.sunnyapp,com.zhangchao.cgamcs.sunnyapp,1,Adware,train
103,org.nounp.bcdjce12813.spool,org.nounp.bcdjce12813.spool,1,Adware,train
104,com.shajia.dainishuo,com.shajia.dainishuo,1,Adware,train
105,com.shirley.livewallpaper.shangmai,com.shirley.livewallpaper.shangmai,1,Adware,train
106,com.androidemu.harvemario,com.androidemu.harvemario,1,Adware,train
107,com.game.flash.jingdiantq,com.game.flash.jingdiantq,1,Adware,test
108,com.dray.apkclearer,com.dray.apkclearer,1,Adware,test
109,com.shirley.livewallpaper.waterfall,com.shirley.livewallpaper.waterfall,1,Adware,train
110,com.esatrw.rewty,com.esatrw.rewty,1,Adware,train
111,com.androidemu.harvekuaida3.swnosign,com.androidemu.harvekuaida3.swnosign,1,Adware,train
112,com.kait.shijieshangxiawuqiannian,com.kait.shijieshangxiawuqiannian,1,Adware,train
113,com.mobi.livewallpaper.xph2new,com.mobi.livewallpaper.xph2new,1,Adware,train
114,g.calculator.instax,g.calculator.instax,1,Adware,validation
115,com.molly.lock.mxtyspp,com.molly.lock.mxtyspp,1,Adware,test
116,com.dobi.hasten332,com.dobi.hasten332,1,Adware,train
117,com.android.mmreader493,com.android.mmreader493,1,Adware,train
118,com.android.mmreader255,com.android.mmreader255,1,Adware,train
119,com.android.mmreader2015,com.android.mmreader2015,1,Adware,train
120,bubei.tingshu,bubei.tingshu,1,Adware,train
121,com.tim.apps.mockgps,com.tim.apps.mockgps,1,Adware,train
122,com.gzlapp.reader,com.gzlapp.reader,1,Adware,train
123,Lock.you.com,Lock.you.com,1,Adware,train
124,com.mogo.puzzle,com.mogo.puzzle,1,Adware,validation
125,,__missing_package_row_125,1,Adware,train
127,com.android.mmreader318,com.android.mmreader318,1,Adware,test
128,com.ps.yams,com.ps.yams,1,Adware,test
129,net.yyasp.exam.accountant,net.yyasp.exam.accountant,1,Adware,test
130,com.android.mmreader345,com.android.mmreader345,1,Adware,train
131,com.shere.livewallpapersb179,com.shere.livewallpapersb179,1,Adware,test
132,liu.niu.soft.loverslkl01,liu.niu.soft.loverslkl01,1,Adware,test
133,com.androidemu.harvefengsb,com.androidemu.harvefengsb,1,Adware,validation
134,com.kait.brainteasers,com.kait.brainteasers,1,Adware,train
135,com.anzhi.qsjianfei,com.anzhi.qsjianfei,1,Adware,train
136,com.kb.Carrom3DFullcn,com.kb.Carrom3DFullcn,1,Adware,test
137,com.android.mmreader465,com.android.mmreader465,1,Adware,train
138,mobile.app248,mobile.app248,1,Adware,test
139,com.android.mmreader283,com.android.mmreader283,1,Adware,train
140,com.mobi.screensaver.qpqx,com.mobi.screensaver.qpqx,1,Adware,train
141,com.zhly.study,com.zhly.study,1,Adware,train
142,com.colorme.game.yxey,com.colorme.game.yxey,1,Adware,train
143,com.colorme.game.yiqizhaobieniuqq,com.colorme.game.yiqizhaobieniuqq,1,Adware,train
144,com.android.eagel.magicteach,com.android.eagel.magicteach,1,Adware,train
145,com.gp.search,com.gp.search,1,Adware,train
146,com.dseffects.xvbmwetyioa,com.dseffects.xvbmwetyioa,1,Adware,train
147,com.meiricai.app,com.meiricai.app,1,Adware,test
148,org.zs.www.mixedcolor,org.zs.www.mixedcolor,1,Adware,validation
149,com.baowa.gaoxiaorenshi,com.baowa.gaoxiaorenshi,1,Adware,train
150,com.LXorchid.dadishuing,com.LXorchid.dadishuing,1,Adware,test
151,cn.com.xiaof.livewallpaper.niaoyhx,cn.com.xiaof.livewallpaper.niaoyhx,1,Adware,test
152,com.ecmgqbugo,com.ecmgqbugo,1,Adware,test
153,sid.destiny,sid.destiny,1,Adware,train
154,com.ypb.g,com.ypb.g,1,Adware,train
155,com.mobi.livewallpaper.bbxy3,com.mobi.livewallpaper.bbxy3,1,Adware,train
156,com.example.com.samsung.srctj,com.example.com.samsung.srctj,1,Adware,train
157,com.greensoft.whlOuMeiShuaiGe,com.greensoft.whlOuMeiShuaiGe,1,Adware,train
158,com.greensoft.LunDunAoYun,com.greensoft.LunDunAoYun,1,Adware,validation
159,com.mogo.media,com.mogo.media,1,Adware,train
160,ren.xiaophailianliankan,ren.xiaophailianliankan,1,Adware,validation
161,com.gpsquanqiou.signs,com.gpsquanqiou.signs,1,Adware,train
162,com.gp.jewels,com.gp.jewels,1,Adware,train
163,ps.wb.csppxx.lock20121021001785,ps.wb.csppxx.lock20121021001785,1,Adware,test
164,com.androidemu.harvemaoxiandao4.swnewnewsign,com.androidemu.harvemaoxiandao4.swnewnewsign,1,Adware,train
165,com.androidemu.kaizhang.sanguozhi2,com.androidemu.kaizhang.sanguozhi2,1,Adware,train
166,ruswordroid.rusmodel,ruswordroid.rusmodel,1,Adware,validation
167,com.androidemu.harvechise.swnewsign,com.androidemu.harvechise.swnewsign,1,Adware,train
168,cn.bighead.livewallpaper.dongman124,cn.bighead.livewallpaper.dongman124,1,Adware,train
169,com.greensoft.whlALiDeXingFu,com.greensoft.whlALiDeXingFu,1,Adware,test
170,cn.com.gw.livewallpaper_yct,cn.com.gw.livewallpaper_yct,1,Adware,train
171,com.windrey.gfvc,com.windrey.gfvc,1,Adware,train
172,com.android.mmreader590,com.android.mmreader590,1,Adware,train
173,com.gp.search,com.gp.search,1,Adware,train
174,wealthsll.fruit1.sric.android,wealthsll.fruit1.sric.android,1,Adware,test
175,com.windrey.penguin,com.windrey.penguin,1,Adware,test
176,com.dobi.dgalley242,com.dobi.dgalley242,1,Adware,train
177,com.android.mmreader515,com.android.mmreader515,1,Adware,train
178,com.wangyh.book.meinvzhuchi,com.wangyh.book.meinvzhuchi,1,Adware,train
179,ps.wb.music20130401002969,ps.wb.music20130401002969,1,Adware,train
180,com.dangerb.livewallpaper.my,com.dangerb.livewallpaper.my,1,Adware,validation
181,com.work.game,com.work.game,1,Adware,test
182,com.lbeing.word.kaoyan,com.lbeing.word.kaoyan,1,Adware,test
183,com.colorme.game.Dragonball,com.colorme.game.Dragonball,1,Adware,test
184,com.qimikeji.zhuan,com.qimikeji.zhuan,1,Adware,train
185,ps.wb.music20130407002986,ps.wb.music20130407002986,1,Adware,train
186,com.gp.geekadoo,com.gp.geekadoo,1,Adware,train
187,com.android.mmreader28,com.android.mmreader28,1,Adware,train
188,com.mobi.pet.xl,com.mobi.pet.xl,1,Adware,validation
189,com.feidou.flydoushoutui,com.feidou.flydoushoutui,1,Adware,train
190,com.gp.solitaire,com.gp.solitaire,1,Adware,train
191,com.gp.geekadoo,com.gp.geekadoo,1,Adware,train
192,zhiwu.dazhanhaichong.chone,zhiwu.dazhanhaichong.chone,1,Adware,train
193,com.p.wallpaper.c57,com.p.wallpaper.c57,1,Adware,train
194,ren.chebiaolianliankan,ren.chebiaolianliankan,1,Adware,validation
195,com.qimikeji.zhuan,com.qimikeji.zhuan,1,Adware,train
196,cn.zilin.library.food.ui,cn.zilin.library.food.ui,1,Adware,train
197,shoujidianshi.duopool.mianfie,shoujidianshi.duopool.mianfie,1,Adware,train
198,com.mobi.screensaver.alnine6,com.mobi.screensaver.alnine6,1,Adware,test
199,com.rainbow.Diz,com.rainbow.Diz,1,Adware,test
200,com.dandaner.jamjam,com.dandaner.jamjam,1,Adware,train
201,com.hao.zwyouhuadashic,com.hao.zwyouhuadashic,1,Adware,train
202,com.android.mmreader460,com.android.mmreader460,1,Adware,train
203,com.jeef.AlongYou,com.jeef.AlongYou,1,Adware,train
204,com.markeu.msscan,com.markeu.msscan,1,Adware,test
205,com.wangyh.bluetooth,com.wangyh.bluetooth,1,Adware,validation
206,com.qukantuv2.app,com.qukantuv2.app,1,Adware,train
207,com.androidemu.harvehundouluo,com.androidemu.harvehundouluo,1,Adware,validation
208,ps.wb.music20130821001578,ps.wb.music20130821001578,1,Adware,train
209,ps.wb.music20130922001776,ps.wb.music20130922001776,1,Adware,test
210,com.gker.five,com.gker.five,1,Adware,validation
211,com.muzhiwan.gamehelper.memorymanagerkk,com.muzhiwan.gamehelper.memorymanagerkk,1,Adware,train
212,ps.wb.csppxx.lock0011,ps.wb.csppxx.lock0011,1,Adware,train
213,com.roy.AndroidBoom,com.roy.AndroidBoom,1,Adware,train
214,com.android.mmreader104,com.android.mmreader104,1,Adware,test
215,cn.com.gw.Football,cn.com.gw.Football,1,Adware,validation
216,com.tianming,com.tianming,1,Adware,validation
217,com.mobi.screensaver.mengxiaoxi,com.mobi.screensaver.mengxiaoxi,1,Adware,train
218,com.mogo.guoshullk,com.mogo.guoshullk,1,Adware,validation
219,cn.com.xiaol.livewallpaper.jpqcmn,cn.com.xiaol.livewallpaper.jpqcmn,1,Adware,train
220,com.ant.wordhumor,com.ant.wordhumor,1,Adware,train
221,doudoufight.vent,doudoufight.vent,1,Adware,test
222,com.mm.plugins.contactsprotect.phoneintercept1,com.mm.plugins.contactsprotect.phoneintercept1,1,Adware,test
223,com.ps.llk,com.ps.llk,1,Adware,validation
224,com.wyf.quwen3,com.wyf.quwen3,1,Adware,train
225,com.youcheng.hoax,com.youcheng.hoax,1,Adware,train
226,org.notnm.bcdicb12710.plant,org.notnm.bcdicb12710.plant,1,Adware,train
227,com.wphm.englishzhongkao.activitys,com.wphm.englishzhongkao.activitys,1,Adware,validation
228,com.android.myfwtrain,com.android.myfwtrain,1,Adware,train
229,orz.lk.mydt,orz.lk.mydt,1,Adware,test
230,com.root.android.safety,com.root.android.safety,1,Adware,train
231,com.sostation.llk,com.sostation.llk,1,Adware,validation
232,mobile.app176,mobile.app176,1,Adware,train
233,com.gp.zoo,com.gp.zoo,1,Adware,validation
234,com.gp.monolith,com.gp.monolith,1,Adware,train
235,com.ps.pintu.view,com.ps.pintu.view,1,Adware,train
236,tiger.wzsrxdtv,tiger.wzsrxdtv,1,Adware,validation
237,com.gp.search,com.gp.search,1,Adware,train
238,com.qianming,com.qianming,1,Adware,validation
239,com.livegame.wallpapermingche,com.livegame.wallpapermingche,1,Adware,train
240,wxjb.sophycangjingkong,wxjb.sophycangjingkong,1,Adware,train
241,com.android.mmreader693,com.android.mmreader693,1,Adware,test
242,com.android.mmreader1440,com.android.mmreader1440,1,Adware,train
243,org.ali.iphonescreen,org.ali.iphonescreen,1,Adware,test
244,com.shuqi.paid.controller,com.shuqi.paid.controller,1,Adware,train
245,com.rp.screensaver.ysjqr2,com.rp.screensaver.ysjqr2,1,Adware,train
246,movecont2.musichuangmeixi,movecont2.musichuangmeixi,1,Adware,train
247,net.hidroid.privacy,net.hidroid.privacy,1,Adware,test
248,org.nba.core,org.nba.core,1,Adware,validation
249,com.android.mmreader429,com.android.mmreader429,1,Adware,test
250,com.gpsactions.com,com.gpsactions.com,1,Adware,train
251,com.kemi.telephony.activity,com.kemi.telephony.activity,1,Adware,train
252,com.tt.haiyangdongwulilikan.test,com.tt.haiyangdongwulilikan.test,1,Adware,validation
253,ygc.flower.yxb.activity,ygc.flower.yxb.activity,1,Adware,train
254,com.wei.and.njjzw.qute.moy,com.wei.and.njjzw.qute.moy,1,Adware,test
255,com.android.mmreader477,com.android.mmreader477,1,Adware,train
256,net.nompt.bcdbei12037.animal,net.nompt.bcdbei12037.animal,1,Adware,test
257,com.androidemu.harvehundouluo30,com.androidemu.harvehundouluo30,1,Adware,train
258,jiUAU.xhKbu.envE,jiUAU.xhKbu.envE,1,Adware,validation
259,googlems.rescuedog,googlems.rescuedog,1,Adware,train
260,com.zhuaz.shoushencaodq,com.zhuaz.shoushencaodq,1,Adware,train
261,net.yebaihe.bizhim902,net.yebaihe.bizhim902,1,Adware,train
262,com.xoYu.Games.AngryBirdsLinking,com.xoYu.Games.AngryBirdsLinking,1,Adware,test
263,com.bizhi.wallpaperslideshow,com.bizhi.wallpaperslideshow,1,Adware,train
264,com.music.yinyuesuishenting,com.music.yinyuesuishenting,1,Adware,train
265,sunkay.BookXueshanfeihu,sunkay.BookXueshanfeihu,1,Adware,test
266,com.moon.player.cl,com.moon.player.cl,1,Adware,train
267,com.ps.square,com.ps.square,1,Adware,validation
268,cmcom.elsdoerfer.android.autostarts,cmcom.elsdoerfer.android.autostarts,1,Adware,test
269,newgame.xmlbx2016,newgame.xmlbx2016,1,Adware,train
270,xiezhenji.android,xiezhenji.android,1,Adware,validation
271,com.mogo.bequick,com.mogo.bequick,1,Adware,test
272,com.gp.search,com.gp.search,1,Adware,train
273,com.zhidong.xiadao,com.zhidong.xiadao,1,Adware,train
274,com.hao.ccjingtingfy,com.hao.ccjingtingfy,1,Adware,test
275,com.mobi.screensaver.nuan6,com.mobi.screensaver.nuan6,1,Adware,validation
276,com.game.forces,com.game.forces,1,Adware,train
277,com.task.manager.root,com.task.manager.root,1,Adware,train
278,com.shirley.morytest,com.shirley.morytest,1,Adware,train
279,com.android.mmreader834,com.android.mmreader834,1,Adware,train
280,com.kandian.ustvapp,com.kandian.ustvapp,1,Adware,test
281,com.android.mmreader867,com.android.mmreader867,1,Adware,train
282,com.livegame.wallpaperjiguang,com.livegame.wallpaperjiguang,1,Adware,train
283,com.thinkyeah.smartlockfree,com.thinkyeah.smartlockfree,1,Adware,test
284,org.kman.nnbvvccxz,org.kman.nnbvvccxz,1,Adware,train
285,com.dooqu.android.ledbanner,com.dooqu.android.ledbanner,1,Adware,train
286,com.mobi.common.main.mla71,com.mobi.common.main.mla71,1,Adware,test
287,com.japanese,com.japanese,1,Adware,train
288,com.duan.jianti,com.duan.jianti,1,Adware,train
289,bjoy.agame.bcd.shuiguolaohuji,bjoy.agame.bcd.shuiguolaohuji,1,Adware,train
290,com.colorme.game.qinshoubenxingceshi,com.colorme.game.qinshoubenxingceshi,1,Adware,test
291,com.ps.mine,com.ps.mine,1,Adware,test
292,com.cosina.game.activity,com.cosina.game.activity,1,Adware,train
293,com.nanoha.DeviceAdmin,com.nanoha.DeviceAdmin,1,Adware,test
294,com.android.mmreader689,com.android.mmreader689,1,Adware,train
295,com.android.mmreader771,com.android.mmreader771,1,Adware,test
296,com.cn.hooper.compass,com.cn.hooper.compass,1,Adware,validation
297,com.android.mmreader502,com.android.mmreader502,1,Adware,test
298,com.lbeing.word.kaoyan,com.lbeing.word.kaoyan,1,Adware,test
299,com.pickwifi,com.pickwifi,1,Adware,train
300,com.keedor.app.translator.zhcnko,com.keedor.app.translator.zhcnko,1,Adware,train
301,com.shere.assistivetouch.holo,com.shere.assistivetouch.holo,1,Adware,train
302,net.wangyuanjing.abc,net.wangyuanjing.abc,1,Adware,test
303,com.livegame.rss,com.livegame.rss,1,Adware,train
304,com.shirley.livewallpaper.sea,com.shirley.livewallpaper.sea,1,Adware,train
305,com.ps.keepaccount,com.ps.keepaccount,1,Adware,train
306,com.michael.landlords,com.michael.landlords,1,Adware,train
307,com.android.mmreader33,com.android.mmreader33,1,Adware,test
308,com.evilsunflower.reader.evilQichang,com.evilsunflower.reader.evilQichang,1,Adware,validation
309,googleanzhi.zerohourelection,googleanzhi.zerohourelection,1,Adware,train
310,com.oyell.mayi,com.oyell.mayi,1,Adware,train
311,com.androidemu.harvesongshuzz,com.androidemu.harvesongshuzz,1,Adware,test
312,cn.bighead.livewallpaper.jianfei197xzq,cn.bighead.livewallpaper.jianfei197xzq,1,Adware,test
313,com.colorme.game.binishuishangshijie,com.colorme.game.binishuishangshijie,1,Adware,train
314,com.yunxin.book.kantous,com.yunxin.book.kantous,1,Adware,train
315,com.TheRingAndroid,com.TheRingAndroid,1,Adware,validation
316,com.mobi.livewallpaper.dyynh6,com.mobi.livewallpaper.dyynh6,1,Adware,train
317,com.cdjm.StealFruit.core,com.cdjm.StealFruit.core,1,Adware,test
318,com.iym.leyuan,com.iym.leyuan,1,Adware,train
319,com.colorme.game.zenonmegablast,com.colorme.game.zenonmegablast,1,Adware,test
320,com.baidu.superservice,com.baidu.superservice,1,Adware,validation
321,im.qvod.android,im.qvod.android,1,Adware,validation
322,com.iym.xhonline,com.iym.xhonline,1,Adware,validation
323,com.colorme.game.tuqiuzhanshi,com.colorme.game.tuqiuzhanshi,1,Adware,train
324,net.hidroid.hiapn.cn,net.hidroid.hiapn.cn,1,Adware,train
325,com.metre.zqw,com.metre.zqw,1,Adware,train
326,com.yyb.laorenyuhai,com.yyb.laorenyuhai,1,Adware,train
327,com.xingai100,com.xingai100,1,Adware,train
328,com.lmq.qsj,com.lmq.qsj,1,Adware,train
329,com.colorme.game.PaintingCube3,com.colorme.game.PaintingCube3,1,Adware,validation
330,com.nompq.bcdbef12034.animal,com.nompq.bcdbef12034.animal,1,Adware,train
331,itaogame.imgapp23,itaogame.imgapp23,1,Adware,train
332,com.justnote,com.justnote,1,Adware,train
333,googleanzhi.dinosaurruns,googleanzhi.dinosaurruns,1,Adware,train
334,com.android.mmreader705,com.android.mmreader705,1,Adware,train
335,cn.com.nommv.bcdbbk12009.bee,cn.com.nommv.bcdbbk12009.bee,1,Adware,train
336,com.greensoft.xiaRiQingLiang,com.greensoft.xiaRiQingLiang,1,Adware,test
337,com.just521.mydraw,com.just521.mydraw,1,Adware,train
338,com.npsou.bcehdj13628.plant,com.npsou.bcehdj13628.plant,1,Adware,test
339,com.clearapp_bysc,com.clearapp_bysc,1,Adware,test
340,com.gamevisa8.fish,com.gamevisa8.fish,1,Adware,train
341,com.ts.ysxs,com.ts.ysxs,1,Adware,train
342,com.eng.word40,com.eng.word40,1,Adware,validation
343,net.loonggg.traintime,net.loonggg.traintime,1,Adware,validation
344,com.android.mmreader282,com.android.mmreader282,1,Adware,train
345,com.app.hero.ui,com.app.hero.ui,1,Adware,test
346,com.androidemu.bawangdedalu,com.androidemu.bawangdedalu,1,Adware,train
347,com.android.mmreader498,com.android.mmreader498,1,Adware,validation
348,com.android.mmreader762,com.android.mmreader762,1,Adware,train
349,org.openintents.filemanager,org.openintents.filemanager,1,Adware,train
350,cn.hongxiu.singlebook105496,cn.hongxiu.singlebook105496,1,Adware,train
351,com.shirley.livewallpaper.xiangcun1,com.shirley.livewallpaper.xiangcun1,1,Adware,test
352,com.dobi.dgalley240,com.dobi.dgalley240,1,Adware,train
353,com.zq.Fate,com.zq.Fate,1,Adware,validation
354,com.wxqhbfz.vn,com.wxqhbfz.vn,1,Adware,test
355,com.simple.graduate,com.simple.graduate,1,Adware,train
356,com.androidemu.harvetanke,com.androidemu.harvetanke,1,Adware,train
357,com.yyb.huxiaoshanzhuang,com.yyb.huxiaoshanzhuang,1,Adware,validation
358,com.battery.monkey.ui,com.battery.monkey.ui,1,Adware,train
359,com.wuzi.bysc,com.wuzi.bysc,1,Adware,train
360,com.gp.paopaoyu,com.gp.paopaoyu,1,Adware,train
361,com.xianguo.hdhdkki.svwa,com.xianguo.hdhdkki.svwa,1,Adware,validation
362,com.seach,com.seach,1,Adware,validation
363,googleanzhi.pointhim,googleanzhi.pointhim,1,Adware,test
364,igudi.com.sheyingrx,igudi.com.sheyingrx,1,Adware,validation
365,com.anderfans.girlfart,com.anderfans.girlfart,1,Adware,validation
366,ps.wb.csppxx.lock20130412003167,ps.wb.csppxx.lock20130412003167,1,Adware,train
367,com.zson.mbiz,com.zson.mbiz,1,Adware,test
368,com.feng.wuiTicket,com.feng.wuiTicket,1,Adware,train
369,fDceXw.VkLUvF.zjJZkD,fDceXw.VkLUvF.zjJZkD,1,Adware,train
370,com.mm.ph,com.mm.ph,1,Adware,train
371,com.android.mmreader552,com.android.mmreader552,1,Adware,train
372,com.android.mmreader675,com.android.mmreader675,1,Adware,train
373,com.android.mmreader147,com.android.mmreader147,1,Adware,train
374,com.shere.assistivetouch,com.shere.assistivetouch,1,Adware,train
375,com.android.mmreader513,com.android.mmreader513,1,Adware,test
376,com.coderet.buddhasay,com.coderet.buddhasay,1,Adware,train
377,com.wyf.zousizi,com.wyf.zousizi,1,Adware,train
378,com.vaniship.tools.adsltool,com.vaniship.tools.adsltool,1,Adware,train
379,com.andoop.finger,com.andoop.finger,1,Adware,train
380,com.androidemu.harvemaoxiandao3,com.androidemu.harvemaoxiandao3,1,Adware,test
381,com.alan.message,com.alan.message,1,Adware,train
382,com.alan.message,com.alan.message,1,Adware,train
383,com.android.mmreader869,com.android.mmreader869,1,Adware,validation
384,com.greensoft.sheXuanKu,com.greensoft.sheXuanKu,1,Adware,train
385,com.cjq.appmanager,com.cjq.appmanager,1,Adware,validation
386,shirley.game.llkdongwu,shirley.game.llkdongwu,1,Adware,test
387,com.colorme.game.cangshudiuguazi,com.colorme.game.cangshudiuguazi,1,Adware,test
388,com.android.lzy.ringcut,com.android.lzy.ringcut,1,Adware,train
389,com.colorme.game.ShootingPizzaMadness,com.colorme.game.ShootingPizzaMadness,1,Adware,train
390,cn.com.lw.LSD_04_gun,cn.com.lw.LSD_04_gun,1,Adware,train
391,org.youdian.ebook.sample,org.youdian.ebook.sample,1,Adware,train
392,com.colorme.game.chizongzidabaishe,com.colorme.game.chizongzidabaishe,1,Adware,validation
393,cn.yqzq.zqb,cn.yqzq.zqb,1,Adware,train
394,sunkay.BookLianchengjue,sunkay.BookLianchengjue,1,Adware,train
395,com.readgaga.read.rzhongguoheike.activity,com.readgaga.read.rzhongguoheike.activity,1,Adware,train
396,com.mobi.screensaver.iphoneyy,com.mobi.screensaver.iphoneyy,1,Adware,test
397,com.rewe.yterty,com.rewe.yterty,1,Adware,train
398,googleanzhi.smallants,googleanzhi.smallants,1,Adware,test
399,googleanzhimsgo.clickdeathpark,googleanzhimsgo.clickdeathpark,1,Adware,train
400,com.sh.xiaohua,com.sh.xiaohua,1,Adware,train
401,cn.nomos.bcdbdh12026.plant,cn.nomos.bcdbdh12026.plant,1,Adware,validation
402,com.HSBapp.Renjiguanxi,com.HSBapp.Renjiguanxi,1,Adware,train
403,com.ss.ophone.chapter4_4,com.ss.ophone.chapter4_4,1,Adware,train
404,com.gp.geekadoo,com.gp.geekadoo,1,Adware,train
405,com.mobi.screensaver.mdn7,com.mobi.screensaver.mdn7,1,Adware,train
406,com.zhidong.wajin,com.zhidong.wajin,1,Adware,validation
407,com.coderet.motto,com.coderet.motto,1,Adware,test
408,com.evilsunflower.reader.evilShenger,com.evilsunflower.reader.evilShenger,1,Adware,test
409,com.tuhaoting.test,com.tuhaoting.test,1,Adware,train
410,com.htc.android.jq,com.htc.android.jq,1,Adware,test
411,com.wqx.blackjack,com.wqx.blackjack,1,Adware,validation
412,com.monkeytouchs.game.zombiesboss,com.monkeytouchs.game.zombiesboss,1,Adware,train
413,com.wangyh.android.changewallpager2,com.wangyh.android.changewallpager2,1,Adware,train
414,com.androidemu.harvemario,com.androidemu.harvemario,1,Adware,train
415,com.moving.microphone.charg,com.moving.microphone.charg,1,Adware,train
416,com.demon.xiaohua.app.view,com.demon.xiaohua.app.view,1,Adware,train
417,akai.floatView.op.luf,akai.floatView.op.luf,1,Adware,train
418,com.android.mmreader1079,com.android.mmreader1079,1,Adware,test
419,com.blessjjv,com.blessjjv,1,Adware,train
420,com.playhans.xlls.hlchristmaskawayi,com.playhans.xlls.hlchristmaskawayi,1,Adware,validation
421,com.android.mmreader678,com.android.mmreader678,1,Adware,train
422,com.example.yujiyi,com.example.yujiyi,1,Adware,train
423,com.androidemu.harvehundouluo30.ssswnosign,com.androidemu.harvehundouluo30.ssswnosign,1,Adware,train
424,cn.nimeizhuomian.iionhdsfug,cn.nimeizhuomian.iionhdsfug,1,Adware,test
425,com.demo,com.demo,1,Adware,validation
426,com.gzl.startluck,com.gzl.startluck,1,Adware,train
427,com.mobi.screensaver.iphonefzltf,com.mobi.screensaver.iphonefzltf,1,Adware,test
428,com.mobi.screensaver.tsj8,com.mobi.screensaver.tsj8,1,Adware,train
429,itaogame.imgapp27,itaogame.imgapp27,1,Adware,train
430,com.yanqing.xiaoshuo.wusuixuantian,com.yanqing.xiaoshuo.wusuixuantian,1,Adware,train
431,qq.skin.gr2xn,qq.skin.gr2xn,1,Adware,test
432,com.mobi.livewallpaper.dyasl6,com.mobi.livewallpaper.dyasl6,1,Adware,test
433,com.finker.wolfgirl,com.finker.wolfgirl,1,Adware,train
434,com.adwo.android.snake,com.adwo.android.snake,1,Adware,test
435,com.android.mmreader265,com.android.mmreader265,1,Adware,test
436,com.RunnerGames.game.Jesgtingche,com.RunnerGames.game.Jesgtingche,1,Adware,train
437,com.shirley.packages,com.shirley.packages,1,Adware,validation
438,com.wrr.yjcw,com.wrr.yjcw,1,Adware,train
439,com.android.mmreader878,com.android.mmreader878,1,Adware,train
440,com.wl.wyyx.sllsjwsskb,com.wl.wyyx.sllsjwsskb,1,Adware,validation
441,com.fengche.guihuijipaon.test,com.fengche.guihuijipaon.test,1,Adware,train
442,app.wb.ps.bz20121031001896,app.wb.ps.bz20121031001896,1,Adware,train
443,com.finker.girllivewallpaper,com.finker.girllivewallpaper,1,Adware,validation
444,com.zhangchao.wwwwwwweeeeee,com.zhangchao.wwwwwwweeeeee,1,Adware,test
445,com.ps.android.xiimg,com.ps.android.xiimg,1,Adware,validation
446,com.wei.and.third.chess.chall,com.wei.and.third.chess.chall,1,Adware,train
447,com.sj.dingw.gzong,com.sj.dingw.gzong,1,Adware,validation
448,com.ps.yams,com.ps.yams,1,Adware,test
449,com.sjsd.yisan.ttkphlxxgq,com.sjsd.yisan.ttkphlxxgq,1,Adware,train
450,com.meiguibizhi,com.meiguibizhi,1,Adware,train
451,com.android.mmreader142,com.android.mmreader142,1,Adware,train
452,com.android.mmreader1075,com.android.mmreader1075,1,Adware,train
453,com.shenghuo.yingerqi,com.shenghuo.yingerqi,1,Adware,test
454,com.qulordy.learn.mastervoa,com.qulordy.learn.mastervoa,1,Adware,test
455,cn.com.DDRSY.livewallpaper.molily,cn.com.DDRSY.livewallpaper.molily,1,Adware,test
456,com.livegame.android.shelves,com.livegame.android.shelves,1,Adware,test
457,com.android.mmreader713,com.android.mmreader713,1,Adware,test
458,com.ps.square,com.ps.square,1,Adware,validation
459,ps.wb.music20130819001560,ps.wb.music20130819001560,1,Adware,validation
460,com.zzz.xhzq,com.zzz.xhzq,1,Adware,train
461,movecont2.hrjenglish3,movecont2.hrjenglish3,1,Adware,test
462,com.wwcscug.bzzgxq,com.wwcscug.bzzgxq,1,Adware,validation
463,tud.nfnpelo.jedbrij,tud.nfnpelo.jedbrij,1,Adware,train
464,liuyaokun.game.jumpdino,liuyaokun.game.jumpdino,1,Adware,train
465,googleanzhi.morontest,googleanzhi.morontest,1,Adware,validation
466,com.android.lzy.ringcut,com.android.lzy.ringcut,1,Adware,train
467,com.gigi.walkietalkie,com.gigi.walkietalkie,1,Adware,test
468,com.mobi.livewallpaper.fzlzy2,com.mobi.livewallpaper.fzlzy2,1,Adware,train
469,cn.hongxiu.singlebook244185,cn.hongxiu.singlebook244185,1,Adware,test
470,com.android.mmreader281,com.android.mmreader281,1,Adware,validation
471,com.nkjmaeg,com.nkjmaeg,1,Adware,train
472,com.realarcade.sunteamworka,com.realarcade.sunteamworka,1,Adware,test
473,com.android.kmax.noisecheck,com.android.kmax.noisecheck,1,Adware,train
474,com.wallpaper.beatuygirl,com.wallpaper.beatuygirl,1,Adware,train
475,com.android.mmreader294,com.android.mmreader294,1,Adware,train
476,diantai.wangluo.cri.cn,diantai.wangluo.cri.cn,1,Adware,test
477,com.zhw.zb.ttkpaof,com.zhw.zb.ttkpaof,1,Adware,train
478,cn.zn.mymagic,cn.zn.mymagic,1,Adware,train
479,com.sma.trafficsaver,com.sma.trafficsaver,1,Adware,validation
480,com.chongwu.fruitLink,com.chongwu.fruitLink,1,Adware,train
481,exam.driver,exam.driver,1,Adware,train
482,com.senlan.fruitllk,com.senlan.fruitllk,1,Adware,train
483,cn.album.emi.ishikawa,cn.album.emi.ishikawa,1,Adware,train
484,com.alan.message,com.alan.message,1,Adware,train
485,com.nanoha.lockscreen,com.nanoha.lockscreen,1,Adware,train
486,com.android.mmreader659,com.android.mmreader659,1,Adware,train
487,com.wy.screensaver.aqgys1,com.wy.screensaver.aqgys1,1,Adware,test
488,com.qilesoft.en.pword4,com.qilesoft.en.pword4,1,Adware,train
489,cn.meinv.girl.zipai,cn.meinv.girl.zipai,1,Adware,validation
490,com.chenai.eyes,com.chenai.eyes,1,Adware,train
491,com.whzy.gps.search.name,com.whzy.gps.search.name,1,Adware,train
492,com.yunxun.jiaxiaotonga,com.yunxun.jiaxiaotonga,1,Adware,validation
493,com.minerhao.datou,com.minerhao.datou,1,Adware,test
494,com.androidemu.harvekuaida1,com.androidemu.harvekuaida1,1,Adware,train
495,com.leduo.signalup,com.leduo.signalup,1,Adware,validation
496,com.android.kmax.clothsize,com.android.kmax.clothsize,1,Adware,validation
497,googlems.nursekiss,googlems.nursekiss,1,Adware,train
498,com.UC.imusic,com.UC.imusic,1,Adware,train
499,org.jq.zmdr,org.jq.zmdr,1,Adware,validation
500,com.android.mmreader745,com.android.mmreader745,1,Adware,train
501,com.ps.kickmouse,com.ps.kickmouse,1,Adware,train
502,com.wb.olock20130808001468,com.wb.olock20130808001468,1,Adware,test
503,net.luoyi.livemhww,net.luoyi.livemhww,1,Adware,validation
504,com.wax.jcgj,com.wax.jcgj,1,Adware,test
505,com.eastapp.spiderman,com.eastapp.spiderman,1,Adware,train
506,com.livegame.wallpapershuizeguan,com.livegame.wallpapershuizeguan,1,Adware,train
507,com.rao.love.yy.zhajinhua,com.rao.love.yy.zhajinhua,1,Adware,train
508,com.myyuanfen.yfjs,com.myyuanfen.yfjs,1,Adware,validation
509,com.example.xiaochu,com.example.xiaochu,1,Adware,validation
510,com.android.mmreader1055,com.android.mmreader1055,1,Adware,train
511,ren.xiaoniaolianliankan09,ren.xiaoniaolianliankan09,1,Adware,train
512,com.feifei.game.plane,com.feifei.game.plane,1,Adware,train
513,com.android.mmreader54,com.android.mmreader54,1,Adware,train
514,com.android.mmreader588,com.android.mmreader588,1,Adware,validation
515,com.gp.netscramblefull,com.gp.netscramblefull,1,Adware,test
516,com.shylisr,com.shylisr,1,Adware,test
517,com.androidemu.harvemaoxiandao3.swnewnewnewsign,com.androidemu.harvemaoxiandao3.swnewnewnewsign,1,Adware,train
518,com.rechild.xtfvuhmokwaxrdvyhnikq,com.rechild.xtfvuhmokwaxrdvyhnikq,1,Adware,train
519,com.xhanhan,com.xhanhan,1,Adware,validation
520,com.han.livewallpapersb142,com.han.livewallpapersb142,1,Adware,test
521,googlems.arrow,googlems.arrow,1,Adware,train
522,com.wb.olock20130715001157,com.wb.olock20130715001157,1,Adware,train
523,vLUgc.UbUU.nqpTdCb,vLUgc.UbUU.nqpTdCb,1,Adware,train
524,com.wallpaperlive03.kik,com.wallpaperlive03.kik,1,Adware,validation
525,com.androidemu.harvechidou,com.androidemu.harvechidou,1,Adware,train
526,com.kangkang.sign,com.kangkang.sign,1,Adware,train
527,com.android.mmreader717,com.android.mmreader717,1,Adware,validation
528,com.rgbmobile.app.applock,com.rgbmobile.app.applock,1,Adware,test
529,com.TranslateOnline,com.TranslateOnline,1,Adware,test
530,show.bacektballl,show.bacektballl,1,Adware,train
531,com.ps.mine,com.ps.mine,1,Adware,test
532,com.elevenbitstudios.tuoafhkzvnqeyipsgjlcb,com.elevenbitstudios.tuoafhkzvnqeyipsgjlcb,1,Adware,train
533,com.fywork.elegant,com.fywork.elegant,1,Adware,train
534,wabao.ETAppLoc,wabao.ETAppLoc,1,Adware,train
535,com.zwlxiaoxiao.appzwlxiaoxiao,com.zwlxiaoxiao.appzwlxiaoxiao,1,Adware,train
536,com.qianxun.kankan,com.qianxun.kankan,1,Adware,test
537,siji.dancitong,siji.dancitong,1,Adware,train
538,com.example.mystopwatch,com.example.mystopwatch,1,Adware,train
539,com.windrey.AnimalLink,com.windrey.AnimalLink,1,Adware,validation
540,lzk.car.sric.android,lzk.car.sric.android,1,Adware,train
541,com.sostation.size,com.sostation.size,1,Adware,train
542,ww.nicholas.app.sajklqw,ww.nicholas.app.sajklqw,1,Adware,validation
543,xunleivip.com,xunleivip.com,1,Adware,train
544,dXcI.RteiL.Gwyo,dXcI.RteiL.Gwyo,1,Adware,validation
545,your.pack.namespace,your.pack.namespace,1,Adware,train
546,com.shirley.livewallpaper.puluowans,com.shirley.livewallpaper.puluowans,1,Adware,test
547,com.greensoft.pugys,com.greensoft.pugys,1,Adware,test
548,com.colorme.game.Presidentrafer,com.colorme.game.Presidentrafer,1,Adware,train
549,com.mobi.screensaver.llmy8,com.mobi.screensaver.llmy8,1,Adware,test
550,com.wangwei.tblianliankan,com.wangwei.tblianliankan,1,Adware,train
551,com.shirley.livewallpaper.shangmai,com.shirley.livewallpaper.shangmai,1,Adware,train
552,com.mobi.livewallpaper.fzl10,com.mobi.livewallpaper.fzl10,1,Adware,validation
553,com.signss.gps.search.name,com.signss.gps.search.name,1,Adware,train
554,com.gp.jewels,com.gp.jewels,1,Adware,train
555,com.weiliang.rhythm,com.weiliang.rhythm,1,Adware,train
556,com.doaspx.Happy,com.doaspx.Happy,1,Adware,test
557,com.android.mmreader586,com.android.mmreader586,1,Adware,train
558,com.android.apkmanager,com.android.apkmanager,1,Adware,validation
559,com.roamingsoft.manager,com.roamingsoft.manager,1,Adware,train
560,dangcidian.model,dangcidian.model,1,Adware,train
561,xw.hh.food02,xw.hh.food02,1,Adware,train
562,com.sllyj.rtglzz,com.sllyj.rtglzz,1,Adware,train
563,com.chenchel.A120404_camera2,com.chenchel.A120404_camera2,1,Adware,train
564,com.ps.kickfly,com.ps.kickfly,1,Adware,validation
565,com.livegame.wallpaperxuanlisecai,com.livegame.wallpaperxuanlisecai,1,Adware,train
566,com.eggplant.taskkiller,com.eggplant.taskkiller,1,Adware,validation
567,com.godtt.yisan.hlxxgqkpzs,com.godtt.yisan.hlxxgqkpzs,1,Adware,train
568,loading.javasamples,loading.javasamples,1,Adware,train
569,com.ps.square,com.ps.square,1,Adware,validation
570,com.mobi.livewallpaper.panda6,com.mobi.livewallpaper.panda6,1,Adware,train
571,com.cn.philzhu.www.ddz,com.cn.philzhu.www.ddz,1,Adware,train
572,com.wk.fc.activity,com.wk.fc.activity,1,Adware,train
573,com.sysapk.wifibooster,com.sysapk.wifibooster,1,Adware,train
574,com.eugm.sakdinchpdsel.tdegahuu.ggnop,com.eugm.sakdinchpdsel.tdegahuu.ggnop,1,Adware,test
575,com.rao.flyfish.shakeboobs,com.rao.flyfish.shakeboobs,1,Adware,train
576,googlems.madpullingtoiletpaper,googlems.madpullingtoiletpaper,1,Adware,train
577,com.likg.flash,com.likg.flash,1,Adware,validation
578,k.microcells.androidwallpaper,k.microcells.androidwallpaper,1,Adware,test
579,com.jame,com.jame,1,Adware,test
580,k.microcells.lotuswallpaper1,k.microcells.lotuswallpaper1,1,Adware,train
581,com.android.mmreader1189,com.android.mmreader1189,1,Adware,test
582,cn.hosy.simkawang,cn.hosy.simkawang,1,Adware,train
583,com.cn.baoyi.fairytale,com.cn.baoyi.fairytale,1,Adware,train
584,com.ponphy.appmanager,com.ponphy.appmanager,1,Adware,test
585,com.idiom.jp,com.idiom.jp,1,Adware,train
586,alvin.car.wallpaper3,alvin.car.wallpaper3,1,Adware,validation
587,com.android.LL.DesktopClock,com.android.LL.DesktopClock,1,Adware,train
588,org.waller.filemanager,org.waller.filemanager,1,Adware,test
589,com.shengdianxia.pushmy,com.shengdianxia.pushmy,1,Adware,test
590,com.mobi.screensaver.JDBH8,com.mobi.screensaver.JDBH8,1,Adware,train
591,app.wb.ps.bz20130122002586,app.wb.ps.bz20130122002586,1,Adware,train
592,com.android.LL.TimingShutdown,com.android.LL.TimingShutdown,1,Adware,validation
593,com.train.p00070,com.train.p00070,1,Adware,train
594,com.chenj01.enchdictionary,com.chenj01.enchdictionary,1,Adware,validation
595,com.feidou.flydoushoutui,com.feidou.flydoushoutui,1,Adware,train
596,com.gp.tiltmazes,com.gp.tiltmazes,1,Adware,test
597,org.xhj.rennipeng,org.xhj.rennipeng,1,Adware,train
598,com.android.mmreader720,com.android.mmreader720,1,Adware,validation
599,com.huahua.test,com.huahua.test,1,Adware,train
600,cn.hosy.simkawang,cn.hosy.simkawang,1,Adware,train
601,org.jq.zmdr,org.jq.zmdr,1,Adware,validation
602,com.zhangda.shiyue.er.shuiguorenzhe,com.zhangda.shiyue.er.shuiguorenzhe,1,Adware,test
603,net.datuzi,net.datuzi,1,Adware,train
604,com.shirley.pingtu.babypin1,com.shirley.pingtu.babypin1,1,Adware,train
605,com.znn.qqonline,com.znn.qqonline,1,Adware,test
606,com.android.mmreader1185,com.android.mmreader1185,1,Adware,train
607,com.androidemu.harvexueren,com.androidemu.harvexueren,1,Adware,train
608,org.jq.zmdr,org.jq.zmdr,1,Adware,validation
609,com.windrey.AnimalLink,com.windrey.AnimalLink,1,Adware,validation
610,com.MarksThinkTank.puenckfpuenckfp,com.MarksThinkTank.puenckfpuenckfp,1,Adware,test
611,com.yyb.huaerchuji,com.yyb.huaerchuji,1,Adware,test
612,org.jq.zmdr,org.jq.zmdr,1,Adware,validation
613,com.yyb.zhanzhengyuheping,com.yyb.zhanzhengyuheping,1,Adware,test
614,googleanzhi.summergames,googleanzhi.summergames,1,Adware,train
615,com.android.mmreader362,com.android.mmreader362,1,Adware,train
616,qq.skin.green,qq.skin.green,1,Adware,validation
617,com.call321.llk,com.call321.llk,1,Adware,train
618,com.ps.square,com.ps.square,1,Adware,validation
619,ps.wb.music20130509000344,ps.wb.music20130509000344,1,Adware,train
620,com.cn.jqj.myphone,com.cn.jqj.myphone,1,Adware,test
621,com.zzci.FlashLighter,com.zzci.FlashLighter,1,Adware,train
622,fl.activity,fl.activity,1,Adware,train
623,com.android.mmreader412,com.android.mmreader412,1,Adware,train
624,g.calculator.instax,g.calculator.instax,1,Adware,validation
625,com.mobi.screensaver.mqhanban10,com.mobi.screensaver.mqhanban10,1,Adware,train
626,com.cosina.game.activity,com.cosina.game.activity,1,Adware,train
627,cn.hiuming.killfly,cn.hiuming.killfly,1,Adware,train
628,com.linwinx.dailyword,com.linwinx.dailyword,1,Adware,train
629,com.mobi.hjfltA,com.mobi.hjfltA,1,Adware,validation
630,com.android.mmreader409,com.android.mmreader409,1,Adware,train
631,mobi.rhmkpvj.uhpjtk.spsvk,mobi.rhmkpvj.uhpjtk.spsvk,1,Adware,test
632,com.everdow,com.everdow,1,Adware,train
633,bps.search,bps.search,1,Adware,train
634,com.dobi.dgalley236,com.dobi.dgalley236,1,Adware,validation
635,com.dooqumobile.xinhua,com.dooqumobile.xinhua,1,Adware,train
636,com.fywork.Ajxbz,com.fywork.Ajxbz,1,Adware,validation
637,com.ps.pushbox,com.ps.pushbox,1,Adware,train
638,com.wanpu.shuijinddp,com.wanpu.shuijinddp,1,Adware,test
639,com.wwcscug.xiangqi,com.wwcscug.xiangqi,1,Adware,validation
640,ps.wb.music20131020001963,ps.wb.music20131020001963,1,Adware,train
641,com.core.android.carer,com.core.android.carer,1,Adware,test
642,itaogame.imgapp14,itaogame.imgapp14,1,Adware,train
643,com.han.zyxlcs1,com.han.zyxlcs1,1,Adware,validation
644,com.albert.rb.ccalender,com.albert.rb.ccalender,1,Adware,test
645,com.android.mmreader837,com.android.mmreader837,1,Adware,validation
646,com.androidbox.g9lwkdxfcnadm,com.androidbox.g9lwkdxfcnadm,1,Adware,train
647,com.hao.iphoneQ.client,com.hao.iphoneQ.client,1,Adware,train
648,com.ps.keepaccount,com.ps.keepaccount,1,Adware,train
649,cn.hongxiu.singlebook79504,cn.hongxiu.singlebook79504,1,Adware,train
650,com.aj.kjsx,com.aj.kjsx,1,Adware,train
651,com.virsir.android.atrain,com.virsir.android.atrain,1,Adware,train
652,com.greensoft.haoHanXingKong,com.greensoft.haoHanXingKong,1,Adware,test
653,com.knightli.book.jokebookseries.m1,com.knightli.book.jokebookseries.m1,1,Adware,train
654,com.wb.hlock20130925001808,com.wb.hlock20130925001808,1,Adware,validation
655,com.androidemu.harvemario,com.androidemu.harvemario,1,Adware,train
656,com.greensoft.qiLongZhu,com.greensoft.qiLongZhu,1,Adware,validation
657,com.hotty.fslshow,com.hotty.fslshow,1,Adware,train
658,com.zhuaz.pifuganz,com.zhuaz.pifuganz,1,Adware,validation
659,com.zzz.wnts,com.zzz.wnts,1,Adware,train
660,com.greensoft.qBanHuoYingRenWu,com.greensoft.qBanHuoYingRenWu,1,Adware,validation
661,info.rhmipkj.ihijtk.sptvs,info.rhmipkj.ihijtk.sptvs,1,Adware,test
662,ps.wb.music20130520000524,ps.wb.music20130520000524,1,Adware,train
663,com.windrey.AnimalLink,com.windrey.AnimalLink,1,Adware,validation
664,cn.com.lw.LSD_01_fox,cn.com.lw.LSD_01_fox,1,Adware,train
665,com.nckekeX.quwei.android,com.nckekeX.quwei.android,1,Adware,test
666,cn.hongxiu.singlebook254995,cn.hongxiu.singlebook254995,1,Adware,train
667,viva.reader5174,viva.reader5174,1,Adware,validation
668,cn.hongxiu.singlebook93686,cn.hongxiu.singlebook93686,1,Adware,test
669,com.tztl.tdtq.kbscrb,com.tztl.tdtq.kbscrb,1,Adware,train
670,show.magiciconk,show.magiciconk,1,Adware,test
671,com.gp.mahjongg,com.gp.mahjongg,1,Adware,validation
672,com.android.mmreader662,com.android.mmreader662,1,Adware,test
673,com.androidemu.harvesongshuzz.swnosign.sign,com.androidemu.harvesongshuzz.swnosign.sign,1,Adware,train
674,com.berrou.wweeeeeeerrrrrrrtt,com.berrou.wweeeeeeerrrrrrrtt,1,Adware,train
675,com.haily.accountrecorder,com.haily.accountrecorder,1,Adware,train
676,com.android.appfileexplorer,com.android.appfileexplorer,1,Adware,validation
677,com.mobi.screensaver.iphonexyc,com.mobi.screensaver.iphonexyc,1,Adware,validation
678,com.zhang.game.broken,com.zhang.game.broken,1,Adware,train
679,com.gamex.backup.think,com.gamex.backup.think,1,Adware,test
680,com.android.mmreader530,com.android.mmreader530,1,Adware,test
681,movecont2.chinafameporce,movecont2.chinafameporce,1,Adware,validation
682,com.shirley.livewallpaper.JIUZAIGOU,com.shirley.livewallpaper.JIUZAIGOU,1,Adware,validation
683,com.ljwan12.dadoudou,com.ljwan12.dadoudou,1,Adware,validation
684,com.cdjm.app.mahjong.core,com.cdjm.app.mahjong.core,1,Adware,validation
685,googleanzhi.kissmouth,googleanzhi.kissmouth,1,Adware,train
686,cn.hongxiu.singlebook330948,cn.hongxiu.singlebook330948,1,Adware,test
687,com.android.mmreader1063,com.android.mmreader1063,1,Adware,train
688,com.iwz.pm.hm,com.iwz.pm.hm,1,Adware,validation
689,com.mogo.chongwullk,com.mogo.chongwullk,1,Adware,train
690,com.mango.flashlight,com.mango.flashlight,1,Adware,train
691,com.scdqs.camera,com.scdqs.camera,1,Adware,train
692,cn.zj.one.hanhan.gaokaoa,cn.zj.one.hanhan.gaokaoa,1,Adware,test
693,sunkay.BookFanZuiXinLiXue,sunkay.BookFanZuiXinLiXue,1,Adware,train
694,com.roamingsoft.flickrdailyshow,com.roamingsoft.flickrdailyshow,1,Adware,validation
695,com.gemcot.lock,com.gemcot.lock,1,Adware,train
696,com.htcheng.jbook,com.htcheng.jbook,1,Adware,train
697,get.tel.info,get.tel.info,1,Adware,train
698,com.android.mmreader296,com.android.mmreader296,1,Adware,train
699,com.gp.search,com.gp.search,1,Adware,train
700,com.colorme.game.xiaoniaopaipaizhan,com.colorme.game.xiaoniaopaipaizhan,1,Adware,test
701,com.mobi.livewallpaper.lshy1,com.mobi.livewallpaper.lshy1,1,Adware,train
702,com.ktls.tonghuaweizao,com.ktls.tonghuaweizao,1,Adware,train
703,com.LZKapp.YEzhiliKF,com.LZKapp.YEzhiliKF,1,Adware,validation
704,com.morega.mgamread,com.morega.mgamread,1,Adware,validation
705,com.han.livewallpapersb127,com.han.livewallpapersb127,1,Adware,train
706,com.lolllk,com.lolllk,1,Adware,test
707,com.QPetsFighting.lymeandroid,com.QPetsFighting.lymeandroid,1,Adware,train
708,com.easy.battery.saver,com.easy.battery.saver,1,Adware,train
709,cc.android.game.bad.EECKVJSLKRJIEWRJSDKFJKSDJGFKSDJFKe,cc.android.game.bad.EECKVJSLKRJIEWRJSDKFJKSDJGFKSDJFKe,1,Adware,validation
710,com.guoli.mobilebook080,com.guoli.mobilebook080,1,Adware,test
711,your.tsayq.website,your.tsayq.website,1,Adware,validation
712,org.nmuop.fcbjde10823.animal,org.nmuop.fcbjde10823.animal,1,Adware,train
713,cn.nomnv.bcdbck12019.mobile,cn.nomnv.bcdbck12019.mobile,1,Adware,train
714,com.android.mmreader876,com.android.mmreader876,1,Adware,validation
715,ps.wb.mncbl20120220011128,ps.wb.mncbl20120220011128,1,Adware,test
716,com.qixin.wbalanceballp,com.qixin.wbalanceballp,1,Adware,train
717,com.douniwaner.qqlocation,com.douniwaner.qqlocation,1,Adware,train
718,googleanzhi.obamasolved,googleanzhi.obamasolved,1,Adware,train
719,com.androidemu.harvedianjing,com.androidemu.harvedianjing,1,Adware,train
720,com.fhkuuej.qeam,com.fhkuuej.qeam,1,Adware,train
721,com.yybergeanzhi.ruhutianyi,com.yybergeanzhi.ruhutianyi,1,Adware,train
722,com.ps.kickmouse,com.ps.kickmouse,1,Adware,train
723,com.esatrw.rewty,com.esatrw.rewty,1,Adware,train
724,com.android.mmreader1234,com.android.mmreader1234,1,Adware,validation
725,com.funnygames.manfart,com.funnygames.manfart,1,Adware,train
726,com.ADASiteMap,com.ADASiteMap,1,Adware,train
727,com.peter.hzbike,com.peter.hzbike,1,Adware,train
728,igudi.com.hanyu,igudi.com.hanyu,1,Adware,train
729,com.meimei.FaGeiLianRenDeDuanxinDaQuan,com.meimei.FaGeiLianRenDeDuanxinDaQuan,1,Adware,train
730,com.androidemu.harvemario.swnosigns,com.androidemu.harvemario.swnosigns,1,Adware,train
731,com.yyb.taigeer,com.yyb.taigeer,1,Adware,validation
732,com.ysong.sickfood,com.ysong.sickfood,1,Adware,train
733,cn.com.noort.bcddgi12257.model,cn.com.noort.bcddgi12257.model,1,Adware,train
734,org.snakemax.apps.compass,org.snakemax.apps.compass,1,Adware,train
735,com.fywork.lomo,com.fywork.lomo,1,Adware,test
736,com.shere.livewallpapersb168,com.shere.livewallpapersb168,1,Adware,train
737,little.intercept,little.intercept,1,Adware,train
738,com.forace.ZyQmSSQ,com.forace.ZyQmSSQ,1,Adware,train
739,com.example.cebianlan,com.example.cebianlan,1,Adware,test
740,infire.legcn.ashely,infire.legcn.ashely,1,Adware,train
741,shipinbaoku.video.android_apk,shipinbaoku.video.android_apk,1,Adware,train
742,cn.hongxiu.singlebook79338,cn.hongxiu.singlebook79338,1,Adware,validation
743,com.ryan.xgn,com.ryan.xgn,1,Adware,test
744,com.android.mmreader711,com.android.mmreader711,1,Adware,train
745,com.chenghaicys.FiveZi,com.chenghaicys.FiveZi,1,Adware,validation
746,com.sun.tuozhan.guoxue.lunyu,com.sun.tuozhan.guoxue.lunyu,1,Adware,train
747,com.android.mmreader36,com.android.mmreader36,1,Adware,train
748,com.yyb.piao,com.yyb.piao,1,Adware,train
749,com.dale.signature,com.dale.signature,1,Adware,train
750,com.han.hxw1,com.han.hxw1,1,Adware,train
751,com.nemustechs.signss,com.nemustechs.signss,1,Adware,test
752,com.ps.llk,com.ps.llk,1,Adware,validation
753,com.liuwei.babysongClub,com.liuwei.babysongClub,1,Adware,validation
754,com.colorme.game.gaoguaipengpengqiu,com.colorme.game.gaoguaipengpengqiu,1,Adware,test
755,com.nfbazi.LiuyaoDuangua,com.nfbazi.LiuyaoDuangua,1,Adware,train
756,com.app.hero.ui.lenovo,com.app.hero.ui.lenovo,1,Adware,train
757,com.dianwe.joke,com.dianwe.joke,1,Adware,train
758,com.km.installer,com.km.installer,1,Adware,train
759,oms.mmc.fortunetelling.fengshui,oms.mmc.fortunetelling.fengshui,1,Adware,validation
760,com.android.mmreader666,com.android.mmreader666,1,Adware,test
761,com.dobi.dgalley256,com.dobi.dgalley256,1,Adware,train
762,movecont2.musicsleep,movecont2.musicsleep,1,Adware,validation
763,com.android.zj,com.android.zj,1,Adware,train
764,com.txtdzs.andqiaobusijiceodebixiuke_pingguodezhexue,com.txtdzs.andqiaobusijiceodebixiuke_pingguodezhexue,1,Adware,test
765,com.android.mmreader47,com.android.mmreader47,1,Adware,validation
766,com.gamex.box2d.wann,com.gamex.box2d.wann,1,Adware,validation
767,ps.wb.csppxx.lock20120510000470,ps.wb.csppxx.lock20120510000470,1,Adware,validation
768,com.android.mmreader2182,com.android.mmreader2182,1,Adware,train
769,com.kait.yuanqu300,com.kait.yuanqu300,1,Adware,train
770,com.demon.xiaohua.app.view,com.demon.xiaohua.app.view,1,Adware,train
771,googleanzhi.cshalf,googleanzhi.cshalf,1,Adware,train
772,cn.com.xiaol.livewallpaper.jpqcmn,cn.com.xiaol.livewallpaper.jpqcmn,1,Adware,train
773,zsj.android.systemappremover,zsj.android.systemappremover,1,Adware,train
774,game.ps.an.mncbl2,game.ps.an.mncbl2,1,Adware,test
775,com.doaspx.Happy,com.doaspx.Happy,1,Adware,test
777,com.pcodenote.pic,com.pcodenote.pic,1,Adware,train
778,com.ccy.android.missedcallshow,com.ccy.android.missedcallshow,1,Adware,train
779,com.ps.opensudoku,com.ps.opensudoku,1,Adware,train
780,com.android.mmreader562,com.android.mmreader562,1,Adware,test
781,com.android.mmreader550,com.android.mmreader550,1,Adware,train
782,com.dddspice,com.dddspice,1,Adware,train
783,k.microcells.stars,k.microcells.stars,1,Adware,train
784,com.mogoair.hostshelper,com.mogoair.hostshelper,1,Adware,train
785,com.azfrgame.ijielongga,com.azfrgame.ijielongga,1,Adware,train
786,com.jbb.dawdlermenu,com.jbb.dawdlermenu,1,Adware,train
787,game.androng.andmj,game.androng.andmj,1,Adware,train
788,com.android.mmreader1065,com.android.mmreader1065,1,Adware,train
789,com.android.mmreader486,com.android.mmreader486,1,Adware,train
790,com.icecoldapps.ushxnridjxmrodkcqtofk,com.icecoldapps.ushxnridjxmrodkcqtofk,1,Adware,train
791,com.voice360.main,com.voice360.main,1,Adware,train
792,com.tian.wmaryp,com.tian.wmaryp,1,Adware,train
793,com.android.mmreader540,com.android.mmreader540,1,Adware,train
794,com.zz.wfllzs,com.zz.wfllzs,1,Adware,test
795,com.leo.kang.cetsix,com.leo.kang.cetsix,1,Adware,train
796,im.xingzheluo,im.xingzheluo,1,Adware,train
797,com.shouxiang.android,com.shouxiang.android,1,Adware,train
798,com.hengtalk.jelly.pop.cn,com.hengtalk.jelly.pop.cn,1,Adware,test
799,com.android.mmreader259,com.android.mmreader259,1,Adware,train
800,movecont4.music_beishang,movecont4.music_beishang,1,Adware,train
801,org.openintents.filemanagan,org.openintents.filemanagan,1,Adware,train
802,googleanzhi.runawaymotorcycle,googleanzhi.runawaymotorcycle,1,Adware,validation
803,cn.lgx.jiaotongdahang,cn.lgx.jiaotongdahang,1,Adware,train
804,com.ps.pintu.view,com.ps.pintu.view,1,Adware,train
805,com.wl.wyyx.ttkpsjbwg,com.wl.wyyx.ttkpsjbwg,1,Adware,train
806,com.LZKapp.jianfei,com.LZKapp.jianfei,1,Adware,train
807,com.xinaizhishi.android,com.xinaizhishi.android,1,Adware,validation
808,com.fancyy.compass,com.fancyy.compass,1,Adware,train
809,com.android.mmreader712,com.android.mmreader712,1,Adware,train
810,com.bb.abxingxdmimi.test,com.bb.abxingxdmimi.test,1,Adware,train
811,com.windrey.penguin,com.windrey.penguin,1,Adware,test
812,com.ifreesoft.ifreeautomode,com.ifreesoft.ifreeautomode,1,Adware,train
813,bubei.tingshu,bubei.tingshu,1,Adware,train
814,com.strongtech.yaoqianshu3,com.strongtech.yaoqianshu3,1,Adware,train
815,com.android.mmreader681,com.android.mmreader681,1,Adware,validation
816,com.ps.ddp,com.ps.ddp,1,Adware,test
817,net.wrzhi.hengtyuese1,net.wrzhi.hengtyuese1,1,Adware,validation
818,com.androidemu.harvehdlshuishang,com.androidemu.harvehdlshuishang,1,Adware,test
819,com.jeanth.android.apps.lock,com.jeanth.android.apps.lock,1,Adware,validation
820,com.nntov.fccidk11729.animal,com.nntov.fccidk11729.animal,1,Adware,validation
821,com.livegame.wallpapermingche,com.livegame.wallpapermingche,1,Adware,train
822,com.hummingbird.cet46,com.hummingbird.cet46,1,Adware,train
823,com.ps.square,com.ps.square,1,Adware,validation
824,com.gp.netscramblefull,com.gp.netscramblefull,1,Adware,test
825,com.android.app.ewqdsa,com.android.app.ewqdsa,1,Adware,train
826,com.colorme.game.RedMenaceb1,com.colorme.game.RedMenaceb1,1,Adware,train
827,com.android.mmreader285,com.android.mmreader285,1,Adware,train
828,com.kait.twister,com.kait.twister,1,Adware,train
829,com.or.jsy.kittymemohvc,com.or.jsy.kittymemohvc,1,Adware,test
830,com.gp.netscramblefull,com.gp.netscramblefull,1,Adware,test
831,com.yfan.message,com.yfan.message,1,Adware,train
832,hcursor.huanziti,hcursor.huanziti,1,Adware,test
833,com.android.mmreader292,com.android.mmreader292,1,Adware,train
834,com.droidsail.dsapp2sd,com.droidsail.dsapp2sd,1,Adware,validation
835,com.simple.music,com.simple.music,1,Adware,train
836,com.kait.stockbase,com.kait.stockbase,1,Adware,train
837,com.ssq.P00010,com.ssq.P00010,1,Adware,train
838,xinhaojianche.android,xinhaojianche.android,1,Adware,train
839,com.guangyingtiandibizhi_gfan_z2,com.guangyingtiandibizhi_gfan_z2,1,Adware,validation
840,com.wlan.calllogmaster.free,com.wlan.calllogmaster.free,1,Adware,train
841,com.xl.book5,com.xl.book5,1,Adware,train
842,com.android.mmreader860,com.android.mmreader860,1,Adware,train
843,com.ss.cosina.game.kickkick,com.ss.cosina.game.kickkick,1,Adware,validation
844,com.androidemu.harvemaoxiandao3,com.androidemu.harvemaoxiandao3,1,Adware,test
845,guanyin.x,guanyin.x,1,Adware,train
846,com.pingshu.duxinshentan,com.pingshu.duxinshentan,1,Adware,train
847,omg.micode.notes,omg.micode.notes,1,Adware,train
848,com.leduoworks.game.colorbrick,com.leduoworks.game.colorbrick,1,Adware,train
849,oms.mmc.independent.ad.qqlove,oms.mmc.independent.ad.qqlove,1,Adware,validation
850,com.rangfei.invisibility,com.rangfei.invisibility,1,Adware,validation
851,bubei.tingshu,bubei.tingshu,1,Adware,train
852,com.xbwx,com.xbwx,1,Adware,train
853,com.sinosoft.compass,com.sinosoft.compass,1,Adware,test
854,com.androidemu.kqsgzyjzjhb,com.androidemu.kqsgzyjzjhb,1,Adware,train
855,com.hanwei.voice.clock,com.hanwei.voice.clock,1,Adware,train
856,com.dobi.dgalley287,com.dobi.dgalley287,1,Adware,validation
857,com.android.mmreader668,com.android.mmreader668,1,Adware,validation
858,com.king.batterytest,com.king.batterytest,1,Adware,train
859,com.mobileuncle.qxgiwcg,com.mobileuncle.qxgiwcg,1,Adware,train
860,com.androidemu.harvemario,com.androidemu.harvemario,1,Adware,train
861,com.yyb.yuanfen,com.yyb.yuanfen,1,Adware,validation
862,googleanzhi.birdstorms,googleanzhi.birdstorms,1,Adware,train
863,com.android.mmreader801,com.android.mmreader801,1,Adware,train
864,com.zmm.gaodian,com.zmm.gaodian,1,Adware,train
865,com.mogo.guoshullk,com.mogo.guoshullk,1,Adware,validation
866,com.sjjdj.fdianymnqnb.activity,com.sjjdj.fdianymnqnb.activity,1,Adware,test
867,com.sakura.livewallpaper,com.sakura.livewallpaper,1,Adware,train
868,com.cosina.game.activity,com.cosina.game.activity,1,Adware,train
869,com.roamingsoft.manager,com.roamingsoft.manager,1,Adware,train
870,com.adwo.android.games.mine,com.adwo.android.games.mine,1,Adware,validation
871,sunkay.BookBixuejian,sunkay.BookBixuejian,1,Adware,validation
872,com.smallw.sgllk,com.smallw.sgllk,1,Adware,train
873,com.gzlapp.newrule,com.gzlapp.newrule,1,Adware,train
874,com.colorme.game.kaoladaishu,com.colorme.game.kaoladaishu,1,Adware,validation
875,com.greensoft.chaoMengChuangYi,com.greensoft.chaoMengChuangYi,1,Adware,train
876,com.mobi.screensaver.xczmiphone3,com.mobi.screensaver.xczmiphone3,1,Adware,test
877,com.gp.netscramblefull,com.gp.netscramblefull,1,Adware,test
878,com.greensoft.whlGaoQingSheYing,com.greensoft.whlGaoQingSheYing,1,Adware,validation
879,com.greensoft.chaoRenBiBei,com.greensoft.chaoRenBiBei,1,Adware,train
880,girl.ggg.rrr,girl.ggg.rrr,1,Adware,test
881,com.gp.monolith,com.gp.monolith,1,Adware,train
882,com.northpark.beautyphoto,com.northpark.beautyphoto,1,Adware,test
883,com.greensoft.llyjw,com.greensoft.llyjw,1,Adware,train
884,com.androidemu.harvemaoxiandao4,com.androidemu.harvemaoxiandao4,1,Adware,validation
885,com.net.studyplayer.chinese,com.net.studyplayer.chinese,1,Adware,train
886,com.colorme.game.xingxingdeweizhi,com.colorme.game.xingxingdeweizhi,1,Adware,train
887,cn.nimeizhuomian.iionhdsfug,cn.nimeizhuomian.iionhdsfug,1,Adware,test
888,com.azyouxi.saimadaheng1009,com.azyouxi.saimadaheng1009,1,Adware,validation
889,gzg.fruit.sric.android,gzg.fruit.sric.android,1,Adware,train
890,com.alan.translate,com.alan.translate,1,Adware,train
891,com.youthfulyoung.controller,com.youthfulyoung.controller,1,Adware,test
892,com.android.mmreader421,com.android.mmreader421,1,Adware,test
893,com.yangwen.cgamcs.xbwtoshlcm,com.yangwen.cgamcs.xbwtoshlcm,1,Adware,test
894,com.android.apkmanager,com.android.apkmanager,1,Adware,validation
895,com.kait.tendrops,com.kait.tendrops,1,Adware,train
896,com.anzhuor.com,com.anzhuor.com,1,Adware,validation
897,com.cn.baoyi.Guodegang,com.cn.baoyi.Guodegang,1,Adware,train
898,info.ouptn.bdjeic28371.egg91,info.ouptn.bdjeic28371.egg91,1,Adware,test
899,com.han.yfcs1,com.han.yfcs1,1,Adware,train
900,com.hojy.ulykrjegqfm,com.hojy.ulykrjegqfm,1,Adware,train
901,com.anzhi14030508.yizu,com.anzhi14030508.yizu,1,Adware,validation
902,ps.wb.csppxx.lock20130415003182,ps.wb.csppxx.lock20130415003182,1,Adware,train
903,com.ps.blackwhite,com.ps.blackwhite,1,Adware,train
904,com.wb.hlock20130507000319,com.wb.hlock20130507000319,1,Adware,train
905,com.kandian.krtvapp,com.kandian.krtvapp,1,Adware,train
906,com.GTstudio.GoogleTranslator,com.GTstudio.GoogleTranslator,1,Adware,train
907,com.colorme.game.dongtaigaonanduzhaocha,com.colorme.game.dongtaigaonanduzhaocha,1,Adware,train
908,com.nanoha.SenseScreen,com.nanoha.SenseScreen,1,Adware,train
909,com.yyb.jidushan,com.yyb.jidushan,1,Adware,train
910,com.qukijp.cdptra,com.qukijp.cdptra,1,Adware,validation
911,dhn.skhcnclnvcaskhd.cvst,dhn.skhcnclnvcaskhd.cvst,1,Adware,validation
912,com.colorme.game.sdlrt,com.colorme.game.sdlrt,1,Adware,validation
913,shouyou.xiaomie.zhuap,shouyou.xiaomie.zhuap,1,Adware,train
914,com.android.mmreader565,com.android.mmreader565,1,Adware,validation
915,org.nnvsp.bcckhe11963.model,org.nnvsp.bcckhe11963.model,1,Adware,train
916,com.colorme.game.diaochedachaichu,com.colorme.game.diaochedachaichu,1,Adware,train
917,com.xinxuetang.ebook.GWYKSTJJ7418,com.xinxuetang.ebook.GWYKSTJJ7418,1,Adware,test
918,com.moneng.menu,com.moneng.menu,1,Adware,validation
919,com.nanoha.MyLockScreen,com.nanoha.MyLockScreen,1,Adware,train
920,com.ps.kickmouse,com.ps.kickmouse,1,Adware,train
921,com.danielkao.autoscreenonoff,com.danielkao.autoscreenonoff,1,Adware,validation
922,com.hentica.app.sentence.college,com.hentica.app.sentence.college,1,Adware,train
923,com.android.mmreader1060,com.android.mmreader1060,1,Adware,validation
924,com.vdcam.zsmv,com.vdcam.zsmv,1,Adware,train
925,com.mogo.gongfupuzzle,com.mogo.gongfupuzzle,1,Adware,validation
926,com.panfang.book,com.panfang.book,1,Adware,train
927,com.ps.pintu.view,com.ps.pintu.view,1,Adware,train
928,googleanzhi.tensecondsmines,googleanzhi.tensecondsmines,1,Adware,validation
929,com.android.mmreader578,com.android.mmreader578,1,Adware,validation
930,com.enhua.gjj.activity,com.enhua.gjj.activity,1,Adware,test
931,com.weiwin.jok,com.weiwin.jok,1,Adware,train
932,bubei.tingshu,bubei.tingshu,1,Adware,train
933,com.kait.txtreader,com.kait.txtreader,1,Adware,train
934,com.livegame.wallpaperribennvyou,com.livegame.wallpaperribennvyou,1,Adware,train
935,com.gp.netscramblefull,com.gp.netscramblefull,1,Adware,test
936,com.panfang.book,com.panfang.book,1,Adware,train
937,com.colorme.game.zhaochutaoyangui,com.colorme.game.zhaochutaoyangui,1,Adware,train
938,com.yybergeother.zhishiyi,com.yybergeother.zhishiyi,1,Adware,train
939,com.wy.dsshelper,com.wy.dsshelper,1,Adware,validation
940,com.xianzhisoft10010.com,com.xianzhisoft10010.com,1,Adware,train
941,com.SibylDiary,com.SibylDiary,1,Adware,train
942,com.ps.kickmouse,com.ps.kickmouse,1,Adware,train
943,jizhangabcd.keepaccount,jizhangabcd.keepaccount,1,Adware,train
944,com.android.mmreader385,com.android.mmreader385,1,Adware,test
945,com.hai.a8508nku,com.hai.a8508nku,1,Adware,train
946,ren.zhetian,ren.zhetian,1,Adware,train
947,dh.ControlPad.main,dh.ControlPad.main,1,Adware,train
948,com.fuwenpan.weather,com.fuwenpan.weather,1,Adware,train
949,googlems.pointhim,googlems.pointhim,1,Adware,train
950,com.greensoft.chaoMengXiaoYaZi,com.greensoft.chaoMengXiaoYaZi,1,Adware,train
951,com.aijifen,com.aijifen,1,Adware,train
952,spykun.game.five,spykun.game.five,1,Adware,train
953,com.dobi.incessant466,com.dobi.incessant466,1,Adware,train
954,kay.cosina.game.kickkick,kay.cosina.game.kickkick,1,Adware,train
955,com.gp.tiltmazes,com.gp.tiltmazes,1,Adware,test
956,igudi.com.ergesz,igudi.com.ergesz,1,Adware,train
957,com.qilesoft.en.new02,com.qilesoft.en.new02,1,Adware,train
958,com.jiasoft.swreader,com.jiasoft.swreader,1,Adware,train
959,com.android.mmreader874,com.android.mmreader874,1,Adware,train
960,com.yyb.gongzhuriji,com.yyb.gongzhuriji,1,Adware,train
961,com.ps.pintu.view,com.ps.pintu.view,1,Adware,train
962,gzg.android.jewels,gzg.android.jewels,1,Adware,train
963,com.mobi.livewallpaper.addtxj6,com.mobi.livewallpaper.addtxj6,1,Adware,train
964,com.android.office.guan,com.android.office.guan,1,Adware,test
965,com.dobi.incessant469,com.dobi.incessant469,1,Adware,train
966,com.greensoft.jianDanShengHuo,com.greensoft.jianDanShengHuo,1,Adware,train
967,com.gamex.upset,com.gamex.upset,1,Adware,test
968,,__missing_package_row_968,1,Adware,train
969,com.android.mmreader790,com.android.mmreader790,1,Adware,validation
970,com.lmobileapp.taskmanager,com.lmobileapp.taskmanager,1,Adware,train
971,org.jq.zmdr,org.jq.zmdr,1,Adware,validation
972,com.daaa.dsgfer,com.daaa.dsgfer,1,Adware,train
973,com.shere.assistivetouch.holo,com.shere.assistivetouch.holo,1,Adware,train
974,com.tools.iphonecompass,com.tools.iphonecompass,1,Adware,validation
975,com.ss2.zzci.light,com.ss2.zzci.light,1,Adware,validation
976,com.mobi.screensaver.hxph,com.mobi.screensaver.hxph,1,Adware,train
977,com.gp.mahjongg,com.gp.mahjongg,1,Adware,validation
978,com.android.qiushui.app.health,com.android.qiushui.app.health,1,Adware,validation
979,com.ps.kickfly,com.ps.kickfly,1,Adware,validation
980,com.android.mmreader383,com.android.mmreader383,1,Adware,validation
981,com.darenzhuan.android,com.darenzhuan.android,1,Adware,train
982,org.jq.zmdr,org.jq.zmdr,1,Adware,validation
983,org.norvo.bcdgkd12592.activity,org.norvo.bcdgkd12592.activity,1,Adware,validation
984,com.na.ts,com.na.ts,1,Adware,validation
985,com.palmdream.sudoku,com.palmdream.sudoku,1,Adware,train
986,android.apk357.novel.heidaofengyunershinian,android.apk357.novel.heidaofengyunershinian,1,Adware,test
987,com.sostation.dmv,com.sostation.dmv,1,Adware,train
988,com.mmAlarm.activity,com.mmAlarm.activity,1,Adware,train
989,com.gtja.dzhlgt,com.gtja.dzhlgt,1,Adware,train
990,com.ps.pushbox,com.ps.pushbox,1,Adware,train
991,,__missing_package_row_991,1,Adware,train
992,com.android.mmreader354,com.android.mmreader354,1,Adware,validation
993,com.gp.solitaire,com.gp.solitaire,1,Adware,train
994,cn.com.lw.LS_02_apple,cn.com.lw.LS_02_apple,1,Adware,train
995,com.greensoft.zqqlpD,com.greensoft.zqqlpD,1,Adware,train
996,com.xianzhisoft.signsi,com.xianzhisoft.signsi,1,Adware,train
997,com.mx.mxdsharde,com.mx.mxdsharde,1,Adware,test
998,com.topnet999.android.sketchzduoduoy,com.topnet999.android.sketchzduoduoy,1,Adware,train
999,com.ada.adamusice,com.ada.adamusice,1,Adware,train
1000,cn.com.notor.bcdidg12725.model,cn.com.notor.bcdidg12725.model,1,Adware,validation
1001,mya.vnc,mya.vnc,1,Adware,train
1002,com.pdragon.weshare,com.pdragon.weshare,1,Adware,train
1003,googlems.summergames,googlems.summergames,1,Adware,test
1004,com.gongjin.cradio,com.gongjin.cradio,1,Adware,train
1005,com.moru.chenj01,com.moru.chenj01,1,Adware,test
1006,googleanzhi.lovekiss,googleanzhi.lovekiss,1,Adware,test
1007,com.mobi.livewallpaper.zgfcj2,com.mobi.livewallpaper.zgfcj2,1,Adware,validation
1008,com.example.mynote,com.example.mynote,1,Adware,train
1009,com.recoverjp.cf,com.recoverjp.cf,1,Adware,validation
1010,com.han.swrlcx1,com.han.swrlcx1,1,Adware,train
1011,com.lovexy.songshuLX,com.lovexy.songshuLX,1,Adware,train
1012,com.livegame.wallpapertoumingyd,com.livegame.wallpapertoumingyd,1,Adware,test
1013,com.mobi.screensaver.fsalmd2,com.mobi.screensaver.fsalmd2,1,Adware,validation
1014,info.rnmnpvj.jhnjtk.tprvh,info.rnmnpvj.jhnjtk.tprvh,1,Adware,train
1015,SD.FloatView,SD.FloatView,1,Adware,validation
1016,ps.wb.music20130514000421,ps.wb.music20130514000421,1,Adware,train
1017,com.colorme.game.stllk,com.colorme.game.stllk,1,Adware,train
1018,com.han.kcy60,com.han.kcy60,1,Adware,train
1019,com.android.mmreader692,com.android.mmreader692,1,Adware,train
1020,musafaey.guandeng.sric.android,musafaey.guandeng.sric.android,1,Adware,train
1021,com.ps.pushbox,com.ps.pushbox,1,Adware,train
1022,com.kait.smsSet,com.kait.smsSet,1,Adware,validation
1023,com.android.mmreader102,com.android.mmreader102,1,Adware,train
1024,com.zwldanji.appzwldanji,com.zwldanji.appzwldanji,1,Adware,test
1025,com.android.mmreader744,com.android.mmreader744,1,Adware,train
1026,com.qiangfeng.freecell.ads,com.qiangfeng.freecell.ads,1,Adware,train
1027,com.android.mmreader231,com.android.mmreader231,1,Adware,train
1028,com.android.mmreader168,com.android.mmreader168,1,Adware,test
1029,com.ps.keepaccount,com.ps.keepaccount,1,Adware,train
1030,com.android.mmreader195,com.android.mmreader195,1,Adware,train
1031,com.rmlamqutg.gf,com.rmlamqutg.gf,1,Adware,train
1032,com.peter,com.peter,1,Adware,test
1033,com.android.kill.childmath,com.android.kill.childmath,1,Adware,test
1034,com.iym.baygushi,com.iym.baygushi,1,Adware,train
1035,com.rainbow.GirlDizid,com.rainbow.GirlDizid,1,Adware,train
1036,pozlcn.n.xpmxdqtxg,pozlcn.n.xpmxdqtxg,1,Adware,validation
1037,org.lovexy.gobang.activity,org.lovexy.gobang.activity,1,Adware,validation
1038,com.android.mmreader286,com.android.mmreader286,1,Adware,test
1039,com.liuwei.androidleyuan,com.liuwei.androidleyuan,1,Adware,train
1040,sunkay.BookYuanyangdao,sunkay.BookYuanyangdao,1,Adware,train
1041,com.android.mmreader1190,com.android.mmreader1190,1,Adware,train
1042,goodmanenty.girl.sric.android,goodmanenty.girl.sric.android,1,Adware,validation
1043,com.hyl.alarm,com.hyl.alarm,1,Adware,train
1044,com.qerwsoft.uglyface,com.qerwsoft.uglyface,1,Adware,train
1045,com.mogo.threesameline,com.mogo.threesameline,1,Adware,train
1046,com.wb.olock20130923001788,com.wb.olock20130923001788,1,Adware,test
1047,com.min.infzm,com.min.infzm,1,Adware,validation
1048,com.wb.olock20130925001815,com.wb.olock20130925001815,1,Adware,train
1049,com.rp.screensaver.yzcw2,com.rp.screensaver.yzcw2,1,Adware,train
1050,com.colorme.game.xiaohouzhaiyangmei,com.colorme.game.xiaohouzhaiyangmei,1,Adware,train
1051,com.ghs.jytjer,com.ghs.jytjer,1,Adware,train
1052,cn.xiaoxiao21dianabcd.android,cn.xiaoxiao21dianabcd.android,1,Adware,test
1053,com.bobbar.joke,com.bobbar.joke,1,Adware,train
1054,dianjin.agame.yonghengzt.waimaipisai,dianjin.agame.yonghengzt.waimaipisai,1,Adware,test
1055,com.speed.player.seemovie.coco,com.speed.player.seemovie.coco,1,Adware,train
1056,com.hrx.baby,com.hrx.baby,1,Adware,train
1057,googleanzhi.runawaymotorcycle,googleanzhi.runawaymotorcycle,1,Adware,validation
1058,trip.fl,trip.fl,1,Adware,test
1059,com.feidou.flydoushoutui,com.feidou.flydoushoutui,1,Adware,train
1060,com.exme.baby.qimeng,com.exme.baby.qimeng,1,Adware,train
1061,sunkay.AndroidApp5,sunkay.AndroidApp5,1,Adware,train
1062,com.dream,com.dream,1,Adware,train
1063,com.ss.cosina.game.kickkick,com.ss.cosina.game.kickkick,1,Adware,validation
1064,com.wildbits.paperzombie,com.wildbits.paperzombie,1,Adware,train
1065,com.hentica.app.repeater,com.hentica.app.repeater,1,Adware,validation
1066,com.AppssppA.iMsgboom,com.AppssppA.iMsgboom,1,Adware,test
1067,org.nosvp.bcdhke12693.model,org.nosvp.bcdhke12693.model,1,Adware,train
1068,com.xiangqiao.medicineactivitys,com.xiangqiao.medicineactivitys,1,Adware,train
1069,com.ruavjvivrtbuspsnihgvfjhnfr,com.ruavjvivrtbuspsnihgvfjhnfr,1,Adware,test
1070,com.mobi.screensaver.fbbxz,com.mobi.screensaver.fbbxz,1,Adware,train
1071,com.greensoft.ttdxbX,com.greensoft.ttdxbX,1,Adware,validation
1072,net.qianyue.book.nky,net.qianyue.book.nky,1,Adware,train
1073,com.insthub.backupixh,com.insthub.backupixh,1,Adware,train
1074,ps.wb.music20130419003286,ps.wb.music20130419003286,1,Adware,test
1075,com.nckekeX.pedometer,com.nckekeX.pedometer,1,Adware,validation
1076,googlems.potatopeelergame,googlems.potatopeelergame,1,Adware,test
1077,com.triangle.gangqin2siqi,com.triangle.gangqin2siqi,1,Adware,test
1078,com.seasmind.android.gmtaskillerwidget,com.seasmind.android.gmtaskillerwidget,1,Adware,validation
1079,com.wimolife.StarFace,com.wimolife.StarFace,1,Adware,train
1080,com.android.mmreader418,com.android.mmreader418,1,Adware,train
1081,oms.mmc.fortunetelling.fengshui.ninecity,oms.mmc.fortunetelling.fengshui.ninecity,1,Adware,test
1082,com.ps.kickmouse,com.ps.kickmouse,1,Adware,train
1083,com.ccz.emeishan,com.ccz.emeishan,1,Adware,test
1084,android.itcyp.coffee.studyen.activity,android.itcyp.coffee.studyen.activity,1,Adware,train
1085,com.philzhu.www.ddz,com.philzhu.www.ddz,1,Adware,train
1086,com.colorme.game.zhaobieniuqq,com.colorme.game.zhaobieniuqq,1,Adware,validation
1087,cn.yqzq.zqb,cn.yqzq.zqb,1,Adware,train
1088,com.dodyan.livetvd,com.dodyan.livetvd,1,Adware,validation
1089,com.gp.tiltmazes,com.gp.tiltmazes,1,Adware,test
1090,com.example.slidingpai,com.example.slidingpai,1,Adware,train
1091,sh.dms,sh.dms,1,Adware,train
1092,com.qixin.ytujumpp,com.qixin.ytujumpp,1,Adware,train
1093,com.symapp.clock,com.symapp.clock,1,Adware,validation
1094,com.scientists.signs,com.scientists.signs,1,Adware,train
1095,ren.baoshi,ren.baoshi,1,Adware,train
1096,com.evilsunflower.reader.evilGongxin,com.evilsunflower.reader.evilGongxin,1,Adware,train
1097,com.android.mmreader611,com.android.mmreader611,1,Adware,train
1098,com.learn.english.by213.ui,com.learn.english.by213.ui,1,Adware,train
1099,com.mogo.smspopup,com.mogo.smspopup,1,Adware,train
1100,k.microcells.footballwallpaper,k.microcells.footballwallpaper,1,Adware,test
1101,com.qizhigirl.wallpaper,com.qizhigirl.wallpaper,1,Adware,test
1102,com.qianmingdshi.zhenrenqian,com.qianmingdshi.zhenrenqian,1,Adware,validation
1103,com.gps,com.gps,1,Adware,train
1104,com.ps.keepaccount,com.ps.keepaccount,1,Adware,train
1105,com.YouCheng.TangShi,com.YouCheng.TangShi,1,Adware,test
1106,x.jtozxvr.jmnwtce,x.jtozxvr.jmnwtce,1,Adware,train
1107,zs.iss.sric.android,zs.iss.sric.android,1,Adware,train
1108,com.guo.filedialog,com.guo.filedialog,1,Adware,validation
1109,com.mogo.bequick,com.mogo.bequick,1,Adware,test
1110,com.lptycuh,com.lptycuh,1,Adware,validation
1111,com.android.mmreader1192,com.android.mmreader1192,1,Adware,train
1112,com.i428.findthespy,com.i428.findthespy,1,Adware,validation
1113,com.gp.jewels,com.gp.jewels,1,Adware,train
1114,com.yangwen.cgamcs.tbksymzfiw,com.yangwen.cgamcs.tbksymzfiw,1,Adware,validation
1115,com.zhuaz.bugaishipdq,com.zhuaz.bugaishipdq,1,Adware,test
1116,wenhr.Mcdonalds,wenhr.Mcdonalds,1,Adware,train
1117,com.livegame.wallpaperfengjing,com.livegame.wallpaperfengjing,1,Adware,validation
1118,com.gsapp.android.pfuninstall,com.gsapp.android.pfuninstall,1,Adware,train
1119,com.nanoha.GestureWidget_free,com.nanoha.GestureWidget_free,1,Adware,train
1120,googlems.halloweenpumpkinpancakes,googlems.halloweenpumpkinpancakes,1,Adware,test
1121,com.android.mmreader862,com.android.mmreader862,1,Adware,test
1122,net.nnvqr.bcckfg11945.spool,net.nnvqr.bcckfg11945.spool,1,Adware,train
1123,com.mobi.screensaver.jdwmiphone3,com.mobi.screensaver.jdwmiphone3,1,Adware,train
1124,com.catking.dqe,com.catking.dqe,1,Adware,test
1125,com.qixin.yclassmarip,com.qixin.yclassmarip,1,Adware,train
1126,googleanzhi.pointhim,googleanzhi.pointhim,1,Adware,test
1127,org.void1898.ss.agilebuddy,org.void1898.ss.agilebuddy,1,Adware,train
1128,com.mobi.screensaver.hsxgiphone2,com.mobi.screensaver.hsxgiphone2,1,Adware,train
1129,com.android.mmreader453,com.android.mmreader453,1,Adware,validation
1130,com.android.mmreader167,com.android.mmreader167,1,Adware,train
1131,googleanzhi.potatopeelergame,googleanzhi.potatopeelergame,1,Adware,train
1132,movecont2.gotousaen2,movecont2.gotousaen2,1,Adware,train
1133,com.yangwen.nbvccxzzlkkjh,com.yangwen.nbvccxzzlkkjh,1,Adware,train
1134,zsz.xinzuo,zsz.xinzuo,1,Adware,train
1135,com.myjoy.campusbellealbumstwo,com.myjoy.campusbellealbumstwo,1,Adware,train
1136,com.xianzhisoft10010.com,com.xianzhisoft10010.com,1,Adware,train
1137,com.gp.animalkeeper,com.gp.animalkeeper,1,Adware,train
1138,org.jq.zmdr,org.jq.zmdr,1,Adware,validation
1139,com.czf.quanqiou,com.czf.quanqiou,1,Adware,train
1140,cn.c5138891.kill,cn.c5138891.kill,1,Adware,validation
1141,cn.hongxiu.singlebook40615,cn.hongxiu.singlebook40615,1,Adware,train
1142,,__missing_package_row_1142,1,Adware,test
1143,com.greensoft.shanshuifjZ,com.greensoft.shanshuifjZ,1,Adware,train
1144,org.my3d.igbill,org.my3d.igbill,1,Adware,test
1145,com.wsx.ldwn,com.wsx.ldwn,1,Adware,test
1146,com.gp.tiltmazes,com.gp.tiltmazes,1,Adware,test
1147,com.android.take.officerexam,com.android.take.officerexam,1,Adware,train
1148,moyan.standopen,moyan.standopen,1,Adware,test
1149,com.hentica.app.sentence,com.hentica.app.sentence,1,Adware,train
1150,ps.wb.csppxx.lock20120710000942,ps.wb.csppxx.lock20120710000942,1,Adware,train
1151,com.wc.light,com.wc.light,1,Adware,test
1152,org.jq.zmdr,org.jq.zmdr,1,Adware,validation
1153,com.lwsoft.lsq.imageview,com.lwsoft.lsq.imageview,1,Adware,train
1154,com.mogo.DropBubble,com.mogo.DropBubble,1,Adware,train
1155,guoguo.wireless.usb,guoguo.wireless.usb,1,Adware,test
1156,com.digital_and_dreams.android.swiss_army_knifer,com.digital_and_dreams.android.swiss_army_knifer,1,Adware,train
1157,com.android.mmreader55,com.android.mmreader55,1,Adware,train
1158,com.xlcsysll.tetriscn,com.xlcsysll.tetriscn,1,Adware,train
1159,com.androidemu.harvesgmario,com.androidemu.harvesgmario,1,Adware,train
1160,com.ps.yams,com.ps.yams,1,Adware,test
1161,com.aokp.elongr,com.aokp.elongr,1,Adware,train
1162,com.tang.mouse,com.tang.mouse,1,Adware,validation
1163,com.androidemu.harvemifeng,com.androidemu.harvemifeng,1,Adware,test
1164,com.ww.meinvbofangqi,com.ww.meinvbofangqi,1,Adware,train
1165,com.livegame.wallpapermingche,com.livegame.wallpapermingche,1,Adware,train
1166,ren.xiaoniaolianliankan13,ren.xiaoniaolianliankan13,1,Adware,test
1167,com.colorme.game.wunvdezeren,com.colorme.game.wunvdezeren,1,Adware,train
1168,ww.navycsu.mogo.caipiaochaxun,ww.navycsu.mogo.caipiaochaxun,1,Adware,train
1169,cn.com.xiaof.livewallpaper.xunyicaonvh,cn.com.xiaof.livewallpaper.xunyicaonvh,1,Adware,test
1170,qq.rose,qq.rose,1,Adware,train
1171,com.android.mmreader856,com.android.mmreader856,1,Adware,train
1172,com.greensoft.buliniY,com.greensoft.buliniY,1,Adware,train
1173,com.reywe.werygew,com.reywe.werygew,1,Adware,train
1174,com.ps.llk,com.ps.llk,1,Adware,validation
1175,info.nnvsv.bcckhk11969.mobile,info.nnvsv.bcckhk11969.mobile,1,Adware,validation
1176,com.kait.olivedream,com.kait.olivedream,1,Adware,test
1177,com.lgl.calendar,com.lgl.calendar,1,Adware,test
1178,com.zyj.emu.hwjisufeiche,com.zyj.emu.hwjisufeiche,1,Adware,train
1179,com.zbx.ct.lolFightingCapacity.client,com.zbx.ct.lolFightingCapacity.client,1,Adware,train
1180,jp.htc.andjong,jp.htc.andjong,1,Adware,test
1181,com.mmc.life45,com.mmc.life45,1,Adware,train
1182,com.lhn.apps.Fashionbeauty,com.lhn.apps.Fashionbeauty,1,Adware,train
1183,com.tim.apps.mockgps,com.tim.apps.mockgps,1,Adware,train
1184,com.gps.phone.guoyou,com.gps.phone.guoyou,1,Adware,train
1185,com.androidemu.harvemario,com.androidemu.harvemario,1,Adware,train
1186,android.sms,android.sms,1,Adware,test
1187,com.forace.BaZipp.BZActivity,com.forace.BaZipp.BZActivity,1,Adware,train
1188,com.dobi.dgalley303,com.dobi.dgalley303,1,Adware,validation
1189,com.hyl.alarm,com.hyl.alarm,1,Adware,train
1190,com.xinxiwei.appinstal2,com.xinxiwei.appinstal2,1,Adware,train
1191,com.fancyy.ddmsg,com.fancyy.ddmsg,1,Adware,test
1192,com.oasisfeng.green,com.oasisfeng.green,1,Adware,train
1193,com.iym.imusic,com.iym.imusic,1,Adware,train
1194,j.kevin.daming.deskclock,j.kevin.daming.deskclock,1,Adware,train
1195,com.stuido.androidjp,com.stuido.androidjp,1,Adware,train
1196,com.gp.search,com.gp.search,1,Adware,train
1197,com.android.mmreader824,com.android.mmreader824,1,Adware,test
1198,com.zh.autoanswer,com.zh.autoanswer,1,Adware,validation
1199,ps.wb.music20130324002877,ps.wb.music20130324002877,1,Adware,train
1200,com.android.mmreader311,com.android.mmreader311,1,Adware,train
1201,com.mogo.smspopup,com.mogo.smspopup,1,Adware,train
1202,com.android.mmreader392,com.android.mmreader392,1,Adware,train
1203,mobi.game.hblnn10,mobi.game.hblnn10,1,Adware,train
1204,com.mmAlarm.activity,com.mmAlarm.activity,1,Adware,train
1205,org.jq.zmdr,org.jq.zmdr,1,Adware,validation
1206,cn.com.noqso.bcdfhd12462.model,cn.com.noqso.bcdfhd12462.model,1,Adware,train
1207,com.android.mmreader171,com.android.mmreader171,1,Adware,validation
1208,com.fantasmosoft.xrfvyhnikqazedctgbi,com.fantasmosoft.xrfvyhnikqazedctgbi,1,Adware,train
1209,com.zmm.meat,com.zmm.meat,1,Adware,test
1210,com.ps.square,com.ps.square,1,Adware,validation
1211,com.android.mmreader809,com.android.mmreader809,1,Adware,train
1212,com.androidemu.nesgame_chaojimaliwudbtc,com.androidemu.nesgame_chaojimaliwudbtc,1,Adware,train
1213,com.android.mmreader743,com.android.mmreader743,1,Adware,train
1214,com.android.LL.AutoSwitch,com.android.LL.AutoSwitch,1,Adware,train
1215,hk.rgmnpn.jkhqjt.kspsvj,hk.rgmnpn.jkhqjt.kspsvj,1,Adware,train
1216,ps.wb.csppxx.lock20131217002548,ps.wb.csppxx.lock20131217002548,1,Adware,test
1217,org.nomnq.bcdbcf12014.mobile,org.nomnq.bcdbcf12014.mobile,1,Adware,test
1218,com.iym.ringspace,com.iym.ringspace,1,Adware,test
1219,cn.butongproducts.ezwms,cn.butongproducts.ezwms,1,Adware,train
1220,com.chenjg.txtbrowser.guiji,com.chenjg.txtbrowser.guiji,1,Adware,test
1221,cn.nommt.bcdbbi12007.animal,cn.nommt.bcdbbi12007.animal,1,Adware,train
1222,sstudio.LotteryAnalyser,sstudio.LotteryAnalyser,1,Adware,train
1223,com.android.mmreader1186,com.android.mmreader1186,1,Adware,validation
1224,com.dangerb.livewallpaper.yejin,com.dangerb.livewallpaper.yejin,1,Adware,test
1225,com.szy.abc,com.szy.abc,1,Adware,train
1226,com.ccponcerinc.flashlight,com.ccponcerinc.flashlight,1,Adware,train
1227,com.gsapp.wifitransport,com.gsapp.wifitransport,1,Adware,train
1228,com.voice360.main,com.voice360.main,1,Adware,train
1229,com.baidu.sumeru.tc1687652vso,com.baidu.sumeru.tc1687652vso,1,Adware,train
1230,utpFTr.NpMQ.RlXnWg,utpFTr.NpMQ.RlXnWg,1,Adware,train
1231,azbc88881.xinlixue2,azbc88881.xinlixue2,1,Adware,test
1232,com.mm.plugins.contactsprotect.phoneintercept1,com.mm.plugins.contactsprotect.phoneintercept1,1,Adware,test
1233,com.youba.camgtzonf,com.youba.camgtzonf,1,Adware,train
1234,ps.wb.csppxx.lock20130108002441,ps.wb.csppxx.lock20130108002441,1,Adware,train
1235,com.android.cug.compass,com.android.cug.compass,1,Adware,validation
1236,com.xianzhisoft.location,com.xianzhisoft.location,1,Adware,test
1237,com.androidemu.harveshuangjl2.swnosign,com.androidemu.harveshuangjl2.swnosign,1,Adware,validation
1238,gzg.game.mario.androidym.si,gzg.game.mario.androidym.si,1,Adware,train
1239,com.mogo.shuiguollk,com.mogo.shuiguollk,1,Adware,test
1240,app.wb.ps.bz20120213204903,app.wb.ps.bz20120213204903,1,Adware,train
1241,com.cooease.coolpic,com.cooease.coolpic,1,Adware,validation
1242,com.mobi.livewallpaper.wmhhsfzl2,com.mobi.livewallpaper.wmhhsfzl2,1,Adware,test
1243,com.inception.otaku,com.inception.otaku,1,Adware,train
1244,moc.gnirps.superstar,moc.gnirps.superstar,1,Adware,validation
1245,com.Sokoban.FirstGameTeam,com.Sokoban.FirstGameTeam,1,Adware,train
1246,com.androidemu.harvexueren.kkcsdjnvjfbvdfvdbvg,com.androidemu.harvexueren.kkcsdjnvjfbvdfvdbvg,1,Adware,test
1247,com.wuwu.hwdd.book,com.wuwu.hwdd.book,1,Adware,test
1248,com.ts.gxdq,com.ts.gxdq,1,Adware,train
1249,zsj.android.systemappremover,zsj.android.systemappremover,1,Adware,train
1250,googleanzhi.prisonbreak,googleanzhi.prisonbreak,1,Adware,train
1251,com.androidemu.kqzhandouxin,com.androidemu.kqzhandouxin,1,Adware,test
1252,com.android.mmreader397,com.android.mmreader397,1,Adware,validation
1253,com.baidu.pay2,com.baidu.pay2,2,Banking Malware,train
1254,com.iqeadmcuzf.jdjgl,com.iqeadmcuzf.jdjgl,2,Banking Malware,train
1255,com.example.sc,com.example.sc,2,Banking Malware,test
1256,duyskab.txtxorxqlni.nflfnauti,duyskab.txtxorxqlni.nflfnauti,2,Banking Malware,validation
1258,c.l,c.l,2,Banking Malware,test
1259,com.hatjfqll.kr,com.hatjfqll.kr,2,Banking Malware,train
1260,wauqpbtzrx.spfgqp.zxnpqgztjqxd,wauqpbtzrx.spfgqp.zxnpqgztjqxd,2,Banking Malware,validation
1261,com.ceandroid.security.zert,com.ceandroid.security.zert,2,Banking Malware,train
1262,com.kbnewbank,com.kbnewbank,2,Banking Malware,train
1263,com.adobe.flashplugin,com.adobe.flashplugin,2,Banking Malware,validation
1264,com.xinhannewbank,com.xinhannewbank,2,Banking Malware,train
1265,com.sbersafe,com.sbersafe,2,Banking Malware,validation
1266,com.kb.abc,com.kb.abc,2,Banking Malware,validation
1267,com.bbcc.eeff,com.bbcc.eeff,2,Banking Malware,train
1268,com.trdos.cores,com.trdos.cores,2,Banking Malware,train
1269,com.trdos.cores,com.trdos.cores,2,Banking Malware,train
1270,com.android.security,com.android.security,2,Banking Malware,train
1271,com.security.service,com.security.service,2,Banking Malware,test
1272,ediiusk.disyw.vkaid,ediiusk.disyw.vkaid,2,Banking Malware,validation
1273,com.kr.androids.kbstar.kbbankings.app,com.kr.androids.kbstar.kbbankings.app,2,Banking Malware,train
1274,com.hazeloutlet.gigawire,com.hazeloutlet.gigawire,2,Banking Malware,train
1275,dspoer.mocas.supem,dspoer.mocas.supem,2,Banking Malware,validation
1276,com.iqeadmcuzf.jdjgl,com.iqeadmcuzf.jdjgl,2,Banking Malware,train
1277,com.google.game.store,com.google.game.store,2,Banking Malware,train
1278,,__missing_package_row_1278,2,Banking Malware,train
1279,,__missing_package_row_1279,2,Banking Malware,train
1280,com.iPhand.FirstAid,com.iPhand.FirstAid,2,Banking Malware,train
1281,cn.zhui.client899792,cn.zhui.client899792,2,Banking Malware,train
1282,com.test.t000004,com.test.t000004,2,Banking Malware,test
1283,com.example.ca,com.example.ca,2,Banking Malware,train
1284,cvfkvfovx.xgfqomtpwgb.yecieeb,cvfkvfovx.xgfqomtpwgb.yecieeb,2,Banking Malware,train
1285,com.vefgdi.essav,com.vefgdi.essav,2,Banking Malware,validation
1286,vaxd.kdygua.kghvb,vaxd.kdygua.kghvb,2,Banking Malware,test
1287,css01.css02.view,css01.css02.view,2,Banking Malware,train
1288,com.fanta.services,com.fanta.services,2,Banking Malware,validation
1289,com.google.games.stores,com.google.games.stores,2,Banking Malware,train
1290,com.mix.kr,com.mix.kr,2,Banking Malware,train
1291,com.baidu.pay2,com.baidu.pay2,2,Banking Malware,train
1292,com.google.android.ebk.hana.ibkb,com.google.android.ebk.hana.ibkb,2,Banking Malware,validation
1293,,__missing_package_row_1293,2,Banking Malware,test
1294,com.trdos.cores,com.trdos.cores,2,Banking Malware,train
1295,com.trdos.cores,com.trdos.cores,2,Banking Malware,train
1296,com.android.Mzgrr,com.android.Mzgrr,2,Banking Malware,train
1297,com.googles.smsservicestel,com.googles.smsservicestel,2,Banking Malware,train
1298,com.paobu.tiaosheng,com.paobu.tiaosheng,2,Banking Malware,train
1299,com.system.log,com.system.log,2,Banking Malware,test
1300,com.android.market,com.android.market,2,Banking Malware,test
1301,lbbrboeutum.ukaaslbgmejr.rdbsehhmdkvw,lbbrboeutum.ukaaslbgmejr.rdbsehhmdkvw,2,Banking Malware,test
1302,com.futurnal.beautywall,com.futurnal.beautywall,2,Banking Malware,train
1303,com.google.game.store,com.google.game.store,2,Banking Malware,train
1304,vuadf.akdhfg.akdffga,vuadf.akdhfg.akdffga,2,Banking Malware,train
1305,com.trdos.cores,com.trdos.cores,2,Banking Malware,train
1306,com.android.security,com.android.security,2,Banking Malware,train
1307,fensk.akvua.aduc,fensk.akvua.aduc,2,Banking Malware,validation
1308,com.christmasgame.balloon2,com.christmasgame.balloon2,2,Banking Malware,train
1309,com.mix.dd,com.mix.dd,2,Banking Malware,train
1310,com.example.xnjh,com.example.xnjh,2,Banking Malware,train
1311,nh.four,nh.four,2,Banking Malware,train
1312,com.power.core.setting,com.power.core.setting,2,Banking Malware,test
1313,com.adobe.flashplayer,com.adobe.flashplayer,2,Banking Malware,test
1314,com.kr.android.ftkc.kjb.kjbsmb.app,com.kr.android.ftkc.kjb.kjbsmb.app,2,Banking Malware,validation
1315,com.mbb.akdi,com.mbb.akdi,2,Banking Malware,test
1316,com.oaAlmL.gCrziJ,com.oaAlmL.gCrziJ,2,Banking Malware,validation
1317,com.ngthz.polooy,com.ngthz.polooy,2,Banking Malware,test
1318,com.brtohersoft.trnity,com.brtohersoft.trnity,2,Banking Malware,validation
1319,,__missing_package_row_1319,2,Banking Malware,train
1320,,__missing_package_row_1320,2,Banking Malware,validation
1321,zsz9.zsz0.view,zsz9.zsz0.view,2,Banking Malware,train
1322,com.nhnewbank,com.nhnewbank,2,Banking Malware,train
1323,com.bitsetter.minishark,com.bitsetter.minishark,2,Banking Malware,test
1324,com.android.slientinstall,com.android.slientinstall,2,Banking Malware,train
1325,com.opplk.akdi,com.opplk.akdi,2,Banking Malware,validation
1326,com.antivirus.kav,com.antivirus.kav,2,Banking Malware,validation
1327,com.whichav.apk,com.whichav.apk,2,Banking Malware,validation
1328,ffaa.ffbb.view,ffaa.ffbb.view,2,Banking Malware,train
1329,com.ndar.ofm.app,com.ndar.ofm.app,2,Banking Malware,train
1330,,__missing_package_row_1330,2,Banking Malware,train
1331,com.a,com.a,2,Banking Malware,train
1332,com.google.game.store,com.google.game.store,2,Banking Malware,train
1333,com.police10.man20,com.police10.man20,2,Banking Malware,train
1334,buding.kaueade.dkfuva,buding.kaueade.dkfuva,2,Banking Malware,train
1335,com.google629.superracer237,com.google629.superracer237,2,Banking Malware,train
1336,,__missing_package_row_1336,2,Banking Malware,train
1337,com.example.logcatscanner_app,com.example.logcatscanner_app,2,Banking Malware,train
1338,com.sistem577.brand911,com.sistem577.brand911,2,Banking Malware,train
1339,com.example.keb,com.example.keb,2,Banking Malware,train
1340,com.nhhttv.kr,com.nhhttv.kr,2,Banking Malware,train
1342,com.google.cckun,com.google.cckun,2,Banking Malware,train
1343,com.dksgos.kr,com.dksgos.kr,2,Banking Malware,train
1344,com.sec.polooy,com.sec.polooy,2,Banking Malware,train
1345,,__missing_package_row_1345,2,Banking Malware,train
1346,com.kb.abc,com.kb.abc,2,Banking Malware,validation
1347,pjz.cnm,pjz.cnm,2,Banking Malware,train
1348,,__missing_package_row_1348,2,Banking Malware,test
1349,com.google.game.store,com.google.game.store,2,Banking Malware,train
1350,com.picotory.voicesphere,com.picotory.voicesphere,2,Banking Malware,test
1351,com.kb.abc,com.kb.abc,2,Banking Malware,validation
1352,com.adobe.flashplayer,com.adobe.flashplayer,2,Banking Malware,test
1353,,__missing_package_row_1353,2,Banking Malware,train
1354,com.mixajdwiq.dd,com.mixajdwiq.dd,2,Banking Malware,test
1355,com.vivaciousness.secrete,com.vivaciousness.secrete,2,Banking Malware,test
1356,zzzzzz.xxxxxx.cccccc,zzzzzz.xxxxxx.cccccc,2,Banking Malware,validation
1357,com.google.games.stores,com.google.games.stores,2,Banking Malware,train
1358,,__missing_package_row_1358,2,Banking Malware,validation
1359,com.botijo.FlappyDuck,com.botijo.FlappyDuck,2,Banking Malware,validation
1360,com.trdos.cores,com.trdos.cores,2,Banking Malware,train
1361,com.android.security,com.android.security,2,Banking Malware,train
1362,com.gvvgle.sevvvce,com.gvvgle.sevvvce,2,Banking Malware,train
1363,xiivig.kbzezj.fwlnxn,xiivig.kbzezj.fwlnxn,2,Banking Malware,test
1364,vaxd.kdygua.kghvb,vaxd.kdygua.kghvb,2,Banking Malware,test
1365,liangaa.liangbb.view,liangaa.liangbb.view,2,Banking Malware,validation
1366,com.androids.kr.kf.androids.sm.spb,com.androids.kr.kf.androids.sm.spb,2,Banking Malware,train
1367,com.fanta.services,com.fanta.services,2,Banking Malware,validation
1368,com.brand818.promo256,com.brand818.promo256,2,Banking Malware,test
1369,com.android.market,com.android.market,2,Banking Malware,test
1370,xiaori01.xiaori02.view,xiaori01.xiaori02.view,2,Banking Malware,train
1371,com.security.service,com.security.service,2,Banking Malware,test
1372,com.xiaozhen00.xiaozhen11,com.xiaozhen00.xiaozhen11,2,Banking Malware,train
1373,com.woorinewbank,com.woorinewbank,2,Banking Malware,validation
1374,com.android.slientinstall,com.android.slientinstall,2,Banking Malware,train
1375,com.dhdfkdls.co,com.dhdfkdls.co,2,Banking Malware,validation
1376,com.spwebgames.blocks,com.spwebgames.blocks,2,Banking Malware,train
1377,com.example.updataallbank,com.example.updataallbank,2,Banking Malware,validation
1378,com.bull88.bull99,com.bull88.bull99,2,Banking Malware,train
1379,com.trdos.cores,com.trdos.cores,2,Banking Malware,train
1380,com.iqeadmcuzf.jdjgl,com.iqeadmcuzf.jdjgl,2,Banking Malware,train
1381,com.ewjkl32,com.ewjkl32,2,Banking Malware,test
1382,streem.droid.chanss,streem.droid.chanss,2,Banking Malware,train
1383,com.sh.abc,com.sh.abc,2,Banking Malware,test
1384,com.heihuang.zr,com.heihuang.zr,2,Banking Malware,validation
1385,com.sjems88.sjems99,com.sjems88.sjems99,2,Banking Malware,train
1386,com.oaAlmL.gCrziJ,com.oaAlmL.gCrziJ,2,Banking Malware,validation
1387,,__missing_package_row_1387,2,Banking Malware,train
1388,,__missing_package_row_1388,2,Banking Malware,train
1389,,__missing_package_row_1389,2,Banking Malware,train
1390,com.dotgears.flappybird,com.dotgears.flappybird,2,Banking Malware,validation
1391,com.android.Mzgrr,com.android.Mzgrr,2,Banking Malware,train
1392,com.android.dede.zert.install,com.android.dede.zert.install,2,Banking Malware,train
1393,com.diowe32,com.diowe32,2,Banking Malware,validation
1394,haha101.haha102.view,haha101.haha102.view,2,Banking Malware,train
1396,com.software,com.software,2,Banking Malware,train
1397,com.scfirstbank,com.scfirstbank,2,Banking Malware,validation
1398,hdo.zogvp.ofyq,hdo.zogvp.ofyq,2,Banking Malware,validation
1399,com.trdos.cores,com.trdos.cores,2,Banking Malware,train
1400,com.fanta.services,com.fanta.services,2,Banking Malware,validation
1401,vaxd.kdygua.kghvb,vaxd.kdygua.kghvb,2,Banking Malware,test
1402,,__missing_package_row_1402,2,Banking Malware,test
1403,c.l,c.l,2,Banking Malware,test
1404,com.emsmobile.epots,com.emsmobile.epots,2,Banking Malware,train
1405,com.iqeadmcuzf.jdjgl,com.iqeadmcuzf.jdjgl,2,Banking Malware,train
1406,test.app,test.app,2,Banking Malware,train
1407,com.mix.kr,com.mix.kr,2,Banking Malware,train
1408,com.dkzvs.zmaw,com.dkzvs.zmaw,2,Banking Malware,test
1409,com.kbs.tcdvo,com.kbs.tcdvo,2,Banking Malware,train
1410,com.trdos.cores,com.trdos.cores,2,Banking Malware,train
1411,com.nhnewbank,com.nhnewbank,2,Banking Malware,train
1412,com.player.androidflash,com.player.androidflash,2,Banking Malware,train
1413,com.play.studio.gnsandpstls,com.play.studio.gnsandpstls,2,Banking Malware,test
1414,com.androiddg.pgroute,com.androiddg.pgroute,2,Banking Malware,train
1415,exin01.exin02.view,exin01.exin02.view,2,Banking Malware,train
1416,com.example.kb,com.example.kb,2,Banking Malware,test
1417,com.trdos.cores,com.trdos.cores,2,Banking Malware,train
1418,com.naver,com.naver,2,Banking Malware,validation
1419,vaxe.kaud.besc,vaxe.kaud.besc,2,Banking Malware,test
1420,com.wri.tcdvo,com.wri.tcdvo,2,Banking Malware,validation
1421,wnnlib.njlacg.yewwvo,wnnlib.njlacg.yewwvo,2,Banking Malware,train
1422,gilrsx.jcsaiu.zufpkf,gilrsx.jcsaiu.zufpkf,2,Banking Malware,train
1423,gun00.gun11.view,gun00.gun11.view,2,Banking Malware,validation
1424,com.android.market,com.android.market,2,Banking Malware,test
1425,tzdesg.ulgsmx.tafibr,tzdesg.ulgsmx.tafibr,2,Banking Malware,validation
1426,bvuh.lfekjvw.ifnxfr,bvuh.lfekjvw.ifnxfr,2,Banking Malware,test
1427,com.google.android.ebk.hana.ibkb,com.google.android.ebk.hana.ibkb,2,Banking Malware,validation
1428,com.android.systemsetting,com.android.systemsetting,2,Banking Malware,train
1429,com.ninepvi.shield,com.ninepvi.shield,2,Banking Malware,train
1430,com.android.market,com.android.market,2,Banking Malware,test
1431,com.game950.game520,com.game950.game520,2,Banking Malware,train
1432,test.app,test.app,2,Banking Malware,train
1433,com.android.security,com.android.security,2,Banking Malware,train
1434,com.sandroid.livewallpaper.holodroidinfotrial,com.sandroid.livewallpaper.holodroidinfotrial,2,Banking Malware,train
1435,com.mix.kr,com.mix.kr,2,Banking Malware,train
1436,com.android.market,com.android.market,2,Banking Malware,test
1437,com.google.mess,com.google.mess,2,Banking Malware,validation
1438,com.fanta.services,com.fanta.services,2,Banking Malware,validation
1439,c.l,c.l,2,Banking Malware,test
1441,com.mix.kr,com.mix.kr,2,Banking Malware,train
1443,com.trdos.cores,com.trdos.cores,2,Banking Malware,train
1444,com.adobe.flashplugin,com.adobe.flashplugin,2,Banking Malware,validation
1445,com.xinhannewbank,com.xinhannewbank,2,Banking Malware,train
1446,com.android.security,com.android.security,2,Banking Malware,train
1447,com.mojang.minecrsddaftpe.asdDeEWgs,com.mojang.minecrsddaftpe.asdDeEWgs,2,Banking Malware,train
1448,org.slempo.service,org.slempo.service,2,Banking Malware,test
1450,xiao88.da99.view,xiao88.da99.view,2,Banking Malware,test
1451,,__missing_package_row_1451,2,Banking Malware,train
1452,com.hananewbank,com.hananewbank,2,Banking Malware,test
1453,com.android.market,com.android.market,2,Banking Malware,test
1454,org.slempo.service,org.slempo.service,2,Banking Malware,test
1455,hxakoi.hckoox.xefhoz,hxakoi.hckoox.xefhoz,2,Banking Malware,train
1456,com.hahttv.kr,com.hahttv.kr,2,Banking Malware,validation
1457,com.yiwqfsaie.qithcati,com.yiwqfsaie.qithcati,2,Banking Malware,test
1458,com.a,com.a,2,Banking Malware,train
1459,,__missing_package_row_1459,2,Banking Malware,validation
1460,com.android.Mzgrr,com.android.Mzgrr,2,Banking Malware,train
1461,org.starsizew,org.starsizew,2,Banking Malware,train
1462,xxxxxxxx.yyyyyyyy.zzzzzzzz,xxxxxxxx.yyyyyyyy.zzzzzzzz,2,Banking Malware,test
1463,com.lge.clock,com.lge.clock,2,Banking Malware,train
1464,com.xinhannewbank,com.xinhannewbank,2,Banking Malware,train
1465,com.android.market,com.android.market,2,Banking Malware,test
1466,pacyefr.peasced.pefaych.peualie,pacyefr.peasced.pefaych.peualie,2,Banking Malware,train
1467,vadi.dhuyou.dkfa,vadi.dhuyou.dkfa,2,Banking Malware,train
1468,com.fanta.services,com.fanta.services,2,Banking Malware,validation
1469,com.fanta.services,com.fanta.services,2,Banking Malware,validation
1470,com.a,com.a,2,Banking Malware,train
1471,com.dfoe.dfodf,com.dfoe.dfodf,2,Banking Malware,test
1472,com.misoxaqre9.dd,com.misoxaqre9.dd,2,Banking Malware,test
1473,com.android.market,com.android.market,2,Banking Malware,test
1474,com.vivaclao.syncservice,com.vivaclao.syncservice,2,Banking Malware,train
1475,com.fanta.services,com.fanta.services,2,Banking Malware,validation
1476,com.android.market,com.android.market,2,Banking Malware,test
1477,lb.iuattiylwr.pcjlwvqooxy,lb.iuattiylwr.pcjlwvqooxy,2,Banking Malware,validation
1478,com.trdos.cores,com.trdos.cores,2,Banking Malware,train
1479,com.oaAlmL.gCrziJ,com.oaAlmL.gCrziJ,2,Banking Malware,validation
1480,com.mte.hs,com.mte.hs,2,Banking Malware,test
1481,com.google.goodmobile,com.google.goodmobile,2,Banking Malware,train
1482,zzzzzz.xxxxxx.cccccc,zzzzzz.xxxxxx.cccccc,2,Banking Malware,validation
1483,com.ll,com.ll,2,Banking Malware,validation
1484,kangzen.kangzen_v1,kangzen.kangzen_v1,2,Banking Malware,train
1485,com.nhnewbank,com.nhnewbank,2,Banking Malware,train
1486,,__missing_package_row_1486,2,Banking Malware,train
1487,,__missing_package_row_1487,2,Banking Malware,validation
1488,machine.setting.view,machine.setting.view,2,Banking Malware,test
1489,com.iqeadmcuzf.jdjgl,com.iqeadmcuzf.jdjgl,2,Banking Malware,train
1490,com.android.market,com.android.market,2,Banking Malware,test
1491,com.trdos.cores,com.trdos.cores,2,Banking Malware,train
1492,com.iqeadmcuzf.jdjgl,com.iqeadmcuzf.jdjgl,2,Banking Malware,train
1493,com.rhchswkd.ko,com.rhchswkd.ko,2,Banking Malware,train
1494,,__missing_package_row_1494,2,Banking Malware,test
1495,aa.caq.wvw.ax.qs,aa.caq.wvw.ax.qs,2,Banking Malware,train
1496,com.nikkigroup679.droid629,com.nikkigroup679.droid629,2,Banking Malware,validation
1497,com.bettertomorrowapps.camerablock,com.bettertomorrowapps.camerablock,2,Banking Malware,test
1498,com.hana.uyuyp,com.hana.uyuyp,2,Banking Malware,train
1499,com.iqeadmcuzf.jdjgl,com.iqeadmcuzf.jdjgl,2,Banking Malware,train
1500,com.way.xx,com.way.xx,2,Banking Malware,train
1501,com.trdos.cores,com.trdos.cores,2,Banking Malware,train
1502,c.l,c.l,2,Banking Malware,test
1503,com.vefgdi.essav,com.vefgdi.essav,2,Banking Malware,validation
1504,com.dhtrjfdl.kr,com.dhtrjfdl.kr,2,Banking Malware,train
1505,com.wkehdck.ko,com.wkehdck.ko,2,Banking Malware,train
1506,com.bull88.bull99,com.bull88.bull99,2,Banking Malware,train
1507,me.jingqian.mix,me.jingqian.mix,2,Banking Malware,train
1508,com.iqeadmcuzf.jdjgl,com.iqeadmcuzf.jdjgl,2,Banking Malware,train
1509,com.android.market,com.android.market,2,Banking Malware,test
1510,com.shi.uyuyp,com.shi.uyuyp,2,Banking Malware,validation
1511,com.zombie.ebola,com.zombie.ebola,2,Banking Malware,train
1512,com.trdos.cores,com.trdos.cores,2,Banking Malware,train
1513,com.google.scc,com.google.scc,2,Banking Malware,test
1514,,__missing_package_row_1514,2,Banking Malware,train
1515,com.security.service,com.security.service,2,Banking Malware,test
1516,com.android.market,com.android.market,2,Banking Malware,test
1517,com.cute.pin,com.cute.pin,2,Banking Malware,train
1518,com.android.tencent.zdevs.bah,com.android.tencent.zdevs.bah,2,Banking Malware,train
1519,ofsnk.rrjqihjijg.nsqotdcbcmz,ofsnk.rrjqihjijg.nsqotdcbcmz,2,Banking Malware,train
1520,com.yandex226.yandex967,com.yandex226.yandex967,2,Banking Malware,test
1521,com.ppp1.ppp2,com.ppp1.ppp2,2,Banking Malware,train
1522,com.ACrwfX.EjmIiM.tckDCu,com.ACrwfX.EjmIiM.tckDCu,2,Banking Malware,validation
1523,com.security.service,com.security.service,2,Banking Malware,test
1524,com.guard.smart,com.guard.smart,2,Banking Malware,train
1525,xxxxxxxx.yyyyyyyy.zzzzzzzz,xxxxxxxx.yyyyyyyy.zzzzzzzz,2,Banking Malware,test
1526,com.fkthdfk.net,com.fkthdfk.net,2,Banking Malware,validation
1527,com.ko.kor,com.ko.kor,2,Banking Malware,test
1528,c.l,c.l,2,Banking Malware,test
1529,zymesp.nyzdal.bbyyjp,zymesp.nyzdal.bbyyjp,2,Banking Malware,train
1530,com.google,com.google,2,Banking Malware,train
1531,com.blogace.hazelspace,com.blogace.hazelspace,2,Banking Malware,test
1532,gbbpjcevlwom.nropjkq.visdqi,gbbpjcevlwom.nropjkq.visdqi,2,Banking Malware,train
1533,com.droid.mkt,com.droid.mkt,2,Banking Malware,train
1534,com.oaAlmL.gCrziJ,com.oaAlmL.gCrziJ,2,Banking Malware,validation
1535,com.system.log,com.system.log,2,Banking Malware,test
1536,com.soft890.soft960,com.soft890.soft960,2,Banking Malware,test
1537,com.example.callrecorder,com.example.callrecorder,2,Banking Malware,validation
1538,,__missing_package_row_1538,2,Banking Malware,train
1539,pl.ohistsx.tvapponline,pl.ohistsx.tvapponline,2,Banking Malware,train
1540,,__missing_package_row_1540,2,Banking Malware,validation
1541,vyaga.kdufad.kyakev,vyaga.kdufad.kyakev,2,Banking Malware,train
1542,com.app.kr.google.androids.appstor,com.app.kr.google.androids.appstor,2,Banking Malware,validation
1543,com.gl01.gl02,com.gl01.gl02,2,Banking Malware,test
1544,com.android.systemsetting,com.android.systemsetting,2,Banking Malware,train
1545,com.iqeadmcuzf.jdjgl,com.iqeadmcuzf.jdjgl,2,Banking Malware,train
1546,qhqjiq.vqbdym.rydutd,qhqjiq.vqbdym.rydutd,2,Banking Malware,test
1547,com.security.service,com.security.service,2,Banking Malware,test
1548,mcnvme.bkjdri.rqebog,mcnvme.bkjdri.rqebog,2,Banking Malware,test
1549,com.codingcaveman.Solo,com.codingcaveman.Solo,2,Banking Malware,train
1550,,__missing_package_row_1550,2,Banking Malware,train
1551,spbj.ahfwykt.yjhtup,spbj.ahfwykt.yjhtup,2,Banking Malware,train
1552,com.ll,com.ll,2,Banking Malware,validation
1553,com.bull88.bull99,com.bull88.bull99,2,Banking Malware,train
1554,c.l,c.l,2,Banking Malware,test
1555,org.underdev.penetratepro,org.underdev.penetratepro,2,Banking Malware,validation
1556,,__missing_package_row_1556,2,Banking Malware,train
1557,com.hananewbank,com.hananewbank,2,Banking Malware,test
1558,com.kbnewbank,com.kbnewbank,2,Banking Malware,train
1559,com.kbnewbank,com.kbnewbank,2,Banking Malware,train
1560,iuakal.akekfvv.akajfa,iuakal.akekfvv.akajfa,2,Banking Malware,train
1561,zzzzzz.xxxxxx.cccccc,zzzzzz.xxxxxx.cccccc,2,Banking Malware,validation
1562,,__missing_package_row_1562,2,Banking Malware,train
1563,com.trdos.cores,com.trdos.cores,2,Banking Malware,train
1564,,__missing_package_row_1564,2,Banking Malware,train
1565,news.cereers.collections,news.cereers.collections,2,Banking Malware,validation
1566,,__missing_package_row_1566,2,Banking Malware,train
1567,zzzzzz.xxxxxx.cccccc,zzzzzz.xxxxxx.cccccc,2,Banking Malware,validation
1569,dkakfh.akdjfkv.ckdjag,dkakfh.akdjfkv.ckdjag,2,Banking Malware,validation
1570,com.example.callrecorder,com.example.callrecorder,2,Banking Malware,validation
1571,com.oaAlmL.gCrziJ,com.oaAlmL.gCrziJ,2,Banking Malware,validation
1572,com.example.testcallchange,com.example.testcallchange,2,Banking Malware,train
1573,com.xiaozhen00.xiaozhen11,com.xiaozhen00.xiaozhen11,2,Banking Malware,train
1574,com.xiao88,com.xiao88,2,Banking Malware,train
1575,uui10.uui20.view,uui10.uui20.view,2,Banking Malware,test
1576,com.vivaclao.syncservice,com.vivaclao.syncservice,2,Banking Malware,train
1577,com.goldorder.viabase,com.goldorder.viabase,2,Banking Malware,train
1578,kdkjj.kalld.alvaae,kdkjj.kalld.alvaae,2,Banking Malware,test
1579,com.qudadpz.yfeigry,com.qudadpz.yfeigry,2,Banking Malware,train
1580,com.trdos.cores,com.trdos.cores,2,Banking Malware,train
1581,com.wr.abc,com.wr.abc,2,Banking Malware,train
1582,com.hananewbank,com.hananewbank,2,Banking Malware,test
1583,com.android.systemsetting,com.android.systemsetting,2,Banking Malware,train
1584,com.google.game.store,com.google.game.store,2,Banking Malware,train
1585,,__missing_package_row_1585,2,Banking Malware,validation
1586,ppxfbcx.pinmx.rjrvcculype,ppxfbcx.pinmx.rjrvcculype,2,Banking Malware,train
1587,,__missing_package_row_1587,2,Banking Malware,train
1588,com.android.Mzgrr,com.android.Mzgrr,2,Banking Malware,train
1589,,__missing_package_row_1589,2,Banking Malware,train
1590,liangaa.liangbb.view,liangaa.liangbb.view,2,Banking Malware,validation
1591,yvzzhz.ljmpzj.pxhbvi,yvzzhz.ljmpzj.pxhbvi,2,Banking Malware,test
1592,com.android.market,com.android.market,2,Banking Malware,test
1593,com.xinhannewbank,com.xinhannewbank,2,Banking Malware,train
1594,com.zz.lockScreenDemo,com.zz.lockScreenDemo,2,Banking Malware,train
1595,com.zhen001.zhen002,com.zhen001.zhen002,2,Banking Malware,train
1596,,__missing_package_row_1596,2,Banking Malware,test
1597,com.mix.kr,com.mix.kr,2,Banking Malware,train
1598,com.trdos.cores,com.trdos.cores,2,Banking Malware,train
1599,me.jingqian.mix,me.jingqian.mix,2,Banking Malware,train
1600,,__missing_package_row_1600,2,Banking Malware,test
1601,com.mix.dd,com.mix.dd,2,Banking Malware,train
1602,,__missing_package_row_1602,2,Banking Malware,train
1603,com.free.powerline.batterydoctor,com.free.powerline.batterydoctor,2,Banking Malware,train
1604,com.oaAlmL.gCrziJ,com.oaAlmL.gCrziJ,2,Banking Malware,validation
1605,com.an6.update,com.an6.update,2,Banking Malware,test
1606,com.BioTechnology.iClientsService4,com.BioTechnology.iClientsService4,2,Banking Malware,train
1607,com.fanta.services,com.fanta.services,2,Banking Malware,validation
1608,me.jingqian.mix,me.jingqian.mix,2,Banking Malware,train
1609,com.example.callrecorder,com.example.callrecorder,2,Banking Malware,validation
1610,com.nh.abc,com.nh.abc,2,Banking Malware,validation
1611,,__missing_package_row_1611,2,Banking Malware,train
1612,com.oaAlmL.gCrziJ,com.oaAlmL.gCrziJ,2,Banking Malware,validation
1613,com.android.slientinstall,com.android.slientinstall,2,Banking Malware,train
1614,com.oaAlmL.gCrziJ,com.oaAlmL.gCrziJ,2,Banking Malware,validation
1615,com.trdos.cores,com.trdos.cores,2,Banking Malware,train
1616,com.system.log,com.system.log,2,Banking Malware,test
1617,hkpeozm.avzcsxkbbuvv.mvktjyuczx,hkpeozm.avzcsxkbbuvv.mvktjyuczx,2,Banking Malware,validation
1618,com.android.market,com.android.market,2,Banking Malware,test
1619,com.trdos.cores,com.trdos.cores,2,Banking Malware,train
1621,com.adobe.flash,com.adobe.flash,2,Banking Malware,train
1622,com.alfasafe,com.alfasafe,2,Banking Malware,validation
1623,com.battery.improve8,com.battery.improve8,2,Banking Malware,train
1624,com.android.systemsetting,com.android.systemsetting,2,Banking Malware,train
1625,com.trdos.cores,com.trdos.cores,2,Banking Malware,train
1626,com.example.pors,com.example.pors,2,Banking Malware,train
1627,com.cash.apc.woori.kr.android.apd,com.cash.apc.woori.kr.android.apd,2,Banking Malware,train
1628,com.hananewbank,com.hananewbank,2,Banking Malware,test
1629,com.xinhannewbank,com.xinhannewbank,2,Banking Malware,train
1630,,__missing_package_row_1630,2,Banking Malware,test
1631,vyaga.kdufad.kyakev,vyaga.kdufad.kyakev,2,Banking Malware,train
1632,vvxxbb.utviqi.rjmwep,vvxxbb.utviqi.rjmwep,2,Banking Malware,train
1633,,__missing_package_row_1633,2,Banking Malware,train
1634,com.qrs.bvg,com.qrs.bvg,2,Banking Malware,test
1635,com.android.x5a807058,com.android.x5a807058,2,Banking Malware,train
1636,com.ll,com.ll,2,Banking Malware,validation
1637,small00.big11.view,small00.big11.view,2,Banking Malware,train
1638,,__missing_package_row_1638,2,Banking Malware,validation
1639,com.google.game.store,com.google.game.store,2,Banking Malware,train
1640,com.android.Mzgrr,com.android.Mzgrr,2,Banking Malware,train
1641,com.trdos.cores,com.trdos.cores,2,Banking Malware,train
1642,com.pangzi00.pangzi11,com.pangzi00.pangzi11,2,Banking Malware,validation
1643,com.example.helloworld,com.example.helloworld,2,Banking Malware,validation
1644,org.underdev.penetratepro,org.underdev.penetratepro,2,Banking Malware,validation
1645,com.a,com.a,2,Banking Malware,train
1646,com.herocraft.game.scrubs.freemium,com.herocraft.game.scrubs.freemium,2,Banking Malware,train
1647,com.nhnewbank,com.nhnewbank,2,Banking Malware,train
1648,com.mix.kr,com.mix.kr,2,Banking Malware,train
1649,com.googles.smsservicestel,com.googles.smsservicestel,2,Banking Malware,train
1650,com.android.security,com.android.security,2,Banking Malware,train
1651,ririni.niriri.view,ririni.niriri.view,2,Banking Malware,train
1652,,__missing_package_row_1652,2,Banking Malware,train
1653,com.mix.kr,com.mix.kr,2,Banking Malware,train
1654,com.andmm01.andmm02,com.andmm01.andmm02,2,Banking Malware,train
1655,test.app,test.app,2,Banking Malware,train
1656,com.vivaciousness.secrete,com.vivaciousness.secrete,2,Banking Malware,test
1657,com.wr.abc,com.wr.abc,2,Banking Malware,train
1658,com.bull88.bull99,com.bull88.bull99,2,Banking Malware,train
1659,com.android.security,com.android.security,2,Banking Malware,train
1660,com.yundong.plugin,com.yundong.plugin,2,Banking Malware,train
1661,com.android.security,com.android.security,2,Banking Malware,train
1662,com.kbstar.kbbank,com.kbstar.kbbank,2,Banking Malware,test
1663,com.android.google.shinhanbbk.kr.app,com.android.google.shinhanbbk.kr.app,2,Banking Malware,validation
1664,com.goog.sc.android.dadbdkr.scbankapp,com.goog.sc.android.dadbdkr.scbankapp,2,Banking Malware,train
1665,com.kb,com.kb,2,Banking Malware,train
1666,com.android.tencent.zdevs.bah,com.android.tencent.zdevs.bah,2,Banking Malware,train
1667,iuakdkfl.akdkaue.dkfajal,iuakdkfl.akdkaue.dkfajal,2,Banking Malware,validation
1668,com.zasSuf.fsMnkP,com.zasSuf.fsMnkP,2,Banking Malware,train
1669,exts.whats,exts.whats,2,Banking Malware,train
1670,vskdu.kdkuga.dyata,vskdu.kdkuga.dyata,2,Banking Malware,validation
1671,com.sh.abc,com.sh.abc,2,Banking Malware,test
1672,com.droid641.android920,com.droid641.android920,2,Banking Malware,train
1673,com.android.systemsetting,com.android.systemsetting,2,Banking Malware,train
1674,com.up.net,com.up.net,2,Banking Malware,train
1675,com.rt.me,com.rt.me,2,Banking Malware,train
1676,com.orgn.bl,com.orgn.bl,2,Banking Malware,train
1677,com.wr.abc,com.wr.abc,2,Banking Malware,train
1678,com.an6.update,com.an6.update,2,Banking Malware,test
1679,com.android.systemsetting,com.android.systemsetting,2,Banking Malware,train
1680,com.google.game.store,com.google.game.store,2,Banking Malware,train
1681,com.adobe.flash,com.adobe.flash,2,Banking Malware,train
1682,vaue.edmakvu.ahha,vaue.edmakvu.ahha,2,Banking Malware,validation
1683,com.bull88.bull99,com.bull88.bull99,2,Banking Malware,train
1684,,__missing_package_row_1684,2,Banking Malware,test
1685,com.iqeadmcuzf.jdjgl,com.iqeadmcuzf.jdjgl,2,Banking Malware,train
1686,sgpmosb.ghhudsqzg.mjpghjlce,sgpmosb.ghhudsqzg.mjpghjlce,2,Banking Malware,train
1687,com.ewjkl32,com.ewjkl32,2,Banking Malware,test
1688,,__missing_package_row_1688,2,Banking Malware,train
1689,c.l,c.l,2,Banking Malware,test
1690,,__missing_package_row_1690,2,Banking Malware,validation
1691,com.oaAlmL.gCrziJ,com.oaAlmL.gCrziJ,2,Banking Malware,validation
1692,org.slempo.service,org.slempo.service,2,Banking Malware,test
1693,com.ha.abc,com.ha.abc,2,Banking Malware,test
1694,gronvp.fquaollmlcgx.ntjpxtepxyy,gronvp.fquaollmlcgx.ntjpxtepxyy,2,Banking Malware,test
1695,com.games.cocos.ssaj,com.games.cocos.ssaj,2,Banking Malware,train
1696,c.l,c.l,2,Banking Malware,test
1697,ffaa.ffbb.view,ffaa.ffbb.view,2,Banking Malware,train
1698,,__missing_package_row_1698,2,Banking Malware,validation
1699,com.googlemobileview,com.googlemobileview,2,Banking Malware,validation
1700,com.ikmsLx2.ltp2Xjc,com.ikmsLx2.ltp2Xjc,2,Banking Malware,test
1701,com.android.market,com.android.market,2,Banking Malware,test
1702,,__missing_package_row_1702,2,Banking Malware,train
1703,com.android.Mzgrr,com.android.Mzgrr,2,Banking Malware,train
1704,tmgcbztm.mymqekuq.hrdegi,tmgcbztm.mymqekuq.hrdegi,2,Banking Malware,train
1705,com.sh.abc,com.sh.abc,2,Banking Malware,test
1706,com.google.game.store,com.google.game.store,2,Banking Malware,train
1707,com.iqeadmcuzf.jdjgl,com.iqeadmcuzf.jdjgl,2,Banking Malware,train
1708,com.google.game.store,com.google.game.store,2,Banking Malware,train
1709,com.Tiomiym9.Potzimm9,com.Tiomiym9.Potzimm9,2,Banking Malware,train
1710,c.l,c.l,2,Banking Malware,test
1711,com.google.game.store,com.google.game.store,2,Banking Malware,train
1712,com.kawadieil96,com.kawadieil96,2,Banking Malware,train
1713,com.ko.kor,com.ko.kor,2,Banking Malware,test
1714,com.iqeadmcuzf.jdjgl,com.iqeadmcuzf.jdjgl,2,Banking Malware,train
1715,com.mailbox88.mailbox99,com.mailbox88.mailbox99,2,Banking Malware,train
1716,com.google.game.store,com.google.game.store,2,Banking Malware,train
1717,com.nhnewbank,com.nhnewbank,2,Banking Malware,train
1718,com.leo.car.taichett,com.leo.car.taichett,2,Banking Malware,train
1719,com.android.tencent.zdevs.bah,com.android.tencent.zdevs.bah,2,Banking Malware,train
1720,com.android.market,com.android.market,2,Banking Malware,test
1721,,__missing_package_row_1721,2,Banking Malware,train
1722,com.google.meetaservice,com.google.meetaservice,2,Banking Malware,train
1723,serufbroad.vjhuqb.egaekqxvcpsu,serufbroad.vjhuqb.egaekqxvcpsu,2,Banking Malware,train
1724,yun01.long01.view,yun01.long01.view,2,Banking Malware,test
1725,com.wr.abc,com.wr.abc,2,Banking Malware,train
1726,com.beauty.jw,com.beauty.jw,2,Banking Malware,validation
1727,com.fanta.services,com.fanta.services,2,Banking Malware,validation
1728,read.challend.dorict,read.challend.dorict,2,Banking Malware,train
1729,com.vivaclao.syncservice,com.vivaclao.syncservice,2,Banking Malware,train
1730,com.trdos.cores,com.trdos.cores,2,Banking Malware,train
1731,com.android.market,com.android.market,2,Banking Malware,test
1732,ukwxt.wsj.dcir34,ukwxt.wsj.dcir34,2,Banking Malware,test
1733,zzzzzz.xxxxxx.cccccc,zzzzzz.xxxxxx.cccccc,2,Banking Malware,validation
1734,com.mix.kr,com.mix.kr,2,Banking Malware,train
1735,,__missing_package_row_1735,2,Banking Malware,test
1736,com.ha.abc,com.ha.abc,2,Banking Malware,test
1738,com.android.security,com.android.security,2,Banking Malware,train
1739,com.wr.abc,com.wr.abc,2,Banking Malware,train
1740,com.fanta.services,com.fanta.services,2,Banking Malware,validation
1741,com.a,com.a,2,Banking Malware,train
1742,com.menkkksgdgting.Solo,com.menkkksgdgting.Solo,2,Banking Malware,test
1743,com.example.kb,com.example.kb,2,Banking Malware,test
1744,com.google.dubest,com.google.dubest,2,Banking Malware,train
1745,zz101.zz102.view,zz101.zz102.view,2,Banking Malware,train
1746,com.app.kr.google.androids.appstor,com.app.kr.google.androids.appstor,2,Banking Malware,validation
1747,com.elakak.kr,com.elakak.kr,2,Banking Malware,validation
1748,jjha.dkanvbna.dkfaade,jjha.dkanvbna.dkfaade,2,Banking Malware,test
1749,com.ggg.xmatw,com.ggg.xmatw,2,Banking Malware,train
1750,com.delete687.delete910,com.delete687.delete910,2,Banking Malware,train
1752,com.maomao88.niuniu99,com.maomao88.niuniu99,2,Banking Malware,train
1753,com.trdos.cores,com.trdos.cores,2,Banking Malware,train
1754,com.google.game.store,com.google.game.store,2,Banking Malware,train
1755,com.xinhannewbank,com.xinhannewbank,2,Banking Malware,train
1756,yun01.long01.view,yun01.long01.view,2,Banking Malware,test
1757,,__missing_package_row_1757,2,Banking Malware,train
1758,oozeiu.hauvoh,oozeiu.hauvoh,2,Banking Malware,train
1759,com.ha.abc,com.ha.abc,2,Banking Malware,test
1760,com.sjems88.sjems99,com.sjems88.sjems99,2,Banking Malware,train
1761,com.sh.abc,com.sh.abc,2,Banking Malware,test
1762,com.cao.webcamera,com.cao.webcamera,2,Banking Malware,validation
1763,uk.co.exelentia.wikipedia,uk.co.exelentia.wikipedia,2,Banking Malware,train
1764,com.ll,com.ll,2,Banking Malware,validation
1765,,__missing_package_row_1765,2,Banking Malware,train
1766,com.ndar.sfm.adp2p,com.ndar.sfm.adp2p,2,Banking Malware,train
1767,com.BioTechnology.iClientsService42196,com.BioTechnology.iClientsService42196,2,Banking Malware,train
1768,,__missing_package_row_1768,2,Banking Malware,train
1769,com.nhnewbank,com.nhnewbank,2,Banking Malware,train
1770,com.oaAlmL.gCrziJ,com.oaAlmL.gCrziJ,2,Banking Malware,validation
1771,com.trdos.cores,com.trdos.cores,2,Banking Malware,train
1772,com.oaAlmL.gCrziJ,com.oaAlmL.gCrziJ,2,Banking Malware,validation
1773,com.awesome.football.play,com.awesome.football.play,2,Banking Malware,train
1774,com.android.systemsetting,com.android.systemsetting,2,Banking Malware,train
1775,,__missing_package_row_1775,2,Banking Malware,validation
1776,,__missing_package_row_1776,2,Banking Malware,test
1777,com.furof4d.pf984fu,com.furof4d.pf984fu,2,Banking Malware,train
1778,aa.caq.wvw.ax.qs,aa.caq.wvw.ax.qs,2,Banking Malware,train
1779,com.vivaclao.syncservice,com.vivaclao.syncservice,2,Banking Malware,train
1780,com.ll,com.ll,2,Banking Malware,validation
1781,,__missing_package_row_1781,2,Banking Malware,train
1782,com.app.kr.google.androids.appstor,com.app.kr.google.androids.appstor,2,Banking Malware,validation
1783,com.trdos.cores,com.trdos.cores,2,Banking Malware,train
1784,com.paobu.tiaosheng,com.paobu.tiaosheng,2,Banking Malware,train
1785,,__missing_package_row_1785,2,Banking Malware,train
1787,com.bull88.bull99,com.bull88.bull99,2,Banking Malware,train
1788,com.example.adtyk3e,com.example.adtyk3e,2,Banking Malware,train
1789,com.android.mal2test,com.android.mal2test,2,Banking Malware,validation
1790,com.android.Mzgrr,com.android.Mzgrr,2,Banking Malware,train
1791,com.bull88.bull99,com.bull88.bull99,2,Banking Malware,train
1792,,__missing_package_row_1792,2,Banking Malware,train
1793,com.example.hana,com.example.hana,2,Banking Malware,train
1794,guangchikuangchi.com,guangchikuangchi.com,2,Banking Malware,train
1795,com.sh.abc,com.sh.abc,2,Banking Malware,test
1796,com.dfoe.dfodf,com.dfoe.dfodf,2,Banking Malware,test
1797,com.mprotect.ihyundai,com.mprotect.ihyundai,2,Banking Malware,train
1798,com.fanta.services,com.fanta.services,2,Banking Malware,validation
1799,dbs.hakd.cjf,dbs.hakd.cjf,2,Banking Malware,train
1800,com.Tiomiym9.Potzimm9,com.Tiomiym9.Potzimm9,2,Banking Malware,train
1801,com.agilebinary.phonebeagle,com.agilebinary.phonebeagle,2,Banking Malware,train
1802,com.iqeadmcuzf.jdjgl,com.iqeadmcuzf.jdjgl,2,Banking Malware,train
1803,zzzzzz.xxxxxx.cccccc,zzzzzz.xxxxxx.cccccc,2,Banking Malware,validation
1804,c.l,c.l,2,Banking Malware,test
1805,com.android.systemsetting,com.android.systemsetting,2,Banking Malware,train
1806,com.iqeadmcuzf.jdjgl,com.iqeadmcuzf.jdjgl,2,Banking Malware,train
1807,com.nh.abc,com.nh.abc,2,Banking Malware,validation
1808,com.trdos.cores,com.trdos.cores,2,Banking Malware,train
1809,,__missing_package_row_1809,2,Banking Malware,train
1810,exts.whats,exts.whats,2,Banking Malware,train
1811,com.a,com.a,2,Banking Malware,train
1812,com.a,com.a,2,Banking Malware,train
1813,com.iqeadmcuzf.jdjgl,com.iqeadmcuzf.jdjgl,2,Banking Malware,train
1814,test.app,test.app,2,Banking Malware,train
1815,ymezk.votfyo.maltest2,ymezk.votfyo.maltest2,2,Banking Malware,train
1817,com.android.google.shinhanbbk.kr.app,com.android.google.shinhanbbk.kr.app,2,Banking Malware,validation
1818,kangzen.kangzen_v1,kangzen.kangzen_v1,2,Banking Malware,train
1820,com.app.kr.google.androids.appstor,com.app.kr.google.androids.appstor,2,Banking Malware,validation
1821,ybb10.ybb20.view,ybb10.ybb20.view,2,Banking Malware,validation
1822,com.orangeery.babbleharbor,com.orangeery.babbleharbor,2,Banking Malware,train
1823,com.kakastor,com.kakastor,2,Banking Malware,train
1824,com.android.market,com.android.market,2,Banking Malware,test
1825,com.nhnewbank,com.nhnewbank,2,Banking Malware,train
1826,com.cao.webcamera,com.cao.webcamera,2,Banking Malware,validation
1827,com.delete687.delete910,com.delete687.delete910,2,Banking Malware,train
1828,mbbbvb.lctvme.hepree,mbbbvb.lctvme.hepree,2,Banking Malware,validation
1829,com.antivirus.kav,com.antivirus.kav,2,Banking Malware,validation
1830,com.qhwmdos.co,com.qhwmdos.co,2,Banking Malware,train
1831,com.cao.webcamera,com.cao.webcamera,2,Banking Malware,validation
1832,com.pdfaccesslistserv,com.pdfaccesslistserv,2,Banking Malware,train
1833,com.games.cocos.saj,com.games.cocos.saj,2,Banking Malware,train
1835,com.vivaclao.syncservice,com.vivaclao.syncservice,2,Banking Malware,train
1836,com.a,com.a,2,Banking Malware,train
1837,com.mamamia.mamamib,com.mamamia.mamamib,2,Banking Malware,train
1838,com.kb.abc,com.kb.abc,2,Banking Malware,validation
1839,com.seraby088.serabz099,com.seraby088.serabz099,2,Banking Malware,validation
1840,com.iqeadmcuzf.jdjgl,com.iqeadmcuzf.jdjgl,2,Banking Malware,train
1841,,__missing_package_row_1841,2,Banking Malware,validation
1842,com.android.marketplay.app,com.android.marketplay.app,2,Banking Malware,train
1843,com.ssh,com.ssh,2,Banking Malware,test
1844,com.ha.abc,com.ha.abc,2,Banking Malware,test
1845,com.markeu.android,com.markeu.android,2,Banking Malware,train
1846,com.mktsylayo.teyhgn,com.mktsylayo.teyhgn,2,Banking Malware,train
1847,,__missing_package_row_1847,2,Banking Malware,train
1848,com.yebigun,com.yebigun,2,Banking Malware,test
1849,com.a,com.a,2,Banking Malware,train
1850,com.pfde32rd,com.pfde32rd,2,Banking Malware,test
1851,com.nh,com.nh,2,Banking Malware,test
1852,com.android.market,com.android.market,2,Banking Malware,test
1853,efuca.giauo.kdua,efuca.giauo.kdua,2,Banking Malware,train
1854,,__missing_package_row_1854,2,Banking Malware,test
1855,com.kaoeiwk3223,com.kaoeiwk3223,2,Banking Malware,validation
1856,kklaald.aklek.akfjalsa,kklaald.aklek.akfjalsa,2,Banking Malware,train
1857,com.example.helloworld,com.example.helloworld,2,Banking Malware,validation
1858,,__missing_package_row_1858,2,Banking Malware,test
1859,ssadsdf.eoeof.akalc,ssadsdf.eoeof.akalc,2,Banking Malware,train
1860,com.vivaclao.syncservice,com.vivaclao.syncservice,2,Banking Malware,train
1861,com.ll,com.ll,2,Banking Malware,validation
1862,com.mix.kr,com.mix.kr,2,Banking Malware,train
1863,com.vivaclao.syncservice,com.vivaclao.syncservice,2,Banking Malware,train
1864,com.kbnewbank,com.kbnewbank,2,Banking Malware,train
1865,com.systemsecurity6.gms,com.systemsecurity6.gms,2,Banking Malware,train
1866,vfiakd.akdfjd.akdfkda,vfiakd.akdfjd.akdfkda,2,Banking Malware,train
1867,guqbxzul.ppwfpcouzuj.rlicswbjbu,guqbxzul.ppwfpcouzuj.rlicswbjbu,2,Banking Malware,train
1868,com.trdos.cores,com.trdos.cores,2,Banking Malware,train
1869,com.a8274ba18.ac31b3236,com.a8274ba18.ac31b3236,2,Banking Malware,train
1870,com.androidbox.jhfylhtc,com.androidbox.jhfylhtc,2,Banking Malware,validation
1871,com.iqeadmcuzf.jdjgl,com.iqeadmcuzf.jdjgl,2,Banking Malware,train
1872,hwmg.vzuskhdfyl.hybzcrkg,hwmg.vzuskhdfyl.hybzcrkg,2,Banking Malware,validation
1874,xrsfdn.qfadap.rzdypx,xrsfdn.qfadap.rzdypx,2,Banking Malware,train
1875,com.lock.app,com.lock.app,2,Banking Malware,test
1876,com.fanta.services,com.fanta.services,2,Banking Malware,validation
1877,com.android.security,com.android.security,2,Banking Malware,train
1878,ykdfald.kaydkfg.ahacv,ykdfald.kaydkfg.ahacv,2,Banking Malware,train
1879,com.xinhan.smsmanager,com.xinhan.smsmanager,2,Banking Malware,train
1880,com.hananewbank,com.hananewbank,2,Banking Malware,test
1881,com.systemsecurity6.gms,com.systemsecurity6.gms,2,Banking Malware,train
1882,com.way.xx,com.way.xx,2,Banking Malware,train
1883,com.trdos.cores,com.trdos.cores,2,Banking Malware,train
1884,wtpxfr.fnrbfp.xeiqaq,wtpxfr.fnrbfp.xeiqaq,2,Banking Malware,train
1885,com.dfoe.dfodf,com.dfoe.dfodf,2,Banking Malware,test
1886,naonao01.naonao02.view,naonao01.naonao02.view,2,Banking Malware,train
1887,com.kbpiyan,com.kbpiyan,2,Banking Malware,train
1888,com.android.market,com.android.market,2,Banking Malware,test
1889,com.android.Mzgrr,com.android.Mzgrr,2,Banking Malware,train
1890,com.kb.abc,com.kb.abc,2,Banking Malware,validation
1891,com.xinhannewbank,com.xinhannewbank,2,Banking Malware,train
1892,zzzzzz.xxxxxx.cccccc,zzzzzz.xxxxxx.cccccc,2,Banking Malware,validation
1893,com.ko.kor,com.ko.kor,2,Banking Malware,test
1894,,__missing_package_row_1894,2,Banking Malware,train
1895,com.bckalz.iphone5s,com.bckalz.iphone5s,2,Banking Malware,test
1896,,__missing_package_row_1896,2,Banking Malware,train
1897,com.android.market,com.android.market,2,Banking Malware,test
1898,com.sec.mnd.up,com.sec.mnd.up,2,Banking Malware,test
1899,com.nh.abc,com.nh.abc,2,Banking Malware,validation
1900,,__missing_package_row_1900,2,Banking Malware,train
1901,com.ll,com.ll,2,Banking Malware,validation
1902,com.android.security,com.android.security,2,Banking Malware,train
1903,,__missing_package_row_1903,2,Banking Malware,train
1904,emsquan3.emsquan4.view,emsquan3.emsquan4.view,2,Banking Malware,test
1905,com.agilebinary.phonebeagle,com.agilebinary.phonebeagle,2,Banking Malware,train
1906,com.android.security,com.android.security,2,Banking Malware,train
1907,com.mazar,com.mazar,2,Banking Malware,train
1908,org.zest.zoologist.zygote,org.zest.zoologist.zygote,2,Banking Malware,train
1909,com.a,com.a,2,Banking Malware,train
1910,ppw01.ppw02.view,ppw01.ppw02.view,2,Banking Malware,train
1911,com.kr.android.ftkc.kjb.kjbsmb.app,com.kr.android.ftkc.kjb.kjbsmb.app,2,Banking Malware,validation
1912,com.wr,com.wr,2,Banking Malware,train
1913,com.android.calculator,com.android.calculator,2,Banking Malware,train
1914,,__missing_package_row_1914,2,Banking Malware,test
1915,com.oaAlmL.gCrziJ,com.oaAlmL.gCrziJ,2,Banking Malware,validation
1916,com.dooblou.WiFiFileExplorerPRO,com.dooblou.WiFiFileExplorerPRO,2,Banking Malware,validation
1917,com.way.xx,com.way.xx,2,Banking Malware,train
1918,com.woorinewbank,com.woorinewbank,2,Banking Malware,validation
1919,,__missing_package_row_1919,2,Banking Malware,train
1920,com.herocraft.gamesfrg.scrubs,com.herocraft.gamesfrg.scrubs,2,Banking Malware,test
1921,com.venuechart.bubblehorde,com.venuechart.bubblehorde,2,Banking Malware,train
1922,com.jree.jigsawpool,com.jree.jigsawpool,2,Banking Malware,test
1923,efuca.giauo.kdua,efuca.giauo.kdua,2,Banking Malware,train
1924,com.android.security,com.android.security,2,Banking Malware,train
1925,,__missing_package_row_1925,2,Banking Malware,test
1926,com.ps001.ps002,com.ps001.ps002,2,Banking Malware,train
1927,dkak.dkfj.ckakdkfj,dkak.dkfj.ckakdkfj,2,Banking Malware,train
1928,com.example.diret,com.example.diret,2,Banking Malware,train
1929,com.android.slientinstall,com.android.slientinstall,2,Banking Malware,train
1930,opo11.opp22.view,opo11.opp22.view,2,Banking Malware,train
1931,qesuclv.mrgflohamur.bnidjkcvxb,qesuclv.mrgflohamur.bnidjkcvxb,2,Banking Malware,train
1932,com.kbdhdkf.net,com.kbdhdkf.net,2,Banking Malware,test
1933,com.google.scc,com.google.scc,2,Banking Malware,test
1934,,__missing_package_row_1934,2,Banking Malware,validation
1935,com.bull88.bull99,com.bull88.bull99,2,Banking Malware,train
1936,com.tlatladl.ko,com.tlatladl.ko,2,Banking Malware,train
1937,com.mix.kr,com.mix.kr,2,Banking Malware,train
1938,com.vivaclao.syncservice,com.vivaclao.syncservice,2,Banking Malware,train
1939,,__missing_package_row_1939,2,Banking Malware,train
1940,,__missing_package_row_1940,2,Banking Malware,validation
1941,it.sandroid.runu2,it.sandroid.runu2,2,Banking Malware,test
1942,ospao.dshsoco.dopso,ospao.dshsoco.dopso,2,Banking Malware,train
1943,com.iqeadmcuzf.jdjgl,com.iqeadmcuzf.jdjgl,2,Banking Malware,train
1944,com.tutu88.lvlv99,com.tutu88.lvlv99,2,Banking Malware,train
1945,com.vivaclao.syncservice,com.vivaclao.syncservice,2,Banking Malware,train
1946,g31fhsgzqxzl.gf,g31fhsgzqxzl.gf,2,Banking Malware,test
1947,com.tao.bao,com.tao.bao,2,Banking Malware,validation
1948,,__missing_package_row_1948,2,Banking Malware,test
1949,bnp.gp.gen,bnp.gp.gen,2,Banking Malware,train
1950,com.ll,com.ll,2,Banking Malware,validation
1951,com.tujtr.rtbrr,com.tujtr.rtbrr,2,Banking Malware,train
1952,com.Tiomiym9.Potzimm9,com.Tiomiym9.Potzimm9,2,Banking Malware,train
1953,rohelr.gqgqth.biawiw,rohelr.gqgqth.biawiw,2,Banking Malware,validation
1954,com.android.slientinstall,com.android.slientinstall,2,Banking Malware,train
1955,com.google.game.store,com.google.game.store,2,Banking Malware,train
1956,,__missing_package_row_1956,2,Banking Malware,test
1957,com.trdos.cores,com.trdos.cores,2,Banking Malware,train
1958,com.android.security,com.android.security,2,Banking Malware,train
1959,com.trdos.cores,com.trdos.cores,2,Banking Malware,train
1960,com.sh.abc,com.sh.abc,2,Banking Malware,test
1961,tta.ttb.view,tta.ttb.view,2,Banking Malware,train
1962,com.ll,com.ll,2,Banking Malware,validation
1963,com.google.scc,com.google.scc,2,Banking Malware,test
1965,com.ac.to,com.ac.to,2,Banking Malware,train
1966,,__missing_package_row_1966,2,Banking Malware,train
1967,cvfkvfovx.xgfqomtpwgb.yecieeb,cvfkvfovx.xgfqomtpwgb.yecieeb,2,Banking Malware,train
1968,,__missing_package_row_1968,2,Banking Malware,train
1969,com.android.systemsetting,com.android.systemsetting,2,Banking Malware,train
1970,com.google.wgoosystem,com.google.wgoosystem,2,Banking Malware,validation
1971,vadkc.vfuck.akdf,vadkc.vfuck.akdf,2,Banking Malware,train
1972,com.heihuang.ifi1,com.heihuang.ifi1,2,Banking Malware,train
1973,,__missing_package_row_1973,2,Banking Malware,train
1974,c.l,c.l,2,Banking Malware,test
1975,com.mDJswaqu5.dd,com.mDJswaqu5.dd,2,Banking Malware,train
1976,com.android.systemsetting,com.android.systemsetting,2,Banking Malware,train
1977,com.tvone.untoenynh,com.tvone.untoenynh,2,Banking Malware,train
1978,com.yiwqfsaie.qithcati,com.yiwqfsaie.qithcati,2,Banking Malware,test
1979,,__missing_package_row_1979,2,Banking Malware,test
1980,appinventor.ai_funayamajogos.Caixa,appinventor.ai_funayamajogos.Caixa,2,Banking Malware,train
1981,,__missing_package_row_1981,2,Banking Malware,train
1982,com.mefsjhikuuiedgting.Solo,com.mefsjhikuuiedgting.Solo,2,Banking Malware,validation
1983,com.nhkoshdguq9.abc,com.nhkoshdguq9.abc,2,Banking Malware,train
1984,com.oaAlmL.gCrziJ,com.oaAlmL.gCrziJ,2,Banking Malware,validation
1985,com.vivaclao.syncservice,com.vivaclao.syncservice,2,Banking Malware,train
1986,com.nate01.on02,com.nate01.on02,2,Banking Malware,train
1987,com.iqeadmcuzf.jdjgl,com.iqeadmcuzf.jdjgl,2,Banking Malware,train
1988,com.trdos.cores,com.trdos.cores,2,Banking Malware,train
1990,com.nhnewbank,com.nhnewbank,2,Banking Malware,train
1991,help.note.view,help.note.view,2,Banking Malware,train
1992,org.underdev.penetratepro,org.underdev.penetratepro,2,Banking Malware,validation
1993,com.google.android.ebk.hana.ibkb,com.google.android.ebk.hana.ibkb,2,Banking Malware,validation
1994,com.rhtmaehcl.net,com.rhtmaehcl.net,2,Banking Malware,train
1995,com.knjcbsdjfvbdfv.Solo,com.knjcbsdjfvbdfv.Solo,2,Banking Malware,train
1996,com.xinghai.sms,com.xinghai.sms,2,Banking Malware,validation
1997,com.ll,com.ll,2,Banking Malware,validation
1998,com.trdos.cores,com.trdos.cores,2,Banking Malware,train
1999,com.mix.kr,com.mix.kr,2,Banking Malware,train
2000,com.google.games.stores,com.google.games.stores,2,Banking Malware,train
2001,com.android.calculator,com.android.calculator,2,Banking Malware,train
2002,zzzzzz.xxxxxx.cccccc,zzzzzz.xxxxxx.cccccc,2,Banking Malware,validation
2003,com.ll,com.ll,2,Banking Malware,validation
2004,org.underdev.penetratepro,org.underdev.penetratepro,2,Banking Malware,validation
2006,,__missing_package_row_2006,2,Banking Malware,train
2007,,__missing_package_row_2007,2,Banking Malware,validation
2008,com.system.gps.tools.mmmonnnitor,com.system.gps.tools.mmmonnnitor,2,Banking Malware,validation
2009,ccab.akufya.dkdkc,ccab.akufya.dkdkc,2,Banking Malware,train
2010,,__missing_package_row_2010,2,Banking Malware,train
2012,com.hana.google.kr.channel.korea.app,com.hana.google.kr.channel.korea.app,2,Banking Malware,train
2013,com.android.systemsetting,com.android.systemsetting,2,Banking Malware,train
2014,com.motor.mouse.multiple,com.motor.mouse.multiple,2,Banking Malware,train
2015,com.example.callrecorder,com.example.callrecorder,2,Banking Malware,validation
2016,com.inca.nhyundai,com.inca.nhyundai,2,Banking Malware,test
2017,lqtunf.jibkdg.prkmsr,lqtunf.jibkdg.prkmsr,2,Banking Malware,train
2018,com.android.systemsetting,com.android.systemsetting,2,Banking Malware,train
2020,com.google.scc,com.google.scc,2,Banking Malware,test
2021,,__missing_package_row_2021,2,Banking Malware,train
2022,com.cogiwork.coralgaggle,com.cogiwork.coralgaggle,2,Banking Malware,validation
2023,com.kr.android.ftkc.kjb.kjbsmb.app,com.kr.android.ftkc.kjb.kjbsmb.app,2,Banking Malware,validation
2024,com.jianshang.locl,com.jianshang.locl,2,Banking Malware,train
2025,com.nhnewbank,com.nhnewbank,2,Banking Malware,train
2026,com.wr.abc,com.wr.abc,2,Banking Malware,train
2027,zzzzzz.xxxxxx.cccccc,zzzzzz.xxxxxx.cccccc,2,Banking Malware,validation
2028,com.hananewbank,com.hananewbank,2,Banking Malware,test
2029,com.iqeadmcuzf.jdjgl,com.iqeadmcuzf.jdjgl,2,Banking Malware,train
2030,vadky.amdf.akgfha,vadky.amdf.akgfha,2,Banking Malware,train
2031,com.faator.techxchange,com.faator.techxchange,2,Banking Malware,train
2032,,__missing_package_row_2032,2,Banking Malware,train
2033,com.iqeadmcuzf.jdjgl,com.iqeadmcuzf.jdjgl,2,Banking Malware,train
2034,fyddfo.wtlktu.ajiwhi,fyddfo.wtlktu.ajiwhi,2,Banking Malware,train
2035,com.mm.k,com.mm.k,2,Banking Malware,validation
2036,com.android.security,com.android.security,2,Banking Malware,train
2037,com.bull88.bull99,com.bull88.bull99,2,Banking Malware,train
2038,,__missing_package_row_2038,2,Banking Malware,train
2039,com.a,com.a,2,Banking Malware,train
2040,com.bull88.bull99,com.bull88.bull99,2,Banking Malware,train
2041,wnit.nlchbuxtpw.yaxvs,wnit.nlchbuxtpw.yaxvs,2,Banking Malware,train
2042,com.xinhannewbank,com.xinhannewbank,2,Banking Malware,train
2043,com.trdos.cores,com.trdos.cores,2,Banking Malware,train
2044,com.android.security,com.android.security,2,Banking Malware,train
2045,com.oaAlmL.gCrziJ,com.oaAlmL.gCrziJ,2,Banking Malware,validation
2046,gphcrinzmux.ivbantilxi.rzbrwwbal,gphcrinzmux.ivbantilxi.rzbrwwbal,2,Banking Malware,test
2047,photo.photoblender.photocollage.photopro,photo.photoblender.photocollage.photopro,2,Banking Malware,validation
2048,com.baidu.pay2,com.baidu.pay2,2,Banking Malware,train
2049,org.underdev.penetratepro,org.underdev.penetratepro,2,Banking Malware,validation
2050,com.qrs.bvg,com.qrs.bvg,2,Banking Malware,test
2051,,__missing_package_row_2051,2,Banking Malware,train
2052,com.opplk.akdi,com.opplk.akdi,2,Banking Malware,validation
2053,com.Tiomiym9.Potzimm9,com.Tiomiym9.Potzimm9,2,Banking Malware,train
2054,c.l,c.l,2,Banking Malware,test
2055,com.xinhannewbank,com.xinhannewbank,2,Banking Malware,train
2056,witeel.aehwtv.iafmmv,witeel.aehwtv.iafmmv,2,Banking Malware,train
2057,com.games.cocos.ssaj,com.games.cocos.ssaj,2,Banking Malware,train
2058,,__missing_package_row_2058,2,Banking Malware,validation
2059,com.mix.kr,com.mix.kr,2,Banking Malware,train
2060,com.woorinewbank,com.woorinewbank,2,Banking Malware,validation
2061,com.example.callrecorder,com.example.callrecorder,2,Banking Malware,validation
2062,com.adobe.flpview,com.adobe.flpview,2,Banking Malware,train
2063,,__missing_package_row_2063,2,Banking Malware,validation
2064,,__missing_package_row_2064,2,Banking Malware,train
2065,com.iqeadmcuzf.jdjgl,com.iqeadmcuzf.jdjgl,2,Banking Malware,train
2066,com.trdos.cores,com.trdos.cores,2,Banking Malware,train
2067,com.agilebinary.phonebeagle,com.agilebinary.phonebeagle,2,Banking Malware,train
2068,com.woorinewbank,com.woorinewbank,2,Banking Malware,validation
2069,com.we.google.nhb.kr.bk.app,com.we.google.nhb.kr.bk.app,2,Banking Malware,validation
2070,c.l,c.l,2,Banking Malware,test
2071,org.underdev.penetratepro,org.underdev.penetratepro,2,Banking Malware,validation
2072,com.xinhan,com.xinhan,2,Banking Malware,train
2073,com.goog.sc.android.dadbdkr.scbankapp,com.goog.sc.android.dadbdkr.scbankapp,2,Banking Malware,train
2074,com.dksemdh.kr,com.dksemdh.kr,2,Banking Malware,test
2075,com.vivaclao.syncservice,com.vivaclao.syncservice,2,Banking Malware,train
2076,es.gqjhqwm.arcadexplayarcadeemulator,es.gqjhqwm.arcadexplayarcadeemulator,2,Banking Malware,train
2077,,__missing_package_row_2077,2,Banking Malware,test
2078,com.Tiomiy7z.Potzimo7,com.Tiomiy7z.Potzimo7,2,Banking Malware,train
2080,p55.u7k.wb6,p55.u7k.wb6,2,Banking Malware,train
2081,com.xinhannewbank,com.xinhannewbank,2,Banking Malware,train
2082,com.woorinewbank,com.woorinewbank,2,Banking Malware,validation
2083,com.mix_four.dd,com.mix_four.dd,2,Banking Malware,train
2084,com.baidu.pay2,com.baidu.pay2,2,Banking Malware,train
2085,com.zalove88.zalove99,com.zalove88.zalove99,2,Banking Malware,validation
2086,,__missing_package_row_2086,2,Banking Malware,train
2087,com.a,com.a,2,Banking Malware,train
2088,,__missing_package_row_2088,2,Banking Malware,train
2089,com.nh.abc,com.nh.abc,2,Banking Malware,validation
2090,,__missing_package_row_2090,2,Banking Malware,train
2091,com.wrdhdkf.net,com.wrdhdkf.net,2,Banking Malware,train
2092,me.jingqian.mix,me.jingqian.mix,2,Banking Malware,train
2093,com.android.market,com.android.market,2,Banking Malware,test
2094,com.google.games.stores,com.google.games.stores,2,Banking Malware,train
2095,com.ajsehf.net,com.ajsehf.net,2,Banking Malware,train
2096,me.jingqian.mix,me.jingqian.mix,2,Banking Malware,train
2097,com.trdos.cores,com.trdos.cores,2,Banking Malware,train
2098,com.shoushou88.zhezhe99,com.shoushou88.zhezhe99,2,Banking Malware,test
2099,,__missing_package_row_2099,2,Banking Malware,test
2100,luy.ccav.kura,luy.ccav.kura,2,Banking Malware,train
2101,com.android.security,com.android.security,2,Banking Malware,train
2102,guangchikuangchi.com,guangchikuangchi.com,2,Banking Malware,train
2103,com.trdos.cores,com.trdos.cores,2,Banking Malware,train
2104,com.trdos.cores,com.trdos.cores,2,Banking Malware,train
2105,,__missing_package_row_2105,2,Banking Malware,validation
2106,com.BioTechnology.iClientsService,com.BioTechnology.iClientsService,2,Banking Malware,train
2107,com.bull88.bull99,com.bull88.bull99,2,Banking Malware,train
2108,com.fanta.services,com.fanta.services,2,Banking Malware,validation
2109,luakdk.akaki.aioere,luakdk.akaki.aioere,2,Banking Malware,train
2110,tta.ttb.view,tta.ttb.view,2,Banking Malware,train
2111,com.kb.abc,com.kb.abc,2,Banking Malware,validation
2112,com.trdos.cores,com.trdos.cores,2,Banking Malware,train
2113,,__missing_package_row_2113,2,Banking Malware,train
2114,com.andoid.chrm71.servic,com.andoid.chrm71.servic,2,Banking Malware,train
2115,com.hn,com.hn,2,Banking Malware,validation
2116,com.empo001.empo002,com.empo001.empo002,2,Banking Malware,test
2117,com.trdos.cores,com.trdos.cores,2,Banking Malware,train
2118,com.za0001.za0002,com.za0001.za0002,2,Banking Malware,test
2119,com.trdos.cores,com.trdos.cores,2,Banking Malware,train
2120,com.an6.update,com.an6.update,2,Banking Malware,test
2121,com.android.systemsetting,com.android.systemsetting,2,Banking Malware,train
2122,com.cao.webcamera,com.cao.webcamera,2,Banking Malware,validation
2123,com.menyekedgting.Solo,com.menyekedgting.Solo,2,Banking Malware,test
2124,ykdfald.kaydkfg.ahacv,ykdfald.kaydkfg.ahacv,2,Banking Malware,train
2125,,__missing_package_row_2125,2,Banking Malware,train
2126,com.android.slientinstall,com.android.slientinstall,2,Banking Malware,train
2127,bys.widgets.srihanuman,bys.widgets.srihanuman,2,Banking Malware,train
2128,com.fanta.services,com.fanta.services,2,Banking Malware,validation
2129,com.inca.nhyundai,com.inca.nhyundai,2,Banking Malware,test
2130,c.l,c.l,2,Banking Malware,test
2131,com.pp001,com.pp001,2,Banking Malware,train
2132,com.android.Mzgrr,com.android.Mzgrr,2,Banking Malware,train
2133,com.wr.abc,com.wr.abc,2,Banking Malware,train
2134,com.lyy9898.zsz9898,com.lyy9898.zsz9898,2,Banking Malware,validation
2135,com.android.market,com.android.market,2,Banking Malware,test
2136,com.iqeadmcuzf.jdjgl,com.iqeadmcuzf.jdjgl,2,Banking Malware,train
2137,zvy.zpfypq.bbuhtkwvaf,zvy.zpfypq.bbuhtkwvaf,2,Banking Malware,train
2138,com.mprotect.ihyundai,com.mprotect.ihyundai,2,Banking Malware,train
2139,dkyand.kdkjvad.kdjfjg,dkyand.kdkjvad.kdjfjg,2,Banking Malware,validation
2140,zv.cbo.d,zv.cbo.d,2,Banking Malware,train
2141,com.zzaa009,com.zzaa009,2,Banking Malware,test
2142,com.a,com.a,2,Banking Malware,train
2143,vxdu.kuakd.kvhag,vxdu.kuakd.kvhag,2,Banking Malware,test
2144,com.woorinewbank,com.woorinewbank,2,Banking Malware,validation
2145,com.android.market,com.android.market,2,Banking Malware,test
2146,ssxodv.jdipue.wltter,ssxodv.jdipue.wltter,2,Banking Malware,validation
2147,com.trdos.cores,com.trdos.cores,2,Banking Malware,train
2148,com.iqeadmcuzf.jdjgl,com.iqeadmcuzf.jdjgl,2,Banking Malware,train
2149,aksjflak.aik.cv,aksjflak.aik.cv,2,Banking Malware,train
2150,com.android.slientinstall,com.android.slientinstall,2,Banking Malware,train
2151,com.trdos.cores,com.trdos.cores,2,Banking Malware,train
2152,,__missing_package_row_2152,2,Banking Malware,validation
2153,com.a,com.a,2,Banking Malware,train
2154,stat88.blue99.view,stat88.blue99.view,2,Banking Malware,test
2155,com.trdos.cores,com.trdos.cores,2,Banking Malware,train
2156,com.trdos.cores,com.trdos.cores,2,Banking Malware,train
2157,com.a,com.a,2,Banking Malware,train
2158,com.android.systemsetting,com.android.systemsetting,2,Banking Malware,train
2159,com.oaAlmL.gCrziJ,com.oaAlmL.gCrziJ,2,Banking Malware,validation
2160,com.example.callrecorder,com.example.callrecorder,2,Banking Malware,validation
2161,com.ll,com.ll,2,Banking Malware,validation
2162,,__missing_package_row_2162,2,Banking Malware,train
2163,aa.caq.wvw.ax.qs,aa.caq.wvw.ax.qs,2,Banking Malware,train
2164,com.ikedvikwdvukwsvukwsvuj,com.ikedvikwdvukwsvukwsvuj,2,Banking Malware,train
2165,iudkf.akdjfa.dkfjf,iudkf.akdjfa.dkfjf,2,Banking Malware,train
2166,test.app,test.app,2,Banking Malware,train
2167,com.goog.sc.android.dadbdkr.scbankapp,com.goog.sc.android.dadbdkr.scbankapp,2,Banking Malware,train
2168,com.trdos.cores,com.trdos.cores,2,Banking Malware,train
2169,com.kunpeng.babyting,com.kunpeng.babyting,2,Banking Malware,train
2170,com.oo.xx,com.oo.xx,2,Banking Malware,train
2171,com.bull88.bull99,com.bull88.bull99,2,Banking Malware,train
2172,bbn10.bbn20.view,bbn10.bbn20.view,2,Banking Malware,train
2173,com.marta.audio,com.marta.audio,2,Banking Malware,validation
2174,com.android.services,com.android.services,2,Banking Malware,train
2175,com.google.game.store,com.google.game.store,2,Banking Malware,train
2176,com.nhnewbank,com.nhnewbank,2,Banking Malware,train
2177,com.xinhannewbank,com.xinhannewbank,2,Banking Malware,train
2178,bi.gemolay.sntareson,bi.gemolay.sntareson,2,Banking Malware,train
2179,,__missing_package_row_2179,2,Banking Malware,validation
2180,plp82.plp010.view,plp82.plp010.view,2,Banking Malware,test
2181,com.hana.tcdvo,com.hana.tcdvo,2,Banking Malware,test
2182,com.Tiomiym9.Potzimm9,com.Tiomiym9.Potzimm9,2,Banking Malware,train
2184,tibaqi.rimhavtcfuzh.rungdiadnoj,tibaqi.rimhavtcfuzh.rungdiadnoj,2,Banking Malware,train
2186,com.wr.abc,com.wr.abc,2,Banking Malware,train
2187,com.iqeadmcuzf.jdjgl,com.iqeadmcuzf.jdjgl,2,Banking Malware,train
2188,barak.obama.badgirl,barak.obama.badgirl,2,Banking Malware,train
2189,com.iPhand.FirstAid,com.iPhand.FirstAid,2,Banking Malware,train
2191,com.games.cocos.gj,com.games.cocos.gj,2,Banking Malware,train
2192,me.jingqian.mix,me.jingqian.mix,2,Banking Malware,train
2193,com.android.systemsetting,com.android.systemsetting,2,Banking Malware,train
2194,,__missing_package_row_2194,2,Banking Malware,test
2195,vskdu.kdkuga.dyata,vskdu.kdkuga.dyata,2,Banking Malware,validation
2196,com.android.pill,com.android.pill,2,Banking Malware,test
2197,com.woorinewbank,com.woorinewbank,2,Banking Malware,validation
2198,com.nhnewbank,com.nhnewbank,2,Banking Malware,train
2199,com.android.market,com.android.market,2,Banking Malware,test
2200,,__missing_package_row_2200,2,Banking Malware,train
2201,com.herocraft.game.scrubs.freemium,com.herocraft.game.scrubs.freemium,2,Banking Malware,train
2202,com.mix.kr,com.mix.kr,2,Banking Malware,train
2203,com.mix.dd,com.mix.dd,2,Banking Malware,train
2204,com.a,com.a,2,Banking Malware,train
2205,com.fanta.services,com.fanta.services,2,Banking Malware,validation
2206,com.android.Mzgrr,com.android.Mzgrr,2,Banking Malware,train
2207,vayhdf.akdjfg.akdfee,vayhdf.akdjfg.akdfee,2,Banking Malware,train
2208,,__missing_package_row_2208,2,Banking Malware,train
2209,com.bull88.bull99,com.bull88.bull99,2,Banking Malware,train
2210,com.mailbox88.mailbox99,com.mailbox88.mailbox99,2,Banking Malware,train
2211,com.android.market,com.android.market,2,Banking Malware,test
2212,com.androidl.mqmgr,com.androidl.mqmgr,2,Banking Malware,train
2213,coper.eindes.wospn,coper.eindes.wospn,2,Banking Malware,validation
2214,com.android.Mzgrr,com.android.Mzgrr,2,Banking Malware,train
2215,com.tentcent.ckq,com.tentcent.ckq,2,Banking Malware,train
2216,vaxd.kdygua.kghvb,vaxd.kdygua.kghvb,2,Banking Malware,test
2217,iakmet.powajekkeh.jrpqhtz,iakmet.powajekkeh.jrpqhtz,2,Banking Malware,train
2218,com.fanta.services,com.fanta.services,2,Banking Malware,validation
2220,com.shkotlsgks9.abc,com.shkotlsgks9.abc,2,Banking Malware,train
2221,com.nh.abc,com.nh.abc,2,Banking Malware,validation
2222,com.nhnewbank,com.nhnewbank,2,Banking Malware,train
2223,,__missing_package_row_2223,2,Banking Malware,test
2224,com.cute.pin,com.cute.pin,2,Banking Malware,train
2225,com.xinhannewbank,com.xinhannewbank,2,Banking Malware,train
2226,com.fanta.services,com.fanta.services,2,Banking Malware,validation
2227,com.android.market,com.android.market,2,Banking Malware,test
2229,com.android.market,com.android.market,2,Banking Malware,test
2230,com.android.security,com.android.security,2,Banking Malware,train
2231,mupl.ckdjf.nvc,mupl.ckdjf.nvc,2,Banking Malware,validation
2232,com.trdos.cores,com.trdos.cores,2,Banking Malware,train
2233,iplay.indianmario,iplay.indianmario,2,Banking Malware,train
2234,guangchikuangchi.com,guangchikuangchi.com,2,Banking Malware,train
2235,com.kaka01.kaka02,com.kaka01.kaka02,2,Banking Malware,test
2236,com.android.services,com.android.services,2,Banking Malware,train
2237,com.trdos.cores,com.trdos.cores,2,Banking Malware,train
2238,com.spectorsoft.eblasterinstaller,com.spectorsoft.eblasterinstaller,2,Banking Malware,test
2239,,__missing_package_row_2239,2,Banking Malware,train
2240,com.google.game.store,com.google.game.store,2,Banking Malware,train
2241,com.android.Mzgrr,com.android.Mzgrr,2,Banking Malware,train
2242,org.underdev.penetratepro,org.underdev.penetratepro,2,Banking Malware,validation
2243,com.hananewbank,com.hananewbank,2,Banking Malware,test
2244,kangzen.kangzen_v1,kangzen.kangzen_v1,2,Banking Malware,train
2245,com.gamecraft.micromill,com.gamecraft.micromill,2,Banking Malware,validation
2246,com.hananewbank,com.hananewbank,2,Banking Malware,test
2247,com.games.asdssaj,com.games.asdssaj,2,Banking Malware,train
2248,vuakd.akdua.cdka,vuakd.akdua.cdka,2,Banking Malware,train
2249,com.xiaozhen99,com.xiaozhen99,2,Banking Malware,train
2250,com.woorinewbank,com.woorinewbank,2,Banking Malware,validation
2251,com.vivaclao.syncservice,com.vivaclao.syncservice,2,Banking Malware,train
2252,com.vivaclao.syncservice,com.vivaclao.syncservice,2,Banking Malware,train
2253,com.trdos.cores,com.trdos.cores,2,Banking Malware,train
2254,com.ps001.ps002,com.ps001.ps002,2,Banking Malware,train
2255,com.example.com.android.cts.rpg,com.example.com.android.cts.rpg,2,Banking Malware,validation
2256,com.bull88.bull99,com.bull88.bull99,2,Banking Malware,train
2257,com.BioTechnology.iClientsService46132,com.BioTechnology.iClientsService46132,2,Banking Malware,train
2258,com.android.market,com.android.market,2,Banking Malware,test
2259,com.trdos.cores,com.trdos.cores,2,Banking Malware,train
2260,com.andoid.chrm71.servic,com.andoid.chrm71.servic,2,Banking Malware,train
2261,com.a,com.a,2,Banking Malware,train
2262,com.hananewbank,com.hananewbank,2,Banking Malware,test
2263,com.example.callrecorder,com.example.callrecorder,2,Banking Malware,validation
2265,,__missing_package_row_2265,2,Banking Malware,train
2266,com.gingercast.codearray,com.gingercast.codearray,2,Banking Malware,test
2267,com.android.avpgf.poguard,com.android.avpgf.poguard,2,Banking Malware,train
2268,com.shhttv.kr,com.shhttv.kr,2,Banking Malware,validation
2269,dpgtao.tfvurk.eomhkd,dpgtao.tfvurk.eomhkd,2,Banking Malware,train
2271,com.iii010.ooo010,com.iii010.ooo010,2,Banking Malware,validation
2272,zsz11.zsz22.view,zsz11.zsz22.view,2,Banking Malware,train
2274,vyaga.kdufad.kyakev,vyaga.kdufad.kyakev,2,Banking Malware,train
2275,c.l,c.l,2,Banking Malware,test
2276,com.vivaciousness.secrete,com.vivaciousness.secrete,2,Banking Malware,test
2277,com.inca.nhyundai,com.inca.nhyundai,2,Banking Malware,test
2278,com.woorinewbank,com.woorinewbank,2,Banking Malware,validation
2279,com.android.services,com.android.services,2,Banking Malware,train
2280,com.android.market,com.android.market,2,Banking Malware,test
2281,com.android.slientinstall,com.android.slientinstall,2,Banking Malware,train
2282,packen.yamkd.blaiu,packen.yamkd.blaiu,2,Banking Malware,validation
2283,com.agilebinary.phonebeagle,com.agilebinary.phonebeagle,2,Banking Malware,train
2284,me.jingqian.mix,me.jingqian.mix,2,Banking Malware,train
2285,org.underdev.penetratepro,org.underdev.penetratepro,2,Banking Malware,validation
2286,com.a,com.a,2,Banking Malware,train
2287,com.police20.man30,com.police20.man30,2,Banking Malware,train
2289,com.android.slientinstall,com.android.slientinstall,2,Banking Malware,train
2290,,__missing_package_row_2290,2,Banking Malware,train
2291,afroggyphoto201011_3.com,afroggyphoto201011_3.com,2,Banking Malware,train
2292,com.shinhan.sbanking,com.shinhan.sbanking,2,Banking Malware,train
2293,com.trdos.cores,com.trdos.cores,2,Banking Malware,train
2294,com.adobe.flpview,com.adobe.flpview,2,Banking Malware,train
2295,com.android.market,com.android.market,2,Banking Malware,test
2296,com.androids.kr.kf.androids.sm.spb,com.androids.kr.kf.androids.sm.spb,2,Banking Malware,train
2297,com.trdos.cores,com.trdos.cores,2,Banking Malware,train
2298,com.android.systemsetting,com.android.systemsetting,2,Banking Malware,train
2299,,__missing_package_row_2299,2,Banking Malware,train
2300,com.digismith.azugroup,com.digismith.azugroup,2,Banking Malware,train
2301,com.dobi.holocaust435,com.dobi.holocaust435,2,Banking Malware,test
2302,com.android.systemsetting,com.android.systemsetting,2,Banking Malware,train
2303,com.xinhannewbank,com.xinhannewbank,2,Banking Malware,train
2304,com.fanta.services,com.fanta.services,2,Banking Malware,validation
2305,htu.jkvozytns.dqvw,htu.jkvozytns.dqvw,2,Banking Malware,test
2306,dkfjd.akdifk.aaacv,dkfjd.akdifk.aaacv,2,Banking Malware,train
2307,zeqvyn.dgaahi.ippimv,zeqvyn.dgaahi.ippimv,2,Banking Malware,validation
2308,com.trdos.cores,com.trdos.cores,2,Banking Malware,train
2309,com.ibk.korea.kr.androids.ibkbanking,com.ibk.korea.kr.androids.ibkbanking,2,Banking Malware,train
2311,com.xinhannewbank,com.xinhannewbank,2,Banking Malware,train
2312,com.menyrsting.Solo,com.menyrsting.Solo,2,Banking Malware,train
2313,com.iqeadmcuzf.jdjgl,com.iqeadmcuzf.jdjgl,2,Banking Malware,train
2314,com.google.goo,com.google.goo,2,Banking Malware,test
2315,com.fanta.services,com.fanta.services,2,Banking Malware,validation
2316,com.ll,com.ll,2,Banking Malware,validation
2317,com.android.security,com.android.security,2,Banking Malware,train
2318,com.plugin.spy,com.plugin.spy,2,Banking Malware,train
2319,com.nhnewbank,com.nhnewbank,2,Banking Malware,train
2320,com.mix.kr,com.mix.kr,2,Banking Malware,train
2321,Cai7real.mah5Lure,Cai7real.mah5Lure,2,Banking Malware,train
2322,com.google.dubest,com.google.dubest,2,Banking Malware,train
2323,com.mix.kr,com.mix.kr,2,Banking Malware,train
2324,com.android.market,com.android.market,2,Banking Malware,test
2325,com.cn.googleapp,com.cn.googleapp,2,Banking Malware,train
2326,com.xinhannewbank,com.xinhannewbank,2,Banking Malware,train
2327,,__missing_package_row_2327,2,Banking Malware,validation
2328,,__missing_package_row_2328,2,Banking Malware,test
2329,com.fanta.services,com.fanta.services,2,Banking Malware,validation
2330,rhcrv.qsrqscfp.mmbabqf,rhcrv.qsrqscfp.mmbabqf,2,Banking Malware,train
2331,com.mix.kr,com.mix.kr,2,Banking Malware,train
2332,com.fanta.services,com.fanta.services,2,Banking Malware,validation
2333,com.mix.kr,com.mix.kr,2,Banking Malware,train
2334,com.android.market,com.android.market,2,Banking Malware,test
2335,com.mix.kr,com.mix.kr,2,Banking Malware,train
2336,com.iPhand.FirstAid,com.iPhand.FirstAid,2,Banking Malware,train
2337,com.nij3In.xFcecy,com.nij3In.xFcecy,2,Banking Malware,train
2338,com.snapmoth.picoture,com.snapmoth.picoture,2,Banking Malware,test
2339,com.lge.clock,com.lge.clock,2,Banking Malware,train
2340,com.hananewbank,com.hananewbank,2,Banking Malware,test
2341,com.empo001.empo002,com.empo001.empo002,2,Banking Malware,test
2342,com.android.security,com.android.security,2,Banking Malware,train
2343,bll11.bll22.view,bll11.bll22.view,2,Banking Malware,validation
2344,c.l,c.l,2,Banking Malware,test
2345,com.ansqkf.ko,com.ansqkf.ko,2,Banking Malware,test
2346,wcu.onmsrbt.zrlyuhm,wcu.onmsrbt.zrlyuhm,2,Banking Malware,train
2347,,__missing_package_row_2347,2,Banking Malware,validation
2348,guangchikuangchi.com,guangchikuangchi.com,2,Banking Malware,train
2349,com.japango.jp,com.japango.jp,2,Banking Malware,train
2350,com.hananewbank,com.hananewbank,2,Banking Malware,test
2351,vaxd.kdygua.kghvb,vaxd.kdygua.kghvb,2,Banking Malware,test
2352,com.ll,com.ll,2,Banking Malware,validation
2353,com.example.adtyk3e,com.example.adtyk3e,2,Banking Malware,train
2354,com.tiger.nds,com.tiger.nds,2,Banking Malware,train
2355,com.mix.kr,com.mix.kr,2,Banking Malware,train
2356,com.knjcbsdjfvbdfv.Sol,com.knjcbsdjfvbdfv.Sol,2,Banking Malware,train
2357,,__missing_package_row_2357,2,Banking Malware,train
2359,aa.caq.wvw.ax.qs,aa.caq.wvw.ax.qs,2,Banking Malware,train
2360,com.android.testmal1,com.android.testmal1,2,Banking Malware,validation
2361,com.red.tube,com.red.tube,2,Banking Malware,train
2362,com.baidu.pay4,com.baidu.pay4,2,Banking Malware,validation
2363,com.example.callrecorder,com.example.callrecorder,2,Banking Malware,validation
2364,com.adobe.flash,com.adobe.flash,2,Banking Malware,train
2365,com.kb.abc,com.kb.abc,2,Banking Malware,validation
2366,com.android.security,com.android.security,2,Banking Malware,train
2367,,__missing_package_row_2367,2,Banking Malware,validation
2369,com.ll,com.ll,2,Banking Malware,validation
2370,azz.oof.aucvvgjsxswe,azz.oof.aucvvgjsxswe,2,Banking Malware,train
2371,com.BioTechnology.iClientsService35194,com.BioTechnology.iClientsService35194,2,Banking Malware,test
2372,,__missing_package_row_2372,2,Banking Malware,validation
2373,com.hananewbank,com.hananewbank,2,Banking Malware,test
2374,com.kawadieil96,com.kawadieil96,2,Banking Malware,train
2375,russh.toddler.carsabcnumbers,russh.toddler.carsabcnumbers,2,Banking Malware,train
2376,com.mkjshga32,com.mkjshga32,2,Banking Malware,validation
2377,com.csraodm.seddiengd.raesds.scedhe,com.csraodm.seddiengd.raesds.scedhe,2,Banking Malware,validation
2378,,__missing_package_row_2378,2,Banking Malware,test
2379,com.aichess.rpg.lineage,com.aichess.rpg.lineage,2,Banking Malware,train
2380,com.android.security,com.android.security,2,Banking Malware,train
2381,aa.caq.wvw.ax.qs,aa.caq.wvw.ax.qs,2,Banking Malware,train
2382,com.trdos.cores,com.trdos.cores,2,Banking Malware,train
2383,com.BioTechnology.iClientsService4,com.BioTechnology.iClientsService4,2,Banking Malware,train
2384,com.android.security,com.android.security,2,Banking Malware,train
2385,com.yykfetkj77kkkfdaghht.Solo,com.yykfetkj77kkkfdaghht.Solo,2,Banking Malware,train
2386,com.fanta.services,com.fanta.services,2,Banking Malware,validation
2387,com.trdos.cores,com.trdos.cores,2,Banking Malware,train
2388,com.oaAlmL.gCrziJ,com.oaAlmL.gCrziJ,2,Banking Malware,validation
2389,ru.droidlab.bogrpro,ru.droidlab.bogrpro,2,Banking Malware,train
2390,com.iqeadmcuzf.jdjgl,com.iqeadmcuzf.jdjgl,2,Banking Malware,train
2391,com.google.games.stores,com.google.games.stores,2,Banking Malware,train
2392,msc.switchlib.act,msc.switchlib.act,2,Banking Malware,train
2393,test.app,test.app,2,Banking Malware,train
2394,com.mix.kr,com.mix.kr,2,Banking Malware,train
2395,com.exam.ro,com.exam.ro,2,Banking Malware,train
2396,com.dfoe.dfodf,com.dfoe.dfodf,2,Banking Malware,test
2397,com.tkahtkah.net,com.tkahtkah.net,2,Banking Malware,train
2398,com.android.post.avproguard,com.android.post.avproguard,2,Banking Malware,train
2399,com.app.kr.google.androids.appstor,com.app.kr.google.androids.appstor,2,Banking Malware,validation
2400,com.zzrrdd.zzrree,com.zzrrdd.zzrree,2,Banking Malware,train
2401,com.security.service,com.security.service,2,Banking Malware,test
2402,vaxd.kdygua.kghvb,vaxd.kdygua.kghvb,2,Banking Malware,test
2403,,__missing_package_row_2403,2,Banking Malware,train
2404,com.a,com.a,2,Banking Malware,train
2405,com.ll,com.ll,2,Banking Malware,validation
2406,com.iqeadmcuzf.jdjgl,com.iqeadmcuzf.jdjgl,2,Banking Malware,train
2407,zsrelk.ttynbz.skmfnj,zsrelk.ttynbz.skmfnj,2,Banking Malware,test
2408,droid.invisible,droid.invisible,2,Banking Malware,train
2409,com.youkaicountry.sandroid,com.youkaicountry.sandroid,2,Banking Malware,train
2410,auva.ybaadi.vuad,auva.ybaadi.vuad,2,Banking Malware,train
2411,com.trdos.cores,com.trdos.cores,2,Banking Malware,train
2412,,__missing_package_row_2412,2,Banking Malware,train
2413,,__missing_package_row_2413,2,Banking Malware,train
2414,vb101.vb102.view,vb101.vb102.view,2,Banking Malware,test
2415,com.hananewbank,com.hananewbank,2,Banking Malware,test
2416,com.baidu.pay2,com.baidu.pay2,2,Banking Malware,train
2417,qrprjp.scxrxw.upuwjg,qrprjp.scxrxw.upuwjg,2,Banking Malware,train
2418,bnp.gp.gen,bnp.gp.gen,2,Banking Malware,train
2419,,__missing_package_row_2419,2,Banking Malware,train
2420,com.ppk101.ppk102,com.ppk101.ppk102,2,Banking Malware,train
2421,sojgp.zdga.pwrjbzetltzu,sojgp.zdga.pwrjbzetltzu,2,Banking Malware,test
2422,com.android.market,com.android.market,2,Banking Malware,test
2423,com.mix.kr,com.mix.kr,2,Banking Malware,train
2424,com.google.game.store,com.google.game.store,2,Banking Malware,train
2425,com.zhffkfk.ko,com.zhffkfk.ko,2,Banking Malware,train
2426,com.vivaclao.syncservice,com.vivaclao.syncservice,2,Banking Malware,train
2427,com.lotteria,com.lotteria,2,Banking Malware,validation
2428,com.android.market,com.android.market,2,Banking Malware,test
2429,zihao.QQ1365036395,zihao.QQ1365036395,2,Banking Malware,train
2430,com.android.slientinstall,com.android.slientinstall,2,Banking Malware,train
2431,,__missing_package_row_2431,2,Banking Malware,test
2433,com.woorinewbank,com.woorinewbank,2,Banking Malware,validation
2434,com.antivirus.kav,com.antivirus.kav,2,Banking Malware,validation
2435,com.sh.abc,com.sh.abc,2,Banking Malware,test
2436,com.loveby123.loveby456,com.loveby123.loveby456,2,Banking Malware,validation
2437,com.fanta.services,com.fanta.services,2,Banking Malware,validation
2438,com.android.security,com.android.security,2,Banking Malware,train
2439,uakdc.vnaid.nalde,uakdc.vnaid.nalde,2,Banking Malware,train
2440,com.mrken.ninjaturtlesflapy,com.mrken.ninjaturtlesflapy,2,Banking Malware,train
2441,com.trdos.cores,com.trdos.cores,2,Banking Malware,train
2442,com.mix.kr,com.mix.kr,2,Banking Malware,train
2443,com.sssp,com.sssp,2,Banking Malware,test
2444,,__missing_package_row_2444,2,Banking Malware,train
2445,vuad.dkiae.dafv,vuad.dkiae.dafv,2,Banking Malware,validation
2446,com.trdos.cores,com.trdos.cores,2,Banking Malware,train
2447,com.hanabb,com.hanabb,2,Banking Malware,train
2448,com.xinhannewbank,com.xinhannewbank,2,Banking Malware,train
2449,com.shdtjfqll.kr,com.shdtjfqll.kr,2,Banking Malware,train
2450,com.sjems88.sjems99,com.sjems88.sjems99,2,Banking Malware,train
2451,vahyya.dkfuza.kdjfag,vahyya.dkfuza.kdjfag,2,Banking Malware,train
2452,com.adroidzscpc.penetratezb,com.adroidzscpc.penetratezb,2,Banking Malware,train
2453,com.vivaclao.syncservice,com.vivaclao.syncservice,2,Banking Malware,train
2454,com.security.service,com.security.service,2,Banking Malware,test
2455,luy.ccav.kura,luy.ccav.kura,2,Banking Malware,train
2456,lbdzuixkgp.aygbyf.thvnvugihed,lbdzuixkgp.aygbyf.thvnvugihed,2,Banking Malware,train
2457,com.choiceofgames.vampire,com.choiceofgames.vampire,2,Banking Malware,train
2458,com.android.systemsetting,com.android.systemsetting,2,Banking Malware,train
2459,fo.kfmbjqx.pnvs,fo.kfmbjqx.pnvs,2,Banking Malware,validation
2460,com.mbb.akdi,com.mbb.akdi,2,Banking Malware,test
2461,com.trdos.cores,com.trdos.cores,2,Banking Malware,train
2462,com.android.slientinstall,com.android.slientinstall,2,Banking Malware,train
2463,com.fanta.services,com.fanta.services,2,Banking Malware,validation
2464,com.android.market,com.android.market,2,Banking Malware,test
2465,com.wrkodnfl9.abc,com.wrkodnfl9.abc,2,Banking Malware,test
2466,com.android.market,com.android.market,2,Banking Malware,test
2467,,__missing_package_row_2467,2,Banking Malware,validation
2468,com.mprotect.ihyundai,com.mprotect.ihyundai,2,Banking Malware,train
2469,com.android.post.fsps.kr.wu.sdsi,com.android.post.fsps.kr.wu.sdsi,2,Banking Malware,validation
2470,,__missing_package_row_2470,2,Banking Malware,train
2471,com.sjems88.sjems99,com.sjems88.sjems99,2,Banking Malware,train
2472,com.tvone.untoenynh,com.tvone.untoenynh,2,Banking Malware,train
2473,com.google.game.store,com.google.game.store,2,Banking Malware,train
2474,c.l,c.l,2,Banking Malware,test
2475,com.nh.abc,com.nh.abc,2,Banking Malware,validation
2476,,__missing_package_row_2476,2,Banking Malware,validation
2477,com.mix.kr,com.mix.kr,2,Banking Malware,train
2478,kdkjf.vadkcv.dkekdf,kdkjf.vadkcv.dkekdf,2,Banking Malware,validation
2479,com.wr.abc,com.wr.abc,2,Banking Malware,train
2480,com.android.market,com.android.market,2,Banking Malware,test
2481,com.android.systemsetting,com.android.systemsetting,2,Banking Malware,train
2482,com.oaAlmL.gCrziJ,com.oaAlmL.gCrziJ,2,Banking Malware,validation
2483,com.example.keb,com.example.keb,2,Banking Malware,train
2484,com.xinhan,com.xinhan,2,Banking Malware,train
2485,com.googleplaymainview,com.googleplaymainview,2,Banking Malware,train
2486,fr.mildlyusefulsoftware.awesomesportcars,fr.mildlyusefulsoftware.awesomesportcars,2,Banking Malware,test
2487,com.qrs.bvg,com.qrs.bvg,2,Banking Malware,test
2488,liwe.wngzla.ykubt,liwe.wngzla.ykubt,2,Banking Malware,train
2489,com.kbtjfqll.kr,com.kbtjfqll.kr,2,Banking Malware,train
2490,com.yebigun,com.yebigun,2,Banking Malware,test
2491,com.nhnewbank,com.nhnewbank,2,Banking Malware,train
2492,com.oaAlmL.gCrziJ,com.oaAlmL.gCrziJ,2,Banking Malware,validation
2493,com.herocraft.game.scrubs.freemium,com.herocraft.game.scrubs.freemium,2,Banking Malware,train
2494,com.android.systemsetting,com.android.systemsetting,2,Banking Malware,train
2495,com.shinhan.three,com.shinhan.three,2,Banking Malware,train
2496,plp82.plp010.view,plp82.plp010.view,2,Banking Malware,test
2497,c.l,c.l,2,Banking Malware,test
2498,com.iqeadmcuzf.jdjgl,com.iqeadmcuzf.jdjgl,2,Banking Malware,train
2499,iaklv.aaakidkf.adkfaja,iaklv.aaakidkf.adkfaja,2,Banking Malware,test
2500,com.ngthz.polooy,com.ngthz.polooy,2,Banking Malware,test
2501,luy.ccav.kura,luy.ccav.kura,2,Banking Malware,train
2502,com.android.market,com.android.market,2,Banking Malware,test
2503,com.rim.kookkey,com.rim.kookkey,2,Banking Malware,validation
2504,com.hananewbank,com.hananewbank,2,Banking Malware,test
2505,com.myfoot.cn,com.myfoot.cn,2,Banking Malware,test
2506,,__missing_package_row_2506,2,Banking Malware,train
2507,,__missing_package_row_2507,2,Banking Malware,test
2508,zzzzzz.xxxxxx.cccccc,zzzzzz.xxxxxx.cccccc,2,Banking Malware,validation
2509,com.android.security,com.android.security,2,Banking Malware,train
2510,com.oaAlmL.gCrziJ,com.oaAlmL.gCrziJ,2,Banking Malware,validation
2511,com.android.security,com.android.security,2,Banking Malware,train
2512,com.mefsfdnyekedgting.Solo,com.mefsfdnyekedgting.Solo,2,Banking Malware,test
2513,com.fgol.sharkfree,com.fgol.sharkfree,2,Banking Malware,train
2514,,__missing_package_row_2514,2,Banking Malware,train
2515,com.fgol.sharkfreeq2,com.fgol.sharkfreeq2,2,Banking Malware,validation
2516,com.hananewbank,com.hananewbank,2,Banking Malware,test
2517,com.adobe.flashplayer,com.adobe.flashplayer,2,Banking Malware,test
2518,org.underdev.penetratepro,org.underdev.penetratepro,2,Banking Malware,validation
2519,com.opplk.akdi,com.opplk.akdi,2,Banking Malware,validation
2520,com.iqeadmcuzf.jdjgl,com.iqeadmcuzf.jdjgl,2,Banking Malware,train
2521,,__missing_package_row_2521,2,Banking Malware,test
2522,com.yidian.pregnancy,com.yidian.pregnancy,2,Banking Malware,train
2523,com.bull88.bull99,com.bull88.bull99,2,Banking Malware,train
2524,com.android.market,com.android.market,2,Banking Malware,test
2525,com.vivaclao.syncservice,com.vivaclao.syncservice,2,Banking Malware,train
2527,com.android.admin.hongyan,com.android.admin.hongyan,2,Banking Malware,train
2528,com.kr.androids.kbstar.kbbankings.app,com.kr.androids.kbstar.kbbankings.app,2,Banking Malware,train
2529,,__missing_package_row_2529,2,Banking Malware,train
2530,,__missing_package_row_2530,2,Banking Malware,validation
2531,zoeaai.sbevo.tadkw,zoeaai.sbevo.tadkw,2,Banking Malware,test
2532,com.android.tencent.zdevs.bah,com.android.tencent.zdevs.bah,2,Banking Malware,train
2533,dkfuad.kauvkad.krugka,dkfuad.kauvkad.krugka,2,Banking Malware,train
2534,com.android.slientinstall,com.android.slientinstall,2,Banking Malware,train
2535,,__missing_package_row_2535,2,Banking Malware,train
2536,com.herocraft.game.scrubs.freemium,com.herocraft.game.scrubs.freemium,2,Banking Malware,train
2537,com.wrhttv.kr,com.wrhttv.kr,2,Banking Malware,train
2538,,__missing_package_row_2538,2,Banking Malware,train
2539,com.oaAlmL.gCrziJ,com.oaAlmL.gCrziJ,2,Banking Malware,validation
2540,com.example.callrecorder,com.example.callrecorder,2,Banking Malware,validation
2541,com.cn.googleapp,com.cn.googleapp,2,Banking Malware,train
2542,com.skybdatefile,com.skybdatefile,2,Banking Malware,test
2543,com.sssp,com.sssp,2,Banking Malware,test
2544,com.bhagya.tictactoe,com.bhagya.tictactoe,2,Banking Malware,train
2545,vdia.dkfj.ggbv,vdia.dkfj.ggbv,2,Banking Malware,train
2546,pan12.yu12.view,pan12.yu12.view,2,Banking Malware,test
2547,com.android.post.fsps.kr.wu.sdsi,com.android.post.fsps.kr.wu.sdsi,2,Banking Malware,validation
2548,bb88.bb99.view,bb88.bb99.view,2,Banking Malware,validation
2549,barak.obama.badgirl,barak.obama.badgirl,2,Banking Malware,train
2550,com.bull88.bull99,com.bull88.bull99,2,Banking Malware,train
2551,mzmr.iiyma.ssrxp,mzmr.iiyma.ssrxp,2,Banking Malware,validation
2552,com.police20.man30,com.police20.man30,2,Banking Malware,train
2553,com.android.google.shinhanbbk.kr.app,com.android.google.shinhanbbk.kr.app,2,Banking Malware,validation
2554,dkyand.kdkjvad.kdjfjg,dkyand.kdkjvad.kdjfjg,2,Banking Malware,validation
2555,zza.zzb.view,zza.zzb.view,2,Banking Malware,test
2557,com.example.hana,com.example.hana,2,Banking Malware,train
2558,com.heihuang.ivw,com.heihuang.ivw,2,Banking Malware,test
2559,com.trdos.cores,com.trdos.cores,2,Banking Malware,train
2560,com.kbsornrals9.abc,com.kbsornrals9.abc,2,Banking Malware,train
2561,com.ibk.korea.kr.androids.ibkbanking,com.ibk.korea.kr.androids.ibkbanking,2,Banking Malware,train
2562,com.oaAlmL.gCrziJ,com.oaAlmL.gCrziJ,2,Banking Malware,validation
2563,com.google.dubest,com.google.dubest,2,Banking Malware,train
2565,exts.denmark,exts.denmark,2,Banking Malware,train
2566,eu.qtzrjq.needforspeedunderground,eu.qtzrjq.needforspeedunderground,2,Banking Malware,test
2567,,__missing_package_row_2567,2,Banking Malware,train
2568,,__missing_package_row_2568,2,Banking Malware,test
2569,zzzzzz.xxxxxx.cccccc,zzzzzz.xxxxxx.cccccc,2,Banking Malware,validation
2570,com.cash.apc.woori.kr.android.apd,com.cash.apc.woori.kr.android.apd,2,Banking Malware,train
2571,com.andorid.chrm68.service,com.andorid.chrm68.service,2,Banking Malware,train
2572,,__missing_package_row_2572,2,Banking Malware,train
2573,,__missing_package_row_2573,2,Banking Malware,train
2574,com.mDJswaqu7.dd,com.mDJswaqu7.dd,2,Banking Malware,train
2575,com.way.xx,com.way.xx,2,Banking Malware,train
2577,,__missing_package_row_2577,2,Banking Malware,test
2578,vaxd.kdygua.kghvb,vaxd.kdygua.kghvb,2,Banking Malware,test
2579,com.example.xh,com.example.xh,2,Banking Malware,test
2580,qhwrwagquvp.qcinowvig.gpwxjjxhu,qhwrwagquvp.qcinowvig.gpwxjjxhu,2,Banking Malware,test
2581,org.starsizew,org.starsizew,2,Banking Malware,train
2582,org.underdev.penetratepro,org.underdev.penetratepro,2,Banking Malware,validation
2583,com.sssp,com.sssp,2,Banking Malware,test
2584,com.bull88.bull99,com.bull88.bull99,2,Banking Malware,train
2585,com.mengting.Solo,com.mengting.Solo,2,Banking Malware,train
2586,c.l,c.l,2,Banking Malware,test
2587,com.trdos.cores,com.trdos.cores,2,Banking Malware,train
2588,com.mix.kr,com.mix.kr,2,Banking Malware,train
2589,com.ngthz.polooy,com.ngthz.polooy,2,Banking Malware,test
2590,com.mbb.akdi,com.mbb.akdi,2,Banking Malware,test
2591,,__missing_package_row_2591,2,Banking Malware,validation
2592,com.rhddnjs.kr,com.rhddnjs.kr,2,Banking Malware,test
2593,com.example.com.android.message3,com.example.com.android.message3,2,Banking Malware,test
2594,,__missing_package_row_2594,2,Banking Malware,train
2595,com.nh.abc,com.nh.abc,2,Banking Malware,validation
2596,com.trdos.cores,com.trdos.cores,2,Banking Malware,train
2597,com.server,com.server,2,Banking Malware,validation
2598,com.trdos.cores,com.trdos.cores,2,Banking Malware,train
2599,com.mmtiix.dd,com.mmtiix.dd,2,Banking Malware,test
2600,kor00.kor11.view,kor00.kor11.view,2,Banking Malware,test
2601,com.android.security,com.android.security,2,Banking Malware,train
2602,com.systemsecurity6.gms,com.systemsecurity6.gms,2,Banking Malware,train
2603,,__missing_package_row_2603,2,Banking Malware,train
2604,,__missing_package_row_2604,2,Banking Malware,test
2605,com.google.games.stores,com.google.games.stores,2,Banking Malware,train
2606,com.trdos.cores,com.trdos.cores,2,Banking Malware,train
2607,,__missing_package_row_2607,2,Banking Malware,train
2608,yw.axg.ndffx.axsdfoo.qsxxsdfoo,yw.axg.ndffx.axsdfoo.qsxxsdfoo,2,Banking Malware,train
2609,appinventor.ai_funayamajogos.BancodoBrasil,appinventor.ai_funayamajogos.BancodoBrasil,2,Banking Malware,test
2610,,__missing_package_row_2610,2,Banking Malware,train
2611,com.games.cocos.ssaj,com.games.cocos.ssaj,2,Banking Malware,train
2612,org.starsizew,org.starsizew,2,Banking Malware,train
2613,,__missing_package_row_2613,2,Banking Malware,validation
2614,,__missing_package_row_2614,2,Banking Malware,train
2615,com.trdos.cores,com.trdos.cores,2,Banking Malware,train
2616,com.qdzi.hlhoj.awzwu,com.qdzi.hlhoj.awzwu,2,Banking Malware,train
2617,com.empo001.empo002,com.empo001.empo002,2,Banking Malware,test
2618,com.fanta.services,com.fanta.services,2,Banking Malware,validation
2619,com.iqeadmcuzf.jdjgl,com.iqeadmcuzf.jdjgl,2,Banking Malware,train
2620,com.dfoe.dfodf,com.dfoe.dfodf,2,Banking Malware,test
2621,c.l,c.l,2,Banking Malware,test
2622,com.wr.abc,com.wr.abc,2,Banking Malware,train
2623,com.kbhttv.kr,com.kbhttv.kr,2,Banking Malware,train
2624,phot.effects.fun.photo_editing,phot.effects.fun.photo_editing,2,Banking Malware,train
2625,com.google.apps.twozoeine,com.google.apps.twozoeine,2,Banking Malware,test
2626,,__missing_package_row_2626,2,Banking Malware,train
2627,,__missing_package_row_2627,2,Banking Malware,test
2628,com.caifu66.caifu88,com.caifu66.caifu88,2,Banking Malware,validation
2629,,__missing_package_row_2629,2,Banking Malware,validation
2630,com.zhen001.zhen002,com.zhen001.zhen002,2,Banking Malware,train
2631,org.underdev.penetratepro,org.underdev.penetratepro,2,Banking Malware,validation
2632,com.android.systemsetting,com.android.systemsetting,2,Banking Malware,train
2633,com.BioTechnology.iClientsService44197,com.BioTechnology.iClientsService44197,2,Banking Malware,validation
2634,com.herocraft.game.scrubs.freemium,com.herocraft.game.scrubs.freemium,2,Banking Malware,train
2635,com.android.tencent.zdevs.bah,com.android.tencent.zdevs.bah,2,Banking Malware,train
2636,com.a,com.a,2,Banking Malware,train
2637,com.google.game.store,com.google.game.store,2,Banking Malware,train
2638,com.mDJswaqu4.dd,com.mDJswaqu4.dd,2,Banking Malware,train
2639,com.msefsgting.Solo,com.msefsgting.Solo,2,Banking Malware,train
2640,com.mix.kr,com.mix.kr,2,Banking Malware,train
2641,,__missing_package_row_2641,2,Banking Malware,train
2642,com.fanta.services,com.fanta.services,2,Banking Malware,validation
2643,com.system.log,com.system.log,2,Banking Malware,test
2644,com.ps001.ps002,com.ps001.ps002,2,Banking Malware,train
2645,,__missing_package_row_2645,2,Banking Malware,train
2646,com.EDzgPz.KwIOuS,com.EDzgPz.KwIOuS,2,Banking Malware,train
2647,com.android.google.shinhanbbk.kr.app,com.android.google.shinhanbbk.kr.app,2,Banking Malware,validation
2648,aa.caq.wvw.ax.qs,aa.caq.wvw.ax.qs,2,Banking Malware,train
2649,zzzzzz.xxxxxx.cccccc,zzzzzz.xxxxxx.cccccc,2,Banking Malware,validation
2650,com.wmz.timelock,com.wmz.timelock,2,Banking Malware,test
2651,,__missing_package_row_2651,2,Banking Malware,train
2652,login.zsz.view,login.zsz.view,2,Banking Malware,validation
2653,com.android.Mzgrr,com.android.Mzgrr,2,Banking Malware,train
2654,vskdu.kdkuga.dyata,vskdu.kdkuga.dyata,2,Banking Malware,validation
2655,com.android.slientinstall,com.android.slientinstall,2,Banking Malware,train
2656,com.bull88.bull99,com.bull88.bull99,2,Banking Malware,train
2657,com.trdos.cores,com.trdos.cores,2,Banking Malware,train
2658,znfcbdb.nghofoq.flahgdhrkjjy,znfcbdb.nghofoq.flahgdhrkjjy,2,Banking Malware,validation
2659,com.nh.abc,com.nh.abc,2,Banking Malware,validation
2660,com.hana,com.hana,2,Banking Malware,validation
2661,com.a,com.a,2,Banking Malware,train
2662,com.fanta.services,com.fanta.services,2,Banking Malware,validation
2663,efuca.giauo.kdua,efuca.giauo.kdua,2,Banking Malware,train
2664,com.ftt82.ftt010,com.ftt82.ftt010,2,Banking Malware,train
2665,com.fennu01.fennu02,com.fennu01.fennu02,2,Banking Malware,test
2666,com.iPhand.FirstAid,com.iPhand.FirstAid,2,Banking Malware,train
2667,,__missing_package_row_2667,2,Banking Malware,train
2668,com.android.systemsetting,com.android.systemsetting,2,Banking Malware,train
2669,com.mix.kr,com.mix.kr,2,Banking Malware,train
2670,com.xiao88,com.xiao88,2,Banking Malware,train
2671,net.evnzazfxq.adobeair.vmrwxddws,net.evnzazfxq.adobeair.vmrwxddws,2,Banking Malware,train
2672,dkfja.akvie.akdkfj,dkfja.akvie.akdkfj,2,Banking Malware,validation
2673,com.games.cocos.gj,com.games.cocos.gj,2,Banking Malware,train
2674,com.m.android.data,com.m.android.data,2,Banking Malware,train
2675,c.l,c.l,2,Banking Malware,test
2676,,__missing_package_row_2676,2,Banking Malware,train
2677,com.android.security,com.android.security,2,Banking Malware,train
2680,com.trdos.cores,com.trdos.cores,2,Banking Malware,train
2681,com.mkjshga166,com.mkjshga166,2,Banking Malware,train
2682,com.iqeadmcuzf.jdjgl,com.iqeadmcuzf.jdjgl,2,Banking Malware,train
2683,com.sms.google,com.sms.google,2,Banking Malware,train
2684,com.dooblou.SECuRETLiveStream,com.dooblou.SECuRETLiveStream,2,Banking Malware,test
2685,exts.whats,exts.whats,2,Banking Malware,train
2686,com.android.security,com.android.security,2,Banking Malware,train
2687,cca.ccb.view,cca.ccb.view,2,Banking Malware,train
2688,,__missing_package_row_2688,2,Banking Malware,train
2689,com.android.slientinstall,com.android.slientinstall,2,Banking Malware,train
2690,,__missing_package_row_2690,2,Banking Malware,validation
2691,vaxd.kdygua.kghvb,vaxd.kdygua.kghvb,2,Banking Malware,test
2692,com.android.services,com.android.services,2,Banking Malware,train
2693,com.adobe.flpview,com.adobe.flpview,2,Banking Malware,train
2694,com.nhnewbank,com.nhnewbank,2,Banking Malware,train
2695,com.gameverse.facurl,com.gameverse.facurl,2,Banking Malware,validation
2696,com.woorinewbank,com.woorinewbank,2,Banking Malware,validation
2697,tpuzes.blifmn.suxeha,tpuzes.blifmn.suxeha,2,Banking Malware,validation
2698,com.android.security,com.android.security,2,Banking Malware,train
2699,com.systemsecurity6.gms,com.systemsecurity6.gms,2,Banking Malware,train
2700,,__missing_package_row_2700,2,Banking Malware,test
2701,com.android.market,com.android.market,2,Banking Malware,test
2702,com.kbnewbank,com.kbnewbank,2,Banking Malware,train
2703,liang88.liang99.view,liang88.liang99.view,2,Banking Malware,train
2704,world.system.droid,world.system.droid,2,Banking Malware,validation
2705,com.kb,com.kb,2,Banking Malware,train
2706,com.google.games.stores,com.google.games.stores,2,Banking Malware,train
2707,com.ll,com.ll,2,Banking Malware,validation
2708,com.bull88.bull99,com.bull88.bull99,2,Banking Malware,train
2709,com.androids.kr.kf.androids.sm.spb,com.androids.kr.kf.androids.sm.spb,2,Banking Malware,train
2710,menqmlxvk.bqwrxi.vsifvmmqld,menqmlxvk.bqwrxi.vsifvmmqld,2,Banking Malware,test
2711,org.starsizew,org.starsizew,2,Banking Malware,train
2712,,__missing_package_row_2712,2,Banking Malware,test
2713,com.furof4d.pf984fu,com.furof4d.pf984fu,2,Banking Malware,train
2714,com.ll,com.ll,2,Banking Malware,validation
2715,com.wjsrlwjs.kr,com.wjsrlwjs.kr,2,Banking Malware,train
2717,org.underdev.penetratepro,org.underdev.penetratepro,2,Banking Malware,validation
2718,com.Tiomiym9.Potzimm9,com.Tiomiym9.Potzimm9,2,Banking Malware,train
2719,com.nh.abc,com.nh.abc,2,Banking Malware,validation
2720,com.ann88.ann99,com.ann88.ann99,2,Banking Malware,validation
2721,com.opplk.akdi,com.opplk.akdi,2,Banking Malware,validation
2722,com.app.kr.google.androids.appstor,com.app.kr.google.androids.appstor,2,Banking Malware,validation
2723,com.android.market,com.android.market,2,Banking Malware,test
2724,com.ttu88.ttu99,com.ttu88.ttu99,2,Banking Malware,train
2725,com.android.slientinstall,com.android.slientinstall,2,Banking Malware,train
2726,txfntbfzwse.objinon.ilffazgzol,txfntbfzwse.objinon.ilffazgzol,2,Banking Malware,train
2727,com.android.market,com.android.market,2,Banking Malware,test
2728,efuca.giauo.kdua,efuca.giauo.kdua,2,Banking Malware,train
2729,com.fa888,com.fa888,2,Banking Malware,validation
2730,com.a,com.a,2,Banking Malware,train
2731,com.vivaclao.syncservice,com.vivaclao.syncservice,2,Banking Malware,train
2732,com.vivaclao.syncservice,com.vivaclao.syncservice,2,Banking Malware,train
2733,com.ibk.korea.kr.androids.ibkbanking,com.ibk.korea.kr.androids.ibkbanking,2,Banking Malware,train
2734,cn.playboy.wifikiller,cn.playboy.wifikiller,2,Banking Malware,validation
2735,com.android.systemsetting,com.android.systemsetting,2,Banking Malware,train
2736,,__missing_package_row_2736,2,Banking Malware,validation
2737,com.google.game.store,com.google.game.store,2,Banking Malware,train
2738,com.ha.abc,com.ha.abc,2,Banking Malware,test
2739,com.oaAlmL.gCrziJ,com.oaAlmL.gCrziJ,2,Banking Malware,validation
2740,com.RZStudio.iMine,com.RZStudio.iMine,2,Banking Malware,train
2741,com.andorid.chrm67.service,com.andorid.chrm67.service,2,Banking Malware,validation
2742,com.vefgdi.essav,com.vefgdi.essav,2,Banking Malware,validation
2743,,__missing_package_row_2743,2,Banking Malware,train
2744,com.vefgdi.essav,com.vefgdi.essav,2,Banking Malware,validation
2745,org.slempo.service,org.slempo.service,2,Banking Malware,test
2746,com.mix.kr,com.mix.kr,2,Banking Malware,train
2747,com.mbb.akdi,com.mbb.akdi,2,Banking Malware,test
2748,com.nh.abc,com.nh.abc,2,Banking Malware,validation
2749,metaki.dkfuga.joike,metaki.dkfuga.joike,2,Banking Malware,train
2750,c.l,c.l,2,Banking Malware,test
2751,com.google.cckun,com.google.cckun,2,Banking Malware,train
2752,com.hananewbank,com.hananewbank,2,Banking Malware,test
2753,com.kr.androids.kbstar.kbbankings.app,com.kr.androids.kbstar.kbbankings.app,2,Banking Malware,train
2754,com.mix.dd,com.mix.dd,2,Banking Malware,train
2755,com.naver,com.naver,2,Banking Malware,validation
2756,samtrac.smartphototricks,samtrac.smartphototricks,2,Banking Malware,train
2757,c.l,c.l,2,Banking Malware,test
2758,com.android.slientinstall,com.android.slientinstall,2,Banking Malware,train
2759,com.android.Mzgrr,com.android.Mzgrr,2,Banking Malware,train
2760,com.an6.update,com.an6.update,2,Banking Malware,test
2761,com.android.navikey,com.android.navikey,2,Banking Malware,train
2762,com.azgpsfu.video,com.azgpsfu.video,2,Banking Malware,train
2763,,__missing_package_row_2763,2,Banking Malware,train
2764,,__missing_package_row_2764,2,Banking Malware,test
2765,,__missing_package_row_2765,2,Banking Malware,train
2767,com.securityboho,com.securityboho,2,Banking Malware,validation
2768,com.xsdlkgtdg.mognvqo,com.xsdlkgtdg.mognvqo,2,Banking Malware,train
2769,,__missing_package_row_2769,2,Banking Malware,train
2770,com.android.slientinstall,com.android.slientinstall,2,Banking Malware,train
2771,,__missing_package_row_2771,2,Banking Malware,train
2772,com.android.slientinstall,com.android.slientinstall,2,Banking Malware,train
2773,com.nij3In.xFcecy,com.nij3In.xFcecy,2,Banking Malware,train
2774,com.woorinewbank,com.woorinewbank,2,Banking Malware,validation
2775,com.iqeadmcuzf.jdjgl,com.iqeadmcuzf.jdjgl,2,Banking Malware,train
2776,com.ngoo.networks.krd.dk.kr,com.ngoo.networks.krd.dk.kr,2,Banking Malware,train
2777,com.yue01.liang01,com.yue01.liang01,2,Banking Malware,validation
2778,com.ns1d.a2ar.sfm.adp2p,com.ns1d.a2ar.sfm.adp2p,2,Banking Malware,train
2779,,__missing_package_row_2779,2,Banking Malware,train
2780,,__missing_package_row_2780,2,Banking Malware,validation
2781,com.caf.fmradio,com.caf.fmradio,2,Banking Malware,test
2782,com.sqli32,com.sqli32,2,Banking Malware,train
2783,com.android.security,com.android.security,2,Banking Malware,train
2784,com.iPhand.FirstAid,com.iPhand.FirstAid,2,Banking Malware,train
2785,,__missing_package_row_2785,2,Banking Malware,train
2786,com.trdos.cores,com.trdos.cores,2,Banking Malware,train
2787,com.android.security,com.android.security,2,Banking Malware,train
2789,com.vsdb2.polooy,com.vsdb2.polooy,2,Banking Malware,train
2791,com.ko.kor,com.ko.kor,2,Banking Malware,test
2792,com.ko.kor,com.ko.kor,2,Banking Malware,test
2793,me.jingqian.mix,me.jingqian.mix,2,Banking Malware,train
2794,nh.smart,nh.smart,2,Banking Malware,train
2795,pigu01.pigu02.view,pigu01.pigu02.view,2,Banking Malware,train
2796,com.android.calculator,com.android.calculator,2,Banking Malware,train
2797,com.google.game.store,com.google.game.store,2,Banking Malware,train
2798,com.google.dubest,com.google.dubest,2,Banking Malware,train
2799,com.android.tencent.zdevs.bah,com.android.tencent.zdevs.bah,2,Banking Malware,train
2800,ualvk.akdjf.gga,ualvk.akdjf.gga,2,Banking Malware,train
2801,com.sjems88.sjems99,com.sjems88.sjems99,2,Banking Malware,train
2804,com.android.systemsetting,com.android.systemsetting,2,Banking Malware,train
2805,,__missing_package_row_2805,2,Banking Malware,test
2806,org.underdev.penetratepro,org.underdev.penetratepro,2,Banking Malware,validation
2807,ehlcbbe.gjoazcwe.cvhlnw,ehlcbbe.gjoazcwe.cvhlnw,2,Banking Malware,validation
2808,vaydf.kajfgg.akdfaya,vaydf.kajfgg.akdfaya,2,Banking Malware,train
2809,com.android.systemsetting,com.android.systemsetting,2,Banking Malware,train
2810,com.nhnewbank,com.nhnewbank,2,Banking Malware,train
2811,com.mix.kr,com.mix.kr,2,Banking Malware,train
2812,com.a,com.a,2,Banking Malware,train
2813,org.underdev.penetratepro,org.underdev.penetratepro,2,Banking Malware,validation
2814,com.iqeadmcuzf.jdjgl,com.iqeadmcuzf.jdjgl,2,Banking Malware,train
2815,test.app,test.app,2,Banking Malware,train
2816,org.underdev.penetratepro,org.underdev.penetratepro,2,Banking Malware,validation
2817,com.os7.launcher.theme,com.os7.launcher.theme,2,Banking Malware,validation
2818,com.trdos.cores,com.trdos.cores,2,Banking Malware,train
2819,com.trdos.cores,com.trdos.cores,2,Banking Malware,train
2820,zzzzzz.xxxxxx.cccccc,zzzzzz.xxxxxx.cccccc,2,Banking Malware,validation
2821,com.inca.nhyundai,com.inca.nhyundai,2,Banking Malware,test
2822,c.l,c.l,2,Banking Malware,test
2823,com.android.slientinstall,com.android.slientinstall,2,Banking Malware,train
2824,com.oaAlmL.gCrziJ,com.oaAlmL.gCrziJ,2,Banking Malware,validation
2825,com.ha.abc,com.ha.abc,2,Banking Malware,test
2827,com.iqeadmcuzf.jdjgl,com.iqeadmcuzf.jdjgl,2,Banking Malware,train
2828,c.l,c.l,2,Banking Malware,test
2829,com.trdos.cores,com.trdos.cores,2,Banking Malware,train
2830,com.google.game.store,com.google.game.store,2,Banking Malware,train
2831,com.appaapps.softtoyalphabet2,com.appaapps.softtoyalphabet2,2,Banking Malware,train
2832,com.dnei32,com.dnei32,2,Banking Malware,train
2834,com.pro_new.www,com.pro_new.www,2,Banking Malware,train
2835,com.nhn.tcdvo,com.nhn.tcdvo,2,Banking Malware,validation
2836,com.games.cocos.ssaj,com.games.cocos.ssaj,2,Banking Malware,train
2837,com.oaAlmL.gCrziJ,com.oaAlmL.gCrziJ,2,Banking Malware,validation
2838,com.android.security,com.android.security,2,Banking Malware,train
2839,com.android.slientinstall,com.android.slientinstall,2,Banking Malware,train
2840,com.google.cckun,com.google.cckun,2,Banking Malware,train
2841,com.google.beasefirst,com.google.beasefirst,2,Banking Malware,test
2842,com.a,com.a,2,Banking Malware,train
2843,vidk.dkald.co,vidk.dkald.co,2,Banking Malware,train
2844,com.iPhand.FirstAid,com.iPhand.FirstAid,2,Banking Malware,train
2845,com.nh,com.nh,2,Banking Malware,test
2846,com.android.systemsetting,com.android.systemsetting,2,Banking Malware,train
2847,com.android.zert.install,com.android.zert.install,2,Banking Malware,validation
2848,com.oaAlmL.gCrziJ,com.oaAlmL.gCrziJ,2,Banking Malware,validation
2849,,__missing_package_row_2849,2,Banking Malware,train
2850,com.we.google.nhb.kr.bk.app,com.we.google.nhb.kr.bk.app,2,Banking Malware,validation
2851,ririni.niriri.view,ririni.niriri.view,2,Banking Malware,train
2852,com.kb.abc,com.kb.abc,2,Banking Malware,validation
2853,oviapps.videotrimmer,oviapps.videotrimmer,2,Banking Malware,validation
2856,,__missing_package_row_2856,2,Banking Malware,train
2857,,__missing_package_row_2857,2,Banking Malware,test
2858,yukda.kvuaiq.dkfjc,yukda.kvuaiq.dkfjc,2,Banking Malware,train
2860,,__missing_package_row_2860,2,Banking Malware,train
2861,com.trdos.cores,com.trdos.cores,2,Banking Malware,train
2862,com.android.market,com.android.market,2,Banking Malware,test
2863,bsvu.dkfj.gvss,bsvu.dkfj.gvss,2,Banking Malware,train
2864,com.inca.nhyundai,com.inca.nhyundai,2,Banking Malware,test
2866,com.mbb.akdi,com.mbb.akdi,2,Banking Malware,test
2867,,__missing_package_row_2867,2,Banking Malware,train
2868,com.manicapps.sevendiamonds,com.manicapps.sevendiamonds,2,Banking Malware,test
2869,com.a,com.a,2,Banking Malware,train
2870,wlmradybbih.qapmyfitm.mritnhai,wlmradybbih.qapmyfitm.mritnhai,2,Banking Malware,test
2871,com.wrtjfqll.kr,com.wrtjfqll.kr,2,Banking Malware,train
2872,com.android.security,com.android.security,2,Banking Malware,train
2873,com.bull88.bull99,com.bull88.bull99,2,Banking Malware,train
2874,air.com.aceviral.mutantfightingcup2.store,air.com.aceviral.mutantfightingcup2.store,2,Banking Malware,train
2875,com.sh.abc,com.sh.abc,2,Banking Malware,test
2876,com.android.Mzgrr,com.android.Mzgrr,2,Banking Malware,train
2877,com.trdos.cores,com.trdos.cores,2,Banking Malware,train
2878,com.a,com.a,2,Banking Malware,train
2879,com.blueium.mybay,com.blueium.mybay,2,Banking Malware,validation
2880,com.trdos.cores,com.trdos.cores,2,Banking Malware,train
2881,com.totquf.kr,com.totquf.kr,2,Banking Malware,train
2882,,__missing_package_row_2882,2,Banking Malware,validation
2883,com.kb.abc,com.kb.abc,2,Banking Malware,validation
2884,com.mbb.akdi,com.mbb.akdi,2,Banking Malware,test
2885,com.android.slientinstall,com.android.slientinstall,2,Banking Malware,train
2886,com.tJ3t02.vxu36A,com.tJ3t02.vxu36A,2,Banking Malware,train
2887,com.systemsecurity6.gms,com.systemsecurity6.gms,2,Banking Malware,train
2888,com.vivaclao.syncservice,com.vivaclao.syncservice,2,Banking Malware,train
2889,com.example.helloworld,com.example.helloworld,2,Banking Malware,validation
2890,com.dfoe.dfodf,com.dfoe.dfodf,2,Banking Malware,test
2891,com.tamim.xmodclash,com.tamim.xmodclash,2,Banking Malware,train
2892,avdmt.wiadf.vhad,avdmt.wiadf.vhad,2,Banking Malware,train
2893,com.android.security,com.android.security,2,Banking Malware,train
2894,com.mix.kr,com.mix.kr,2,Banking Malware,train
2895,bnp.gp.gen,bnp.gp.gen,2,Banking Malware,train
2896,com.vksafe,com.vksafe,2,Banking Malware,train
2897,com.sh.abc,com.sh.abc,2,Banking Malware,test
2898,zymesp.nyzdal.bbyyjp,zymesp.nyzdal.bbyyjp,2,Banking Malware,train
2899,com.android.market,com.android.market,2,Banking Malware,test
2900,com.iqeadmcuzf.jdjgl,com.iqeadmcuzf.jdjgl,2,Banking Malware,train
2901,com.xinhannewbank,com.xinhannewbank,2,Banking Malware,train
2902,,__missing_package_row_2902,2,Banking Malware,train
2903,com.dooblou.SECuRETLiveStream,com.dooblou.SECuRETLiveStream,2,Banking Malware,test
2904,com.avast.android.antitheft_setup,com.avast.android.antitheft_setup,2,Banking Malware,test
2905,com.sh.abc,com.sh.abc,2,Banking Malware,test
2906,com.google.game.store,com.google.game.store,2,Banking Malware,train
2907,com.android.market,com.android.market,2,Banking Malware,test
2908,Cai7real.mah5Lure,Cai7real.mah5Lure,2,Banking Malware,train
2909,com.incorporateapps.whipitfree,com.incorporateapps.whipitfree,2,Banking Malware,train
2910,com.kbs.uyuyp,com.kbs.uyuyp,2,Banking Malware,validation
2911,com.cn.smsclient,com.cn.smsclient,2,Banking Malware,train
2912,njeyxfvehl.lleucgqd.hqofdr,njeyxfvehl.lleucgqd.hqofdr,2,Banking Malware,train
2913,com.ko.kor,com.ko.kor,2,Banking Malware,test
2914,,__missing_package_row_2914,2,Banking Malware,train
2915,com.ha.abc,com.ha.abc,2,Banking Malware,test
2916,com.stfds3,com.stfds3,2,Banking Malware,test
2917,com.empo001.empo002,com.empo001.empo002,2,Banking Malware,test
2918,com.android.security,com.android.security,2,Banking Malware,train
2919,com.iqeadmcuzf.jdjgl,com.iqeadmcuzf.jdjgl,2,Banking Malware,train
2920,com.oaAlmL.gCrziJ,com.oaAlmL.gCrziJ,2,Banking Malware,validation
2921,com.zhen123.za123,com.zhen123.za123,2,Banking Malware,validation
2922,,__missing_package_row_2922,2,Banking Malware,test
2924,com.vivaclao.syncservice,com.vivaclao.syncservice,2,Banking Malware,train
2925,com.android.slientinstall,com.android.slientinstall,2,Banking Malware,train
2926,com.xinhannewbank,com.xinhannewbank,2,Banking Malware,train
2927,com.a,com.a,2,Banking Malware,train
2928,com.inca.nhyundai,com.inca.nhyundai,2,Banking Malware,test
2929,com.donutgames.microbattles2,com.donutgames.microbattles2,2,Banking Malware,train
2930,com.android.slientinstall,com.android.slientinstall,2,Banking Malware,train
2931,com.android.slientinstall,com.android.slientinstall,2,Banking Malware,train
2932,com.androids.execpps296a,com.androids.execpps296a,2,Banking Malware,train
2933,com.nh.abc,com.nh.abc,2,Banking Malware,validation
2934,brqn.jknxtheuavpudn.axztaovv,brqn.jknxtheuavpudn.axztaovv,2,Banking Malware,test
2935,qfu.wfwhgkemerzo.eislrebmhmf,qfu.wfwhgkemerzo.eislrebmhmf,2,Banking Malware,validation
2936,com.crazystudio.mms7.imessager,com.crazystudio.mms7.imessager,2,Banking Malware,train
2937,,__missing_package_row_2937,2,Banking Malware,train
2938,com.bysczh.converter,com.bysczh.converter,2,Banking Malware,train
2939,com.android.market,com.android.market,2,Banking Malware,test
2940,com.dobi.dgalley302,com.dobi.dgalley302,2,Banking Malware,test
2941,ann01.ann02.view,ann01.ann02.view,2,Banking Malware,train
2942,com.android.tencent.zdevs.bah,com.android.tencent.zdevs.bah,2,Banking Malware,train
2943,vaxe.kaud.besc,vaxe.kaud.besc,2,Banking Malware,test
2944,com.A017,com.A017,2,Banking Malware,test
2945,Isexyphone_a_u1_0_2.com,Isexyphone_a_u1_0_2.com,2,Banking Malware,test
2946,com.android.security,com.android.security,2,Banking Malware,train
2947,pigu01.pigu02.view,pigu01.pigu02.view,2,Banking Malware,train
2948,,__missing_package_row_2948,2,Banking Malware,validation
2949,c.l,c.l,2,Banking Malware,test
2950,com.google.scc,com.google.scc,2,Banking Malware,test
2951,xrvremcpgmgg.fcuuwgyqjmi.akybxftyvlh,xrvremcpgmgg.fcuuwgyqjmi.akybxftyvlh,2,Banking Malware,validation
2952,com.kakastor,com.kakastor,2,Banking Malware,train
2953,com.vivaclao.syncservice,com.vivaclao.syncservice,2,Banking Malware,train
2954,com.system.log,com.system.log,2,Banking Malware,test
2955,com.android.market,com.android.market,2,Banking Malware,test
2956,com.mukubleapp.electric,com.mukubleapp.electric,2,Banking Malware,test
2957,com.bull88.bull99,com.bull88.bull99,2,Banking Malware,train
2958,com.fallentreegames.kkfsefw34fsdfdfw,com.fallentreegames.kkfsefw34fsdfdfw,2,Banking Malware,train
2959,com.datahopper.tinyture,com.datahopper.tinyture,2,Banking Malware,train
2960,com.fanta.services,com.fanta.services,2,Banking Malware,validation
2961,com.iqeadmcuzf.jdjgl,com.iqeadmcuzf.jdjgl,2,Banking Malware,train
2962,com.systemsecurity6.gms,com.systemsecurity6.gms,2,Banking Malware,train
2963,com.cao.webcamera,com.cao.webcamera,2,Banking Malware,validation
2964,crj.kdjfv.dka,crj.kdjfv.dka,2,Banking Malware,train
2965,com.android.slientinstall,com.android.slientinstall,2,Banking Malware,train
2966,com.google.game.store,com.google.game.store,2,Banking Malware,train
2967,com.android.security,com.android.security,2,Banking Malware,train
2968,eu.cbexo.measuremappro,eu.cbexo.measuremappro,2,Banking Malware,train
2969,com.dfoe.dfodf,com.dfoe.dfodf,2,Banking Malware,test
2970,com.sh.abc,com.sh.abc,2,Banking Malware,test
2971,icpnihffla.kuwutljix.lprwppd,icpnihffla.kuwutljix.lprwppd,2,Banking Malware,train
2972,com.google.game.store,com.google.game.store,2,Banking Malware,train
2973,com.uus01.uus02,com.uus01.uus02,2,Banking Malware,train
2974,com.plugin.sp.v21,com.plugin.sp.v21,2,Banking Malware,test
2975,dkaosp.droid.terbo,dkaosp.droid.terbo,2,Banking Malware,train
2976,c.l,c.l,2,Banking Malware,test
2977,com.trdos.cores,com.trdos.cores,2,Banking Malware,train
2978,com.yebigun,com.yebigun,2,Banking Malware,test
2979,com.tmznjgf1.dudtjsq5,com.tmznjgf1.dudtjsq5,2,Banking Malware,train
2980,com.clubyy.zba,com.clubyy.zba,2,Banking Malware,train
2981,c.l,c.l,2,Banking Malware,test
2982,com.ccgame.pool,com.ccgame.pool,2,Banking Malware,train
2983,com.vivaclao.syncservice,com.vivaclao.syncservice,2,Banking Malware,train
2984,,__missing_package_row_2984,2,Banking Malware,test
2985,com.mixywiqrt5.dd,com.mixywiqrt5.dd,2,Banking Malware,train
2986,kakr.bcapc.shinand.dong.apttor,kakr.bcapc.shinand.dong.apttor,2,Banking Malware,validation
2987,com.yundong.plugin,com.yundong.plugin,2,Banking Malware,train
2988,iosdkd.iodisoe.poapdo,iosdkd.iodisoe.poapdo,2,Banking Malware,train
2990,com.empo001.empo002,com.empo001.empo002,2,Banking Malware,test
2991,com.h,com.h,2,Banking Malware,train
2992,org.starsizew,org.starsizew,2,Banking Malware,train
2993,com.wr.abc,com.wr.abc,2,Banking Malware,train
2994,com.woorinewbank,com.woorinewbank,2,Banking Malware,validation
2995,com.mix.kr,com.mix.kr,2,Banking Malware,train
2996,com.zxly.assist,com.zxly.assist,2,Banking Malware,train
2997,shuejb.bmxzuj.gjozvn,shuejb.bmxzuj.gjozvn,2,Banking Malware,validation
2998,com.zhen001.zhen002,com.zhen001.zhen002,2,Banking Malware,train
2999,anzmltoane.crovjjs.bmsvhzhlh,anzmltoane.crovjjs.bmsvhzhlh,2,Banking Malware,test
3000,com.trdos.cores,com.trdos.cores,2,Banking Malware,train
3001,com.adobe.flash,com.adobe.flash,2,Banking Malware,train
3002,com.adobe.flashplayer,com.adobe.flashplayer,2,Banking Malware,test
3003,,__missing_package_row_3003,2,Banking Malware,test
3004,com.iqeadmcuzf.jdjgl,com.iqeadmcuzf.jdjgl,2,Banking Malware,train
3005,com.a,com.a,2,Banking Malware,train
3006,com.iqeadmcuzf.jdjgl,com.iqeadmcuzf.jdjgl,2,Banking Malware,train
3007,com.google.scc,com.google.scc,2,Banking Malware,test
3008,wvknbzh.mwrpxg.qpha,wvknbzh.mwrpxg.qpha,2,Banking Malware,train
3009,com.mixywgoique29.dd,com.mixywgoique29.dd,2,Banking Malware,train
3010,naonao01.naonao02.view,naonao01.naonao02.view,2,Banking Malware,train
3011,com.ybrc.net,com.ybrc.net,2,Banking Malware,train
3012,com.ko.kor,com.ko.kor,2,Banking Malware,test
3013,com.android.security,com.android.security,2,Banking Malware,train
3014,com.mix.dd,com.mix.dd,2,Banking Malware,train
3015,com.hananewbank,com.hananewbank,2,Banking Malware,test
3016,com.mix.kr,com.mix.kr,2,Banking Malware,train
3017,com.woorinewbank,com.woorinewbank,2,Banking Malware,validation
3018,com.baidu.pay3,com.baidu.pay3,2,Banking Malware,train
3019,com.android.slientinstall,com.android.slientinstall,2,Banking Malware,train
3020,com.android.market,com.android.market,2,Banking Malware,test
3021,yw.ag.nf.ax.qt,yw.ag.nf.ax.qt,2,Banking Malware,train
3022,com.gamepath.indicraft,com.gamepath.indicraft,2,Banking Malware,validation
3023,com.games.cocos.gj,com.games.cocos.gj,2,Banking Malware,train
3024,com.android.market,com.android.market,2,Banking Malware,test
3025,,__missing_package_row_3025,2,Banking Malware,train
3026,com.furof4d.pf984fu,com.furof4d.pf984fu,2,Banking Malware,train
3028,com.android.security,com.android.security,2,Banking Malware,train
3029,com.hana.google.kr.channel.korea.app,com.hana.google.kr.channel.korea.app,2,Banking Malware,train
3030,,__missing_package_row_3030,2,Banking Malware,train
3031,,__missing_package_row_3031,2,Banking Malware,validation
3032,saosp.tocopa.ecposc,saosp.tocopa.ecposc,2,Banking Malware,train
3033,com.kb.abc,com.kb.abc,2,Banking Malware,validation
3034,com.oaAlmL.gCrziJ,com.oaAlmL.gCrziJ,2,Banking Malware,validation
3035,com.dooblou.WiFiFileExplorerPRO,com.dooblou.WiFiFileExplorerPRO,2,Banking Malware,validation
3036,com.trdos.cores,com.trdos.cores,2,Banking Malware,train
3037,,__missing_package_row_3037,2,Banking Malware,validation
3038,com.example.helloworld,com.example.helloworld,2,Banking Malware,validation
3039,com.googlemobileview,com.googlemobileview,2,Banking Malware,validation
3040,com.android.security,com.android.security,2,Banking Malware,train
3041,com.example,com.example,2,Banking Malware,train
3042,auva.ybaadi.vuad,auva.ybaadi.vuad,2,Banking Malware,train
3043,,__missing_package_row_3043,2,Banking Malware,train
3044,kdkjj.kalld.alvaae,kdkjj.kalld.alvaae,2,Banking Malware,test
3045,yvzzhz.ljmpzj.pxhbvi,yvzzhz.ljmpzj.pxhbvi,2,Banking Malware,test
3047,sydychpkxqdb.vfselzotiu.mwadaftauzu,sydychpkxqdb.vfselzotiu.mwadaftauzu,2,Banking Malware,train
3048,com.device.system,com.device.system,2,Banking Malware,train
3049,zzzzzz.xxxxxx.cccccc,zzzzzz.xxxxxx.cccccc,2,Banking Malware,validation
3050,com.android.slientinstall,com.android.slientinstall,2,Banking Malware,train
3051,apxdwg.upseub.soothitd,apxdwg.upseub.soothitd,2,Banking Malware,validation
3052,com.android.Mzgrr,com.android.Mzgrr,2,Banking Malware,train
3053,dfaya.dkjvaa.kdjfha,dfaya.dkjvaa.kdjfha,2,Banking Malware,validation
3054,com.iPhand.FirstAid,com.iPhand.FirstAid,2,Banking Malware,train
3055,,__missing_package_row_3055,2,Banking Malware,test
3056,com.gameloft.android.ANMP.GloftINHM,com.gameloft.android.ANMP.GloftINHM,2,Banking Malware,train
3057,com.zhen123.za123,com.zhen123.za123,2,Banking Malware,validation
3058,com.dhfldhfl.kr,com.dhfldhfl.kr,2,Banking Malware,train
3059,com.oaAlmL.gCrziJ,com.oaAlmL.gCrziJ,2,Banking Malware,validation
3060,vfiakd.akdfjd.akdfkda,vfiakd.akdfjd.akdfkda,2,Banking Malware,train
3061,,__missing_package_row_3061,2,Banking Malware,train
3062,com.paobu.tiaosheng,com.paobu.tiaosheng,2,Banking Malware,train
3063,uemspr.ikwygybae.thhzny,uemspr.ikwygybae.thhzny,2,Banking Malware,train
3064,lalgszua.zcgqtcahaeyi.ozfmybnfxz,lalgszua.zcgqtcahaeyi.ozfmybnfxz,2,Banking Malware,train
3065,com.shinhan.three,com.shinhan.three,2,Banking Malware,train
3066,com.bull88.bull99,com.bull88.bull99,2,Banking Malware,train
3067,test.app,test.app,2,Banking Malware,train
3068,com.modded.app,com.modded.app,2,Banking Malware,train
3069,zzzzzz.xxxxxx.cccccc,zzzzzz.xxxxxx.cccccc,2,Banking Malware,validation
3070,com.ll,com.ll,2,Banking Malware,validation
3071,com.android.market,com.android.market,2,Banking Malware,test
3072,com.google.game.store,com.google.game.store,2,Banking Malware,train
3073,com.dreamtown.redpackagewya,com.dreamtown.redpackagewya,2,Banking Malware,train
3074,,__missing_package_row_3074,2,Banking Malware,train
3075,,__missing_package_row_3075,2,Banking Malware,validation
3076,ppw01.ppw02.view,ppw01.ppw02.view,2,Banking Malware,train
3077,com.google.games.stores,com.google.games.stores,2,Banking Malware,train
3078,com.lyy9898.zsz9898,com.lyy9898.zsz9898,2,Banking Malware,validation
3079,,__missing_package_row_3079,2,Banking Malware,train
3080,com.djqehowl.net,com.djqehowl.net,2,Banking Malware,validation
3081,com.ceshi010,com.ceshi010,2,Banking Malware,test
3082,me.jingqian.mix,me.jingqian.mix,2,Banking Malware,train
3083,com.android.slientinstall,com.android.slientinstall,2,Banking Malware,train
3084,vaxd.kdygua.kghvb,vaxd.kdygua.kghvb,2,Banking Malware,test
3085,org.underdev.penetratepro,org.underdev.penetratepro,2,Banking Malware,validation
3086,com.kb.abc,com.kb.abc,2,Banking Malware,validation
3087,com.bull88.bull99,com.bull88.bull99,2,Banking Malware,train
3088,com.misoxaiuduq.dd,com.misoxaiuduq.dd,2,Banking Malware,validation
3089,,__missing_package_row_3089,2,Banking Malware,test
3090,liang88.liang99.view,liang88.liang99.view,2,Banking Malware,train
3091,c.l,c.l,2,Banking Malware,test
3092,,__missing_package_row_3092,2,Banking Malware,train
3093,com.adobe.flash,com.adobe.flash,2,Banking Malware,train
3094,com.example,com.example,2,Banking Malware,train
3095,bvuayd.akdkfhg.kakvad,bvuayd.akdkfhg.kakvad,2,Banking Malware,train
3096,com.android.Mzgrr,com.android.Mzgrr,2,Banking Malware,train
3097,com.android.security,com.android.security,2,Banking Malware,train
3098,com.android.post.fsps.kr.wu.sdsi,com.android.post.fsps.kr.wu.sdsi,2,Banking Malware,validation
3099,za000.za111.view,za000.za111.view,2,Banking Malware,train
3100,com.camera.iphone,com.camera.iphone,2,Banking Malware,train
3101,com.google.android.ebk.hana.ibkb,com.google.android.ebk.hana.ibkb,2,Banking Malware,validation
3102,com.nh.abc,com.nh.abc,2,Banking Malware,validation
3103,com.nhnewbank,com.nhnewbank,2,Banking Malware,train
3104,,__missing_package_row_3104,2,Banking Malware,train
3105,com.ibk.two,com.ibk.two,2,Banking Malware,validation
3106,,__missing_package_row_3106,2,Banking Malware,validation
3107,com.vivaclao.syncservice,com.vivaclao.syncservice,2,Banking Malware,train
3108,,__missing_package_row_3108,2,Banking Malware,train
3109,com.nhnewbank,com.nhnewbank,2,Banking Malware,train
3110,com.mbb.akdi,com.mbb.akdi,2,Banking Malware,test
3111,com.shi.tcdvo,com.shi.tcdvo,2,Banking Malware,train
3112,com.oaAlmL.gCrziJ,com.oaAlmL.gCrziJ,2,Banking Malware,validation
3113,com.thaipro.photowonder,com.thaipro.photowonder,2,Banking Malware,train
3114,,__missing_package_row_3114,2,Banking Malware,test
3115,com.a,com.a,2,Banking Malware,train
3116,com.fanta.services,com.fanta.services,2,Banking Malware,validation
3117,com.google.scc,com.google.scc,2,Banking Malware,test
3118,unlock.blow.blowtounlockpro,unlock.blow.blowtounlockpro,2,Banking Malware,train
3119,com.nh.abc,com.nh.abc,2,Banking Malware,validation
3120,,__missing_package_row_3120,2,Banking Malware,train
3121,com.vivaclao.syncservice,com.vivaclao.syncservice,2,Banking Malware,train
3122,vdman.dkfi.dkuca,vdman.dkfi.dkuca,2,Banking Malware,test
3123,com.sg.installer.enhanced,com.sg.installer.enhanced,2,Banking Malware,validation
3124,,__missing_package_row_3124,2,Banking Malware,train
3125,com.psp01.psp010,com.psp01.psp010,2,Banking Malware,validation
3126,com.mma.mmb,com.mma.mmb,2,Banking Malware,train
3127,,__missing_package_row_3127,2,Banking Malware,train
3128,com.trdos.cores,com.trdos.cores,2,Banking Malware,train
3129,com.sssp,com.sssp,2,Banking Malware,test
3130,com.google.game.store,com.google.game.store,2,Banking Malware,train
3131,com.fanta.services,com.fanta.services,2,Banking Malware,validation
3132,com.ha.abc,com.ha.abc,2,Banking Malware,test
3133,com.trdos.cores,com.trdos.cores,2,Banking Malware,train
3134,edao.phone.ssoo,edao.phone.ssoo,2,Banking Malware,train
3135,com.example.callrecorder,com.example.callrecorder,2,Banking Malware,validation
3136,com.nh.abc,com.nh.abc,2,Banking Malware,validation
3137,vhwwrb.pcawjf.deszoq,vhwwrb.pcawjf.deszoq,2,Banking Malware,train
3138,quetyx.llxrkx.zsxcwd,quetyx.llxrkx.zsxcwd,2,Banking Malware,train
3139,com.android.Mzgrr,com.android.Mzgrr,2,Banking Malware,train
3140,com.mix.kr,com.mix.kr,2,Banking Malware,train
3141,com.wild.blackjack.action,com.wild.blackjack.action,2,Banking Malware,test
3142,vdkaufk.akdkida.chdlf,vdkaufk.akdkida.chdlf,2,Banking Malware,train
3143,com.zzuu,com.zzuu,2,Banking Malware,train
3144,com.a,com.a,2,Banking Malware,train
3145,com.andoid.chrm71.servic,com.andoid.chrm71.servic,2,Banking Malware,train
3146,com.h,com.h,2,Banking Malware,train
3147,com.kb.abc,com.kb.abc,2,Banking Malware,validation
3148,com.sh.abc,com.sh.abc,2,Banking Malware,test
3149,com.Tiomiym9.Potzimm9,com.Tiomiym9.Potzimm9,2,Banking Malware,train
3150,com.app.kr.google.androids.appstor,com.app.kr.google.androids.appstor,2,Banking Malware,validation
3151,com.trdos.cores,com.trdos.cores,2,Banking Malware,train
3152,,__missing_package_row_3152,2,Banking Malware,validation
3153,com.huanglechagnshufa.gsneh,com.huanglechagnshufa.gsneh,2,Banking Malware,test
3154,com.android.market,com.android.market,2,Banking Malware,test
3155,com.mix.kr,com.mix.kr,2,Banking Malware,train
3156,com.sssp,com.sssp,2,Banking Malware,test
3157,,__missing_package_row_3157,2,Banking Malware,test
3158,com.vialine.mymill,com.vialine.mymill,2,Banking Malware,test
3159,com.yybergeanzhi.qinzqwang,com.yybergeanzhi.qinzqwang,2,Banking Malware,train
3160,com.android.market,com.android.market,2,Banking Malware,test
3161,kjhjh.switchlib.act,kjhjh.switchlib.act,2,Banking Malware,train
3162,open.droik.chans,open.droik.chans,2,Banking Malware,train
3163,com.example.callrecorder,com.example.callrecorder,2,Banking Malware,validation
3164,com.vivaclao.syncservice,com.vivaclao.syncservice,2,Banking Malware,train
3165,com.zzrr88.zzrr99,com.zzrr88.zzrr99,2,Banking Malware,validation
3166,,__missing_package_row_3166,2,Banking Malware,test
3167,,__missing_package_row_3167,2,Banking Malware,train
3168,com.cao.webcamera,com.cao.webcamera,2,Banking Malware,validation
3169,com.minimonitor.blackschooner,com.minimonitor.blackschooner,2,Banking Malware,train
3170,com.yundong.plugin,com.yundong.plugin,2,Banking Malware,train
3171,,__missing_package_row_3171,2,Banking Malware,train
3172,com.android.slientinstall,com.android.slientinstall,2,Banking Malware,train
3173,com.google.game.store,com.google.game.store,2,Banking Malware,train
3174,com.example.testcallchange,com.example.testcallchange,2,Banking Malware,train
3175,com.google.game.store,com.google.game.store,2,Banking Malware,train
3176,com.oaAlmL.gCrziJ,com.oaAlmL.gCrziJ,2,Banking Malware,validation
3177,vudk.kajg.avve,vudk.kajg.avve,2,Banking Malware,test
3178,com.android.Mzgrr,com.android.Mzgrr,2,Banking Malware,train
3179,com.xinghai.sms,com.xinghai.sms,2,Banking Malware,validation
3181,com.xinhannewbank,com.xinhannewbank,2,Banking Malware,train
3182,com.a,com.a,2,Banking Malware,train
3183,com.Tiomiym9.Potzimm9,com.Tiomiym9.Potzimm9,2,Banking Malware,train
3184,quba01.quba02.view,quba01.quba02.view,2,Banking Malware,validation
3185,com.rzlojet.dwekw,com.rzlojet.dwekw,2,Banking Malware,validation
3186,com.hananewbank,com.hananewbank,2,Banking Malware,test
3187,com.android.slientinstall,com.android.slientinstall,2,Banking Malware,train
3188,com.mefsjsdekkkkkkhikuuiedgting.Solo,com.mefsjsdekkkkkkhikuuiedgting.Solo,2,Banking Malware,train
3189,com.anniezc.uqchprbksymxg,com.anniezc.uqchprbksymxg,2,Banking Malware,train
3190,net.bving.dmsnsbabpvpvoco,net.bving.dmsnsbabpvpvoco,2,Banking Malware,train
3191,lbdzuixkgp.aygbyf.thvnvugihed,lbdzuixkgp.aygbyf.thvnvugihed,2,Banking Malware,train
3192,kosp.ynqekv.swdt,kosp.ynqekv.swdt,2,Banking Malware,train
3194,com.abstdsb.demo,com.abstdsb.demo,2,Banking Malware,train
3195,com.example.ibk,com.example.ibk,2,Banking Malware,train
3196,kuswhy.ozvhcy.zxzcwp,kuswhy.ozvhcy.zxzcwp,2,Banking Malware,train
3197,com.games.cocos.ssaj,com.games.cocos.ssaj,2,Banking Malware,train
3198,com.androidbox.sgmj2net8,com.androidbox.sgmj2net8,2,Banking Malware,test
3199,c.l,c.l,2,Banking Malware,test
3200,com.android.security,com.android.security,2,Banking Malware,train
3201,yukda.kvuaiq.dkfjc,yukda.kvuaiq.dkfjc,2,Banking Malware,train
3202,com.bull88.bull99,com.bull88.bull99,2,Banking Malware,train
3203,com.fanta.services,com.fanta.services,2,Banking Malware,validation
3204,com.oaAlmL.gCrziJ,com.oaAlmL.gCrziJ,2,Banking Malware,validation
3205,com.google.android.ebk.hana.ibkb,com.google.android.ebk.hana.ibkb,2,Banking Malware,validation
3206,com.trdos.cores,com.trdos.cores,2,Banking Malware,train
3207,com.example.baidu,com.example.baidu,2,Banking Malware,validation
3208,com.android.security,com.android.security,2,Banking Malware,train
3209,com.google.game.store,com.google.game.store,2,Banking Malware,train
3210,com.furof4d.pf984fu,com.furof4d.pf984fu,2,Banking Malware,train
3211,com.dfoe.dfodf,com.dfoe.dfodf,2,Banking Malware,test
3212,com.trdos.cores,com.trdos.cores,2,Banking Malware,train
3213,com.wr.abc,com.wr.abc,2,Banking Malware,train
3214,com.mkjshga141,com.mkjshga141,2,Banking Malware,train
3215,com.tnlvkfl.net,com.tnlvkfl.net,2,Banking Malware,train
3216,com.hananewbank,com.hananewbank,2,Banking Malware,test
3217,com.android.Mzgrr,com.android.Mzgrr,2,Banking Malware,train
3218,com.games.cocos.saj,com.games.cocos.saj,2,Banking Malware,train
3219,com.google.games.stores,com.google.games.stores,2,Banking Malware,train
3220,com.trdos.cores,com.trdos.cores,2,Banking Malware,train
3221,com.android.systgec,com.android.systgec,2,Banking Malware,train
3222,com.nh.abc,com.nh.abc,2,Banking Malware,validation
3223,,__missing_package_row_3223,2,Banking Malware,train
3224,com.andoid.chrm71.servic,com.andoid.chrm71.servic,2,Banking Malware,train
3225,com.sh.abc,com.sh.abc,2,Banking Malware,test
3226,com.oaAlmL.gCrziJ,com.oaAlmL.gCrziJ,2,Banking Malware,validation
3227,com.woorinewbank,com.woorinewbank,2,Banking Malware,validation
3228,com.oaAlmL.gCrziJ,com.oaAlmL.gCrziJ,2,Banking Malware,validation
3229,org.fkl.wgk,org.fkl.wgk,2,Banking Malware,train
3230,com.iqeadmcuzf.jdjgl,com.iqeadmcuzf.jdjgl,2,Banking Malware,train
3231,com.android.work.activity,com.android.work.activity,2,Banking Malware,train
3233,com.android.security,com.android.security,2,Banking Malware,train
3234,c.l,c.l,2,Banking Malware,test
3235,com.hananewbank,com.hananewbank,2,Banking Malware,test
3236,com.mix.kr,com.mix.kr,2,Banking Malware,train
3237,com.androidbox.g5msnjhckhdeoe,com.androidbox.g5msnjhckhdeoe,2,Banking Malware,test
3238,com.sandroid.todonote,com.sandroid.todonote,2,Banking Malware,train
3239,com.example.bs,com.example.bs,2,Banking Malware,train
3240,com.paobu.tiaosheng,com.paobu.tiaosheng,2,Banking Malware,train
3241,com.google.scc,com.google.scc,2,Banking Malware,test
3242,com.woorinewbank,com.woorinewbank,2,Banking Malware,validation
3243,com.security.service,com.security.service,2,Banking Malware,test
3244,com.ha.abc,com.ha.abc,2,Banking Malware,test
3245,,__missing_package_row_3245,2,Banking Malware,train
3246,hvmgthfq.razrrpzkxbf.ephmrbreek,hvmgthfq.razrrpzkxbf.ephmrbreek,2,Banking Malware,train
3247,com.we.google.nhb.kr.bk.app,com.we.google.nhb.kr.bk.app,2,Banking Malware,validation
3248,dong.shiand.kakaokr.bcapc.aptor,dong.shiand.kakaokr.bcapc.aptor,2,Banking Malware,train
3249,com.trdos.cores,com.trdos.cores,2,Banking Malware,train
3250,com.cute.pin,com.cute.pin,2,Banking Malware,train
3251,kkuad.akvndkj.akakladkdk,kkuad.akvndkj.akakladkdk,2,Banking Malware,validation
3252,,__missing_package_row_3252,2,Banking Malware,test
3253,kuukald.kvnayew.akaowp,kuukald.kvnayew.akaowp,2,Banking Malware,test
3254,com.wjsrlwjs.kr,com.wjsrlwjs.kr,2,Banking Malware,train
3255,com.atomharbor.brownprint,com.atomharbor.brownprint,2,Banking Malware,train
3256,com.a,com.a,2,Banking Malware,train
3257,com.android.de.avguard,com.android.de.avguard,2,Banking Malware,test
3258,com.andmm01.andmm02,com.andmm01.andmm02,2,Banking Malware,train
3259,com.iqeadmcuzf.jdjgl,com.iqeadmcuzf.jdjgl,2,Banking Malware,train
3260,com.google.beasefirst,com.google.beasefirst,2,Banking Malware,test
3261,com.susek.xf,com.susek.xf,2,Banking Malware,validation
3262,com.vivaclao.syncservice,com.vivaclao.syncservice,2,Banking Malware,train
3263,me.jingqian.mix,me.jingqian.mix,2,Banking Malware,train
3264,com.nhtjfqll.kr,com.nhtjfqll.kr,2,Banking Malware,train
3265,me.jingqian.mix,me.jingqian.mix,2,Banking Malware,train
3266,com.android.market,com.android.market,2,Banking Malware,test
3267,com.trdos.cores,com.trdos.cores,2,Banking Malware,train
3269,com.google.game.store,com.google.game.store,2,Banking Malware,train
3270,zzzzzz.xxxxxx.cccccc,zzzzzz.xxxxxx.cccccc,2,Banking Malware,validation
3271,com.google.game.store,com.google.game.store,2,Banking Malware,train
3272,com.trdos.cores,com.trdos.cores,2,Banking Malware,train
3273,com.mailbox88.mailbox99,com.mailbox88.mailbox99,2,Banking Malware,train
3274,com.kentapps.theselftimer,com.kentapps.theselftimer,2,Banking Malware,train
3275,com.an6.update,com.an6.update,2,Banking Malware,test
3276,,__missing_package_row_3276,2,Banking Malware,validation
3277,org.underdev.penetratepro,org.underdev.penetratepro,2,Banking Malware,validation
3278,com.ha.abc,com.ha.abc,2,Banking Malware,test
3279,com.google.game.store,com.google.game.store,2,Banking Malware,train
3280,com.jiehun00.jiehun11,com.jiehun00.jiehun11,2,Banking Malware,validation
3281,,__missing_package_row_3281,2,Banking Malware,train
3282,com.zalove99,com.zalove99,2,Banking Malware,validation
3283,com.a,com.a,2,Banking Malware,train
3284,,__missing_package_row_3284,2,Banking Malware,validation
3285,isngyx.uboewh.fedhwk,isngyx.uboewh.fedhwk,2,Banking Malware,train
3286,com.fanta.services,com.fanta.services,2,Banking Malware,validation
3287,com.trdos.cores,com.trdos.cores,2,Banking Malware,train
3288,com.app.kr.google.androids.appstor,com.app.kr.google.androids.appstor,2,Banking Malware,validation
3289,com.iqeadmcuzf.jdjgl,com.iqeadmcuzf.jdjgl,2,Banking Malware,train
3290,com.fanta.services,com.fanta.services,2,Banking Malware,validation
3291,com.iqeadmcuzf.jdjgl,com.iqeadmcuzf.jdjgl,2,Banking Malware,train
3292,com.google.games.stores,com.google.games.stores,2,Banking Malware,train
3293,com.cute.pin,com.cute.pin,2,Banking Malware,train
3294,com.nhdhdkf.net,com.nhdhdkf.net,2,Banking Malware,train
3295,com.iqeadmcuzf.jdjgl,com.iqeadmcuzf.jdjgl,2,Banking Malware,train
3296,vudk.kajg.avve,vudk.kajg.avve,2,Banking Malware,test
3297,com.an6.update,com.an6.update,2,Banking Malware,test
3298,me.jingqian.mix,me.jingqian.mix,2,Banking Malware,train
3299,com.Tiomiyk7.Potzimk7,com.Tiomiyk7.Potzimk7,2,Banking Malware,train
3301,com.google.android.ebk.hana.ibkb,com.google.android.ebk.hana.ibkb,2,Banking Malware,validation
3302,com.android.market,com.android.market,2,Banking Malware,test
3303,com.tvone.untoenynh,com.tvone.untoenynh,2,Banking Malware,train
3304,com.yykfetkj77kkkfdaghht.Solo,com.yykfetkj77kkkfdaghht.Solo,2,Banking Malware,train
3305,com.iqeadmcuzf.jdjgl,com.iqeadmcuzf.jdjgl,2,Banking Malware,train
3306,vyaga.kdufad.kyakev,vyaga.kdufad.kyakev,2,Banking Malware,train
3307,com.sdfge.wty,com.sdfge.wty,2,Banking Malware,train
3308,com.cash.apc.woori.kr.android.apd,com.cash.apc.woori.kr.android.apd,2,Banking Malware,train
3309,com.Tiomiym9.Potzimm9,com.Tiomiym9.Potzimm9,2,Banking Malware,train
3310,vyaga.kdufad.kyakev,vyaga.kdufad.kyakev,2,Banking Malware,train
3311,,__missing_package_row_3311,2,Banking Malware,train
3312,com.fanta.services,com.fanta.services,2,Banking Malware,validation
3314,com.sandroid.livewallpaper.holoinfo,com.sandroid.livewallpaper.holoinfo,2,Banking Malware,test
3315,,__missing_package_row_3315,2,Banking Malware,test
3316,com.ha.abc,com.ha.abc,2,Banking Malware,test
3317,packen.yamkd.blaiu,packen.yamkd.blaiu,2,Banking Malware,validation
3318,com.custom.lwp.MagictouchIcecubesinwaterone,com.custom.lwp.MagictouchIcecubesinwaterone,2,Banking Malware,train
3319,dlki.kaiv.nzza,dlki.kaiv.nzza,2,Banking Malware,train
3320,com.paojiao.help,com.paojiao.help,2,Banking Malware,validation
3321,com.kb.abc,com.kb.abc,2,Banking Malware,validation
3322,com.trdos.cores,com.trdos.cores,2,Banking Malware,train
3323,com.google.game.store,com.google.game.store,2,Banking Malware,train
3324,,__missing_package_row_3324,2,Banking Malware,validation
3325,com.nhnewbank,com.nhnewbank,2,Banking Malware,train
3326,com.iqeadmcuzf.jdjgl,com.iqeadmcuzf.jdjgl,2,Banking Malware,train
3328,com.trdos.cores,com.trdos.cores,2,Banking Malware,train
3329,com.diolatzis.piyr,com.diolatzis.piyr,2,Banking Malware,train
3330,com.yykfetkj77kkkfdaghht.Solo,com.yykfetkj77kkkfdaghht.Solo,2,Banking Malware,train
3331,com.rexsee.kkc.xsezse,com.rexsee.kkc.xsezse,2,Banking Malware,train
3332,com.hana.google.kr.channel.korea.app,com.hana.google.kr.channel.korea.app,2,Banking Malware,train
3333,com.cnftks.net,com.cnftks.net,2,Banking Malware,validation
3334,com.ll,com.ll,2,Banking Malware,validation
3335,com.android.market,com.android.market,2,Banking Malware,test
3336,ddandk.viuav.akdkf,ddandk.viuav.akdkf,2,Banking Malware,test
3337,com.android.market,com.android.market,2,Banking Malware,test
3338,,__missing_package_row_3338,2,Banking Malware,validation
3339,com.sh.abc,com.sh.abc,2,Banking Malware,test
3340,gungun01.gungun02.view,gungun01.gungun02.view,2,Banking Malware,test
3341,com.linhongjie.com,com.linhongjie.com,2,Banking Malware,train
3342,tnifot.zmcrph.yefzpn,tnifot.zmcrph.yefzpn,2,Banking Malware,train
3343,,__missing_package_row_3343,2,Banking Malware,train
3344,com.bull88.bull99,com.bull88.bull99,2,Banking Malware,train
3345,,__missing_package_row_3345,2,Banking Malware,train
3346,com.vivaclao.syncservice,com.vivaclao.syncservice,2,Banking Malware,train
3347,gaa.gbb.view,gaa.gbb.view,2,Banking Malware,train
3348,com.google.beasefirst,com.google.beasefirst,2,Banking Malware,test
3349,com.android.sce.smart,com.android.sce.smart,2,Banking Malware,train
3350,com.agilebinary.phonebeagle.client,com.agilebinary.phonebeagle.client,2,Banking Malware,validation
3351,afroggyphoto201011_3.com,afroggyphoto201011_3.com,2,Banking Malware,train
3352,com.android.Mzgrr,com.android.Mzgrr,2,Banking Malware,train
3353,lojofdnpb.gsqgxtbmh,lojofdnpb.gsqgxtbmh,3,SMS Malware,test
3354,QueiD9ej.ezahS1gi,QueiD9ej.ezahS1gi,3,SMS Malware,validation
3355,com.software.application,com.software.application,3,SMS Malware,train
3356,exxrrbljphj.btwtla,exxrrbljphj.btwtla,3,SMS Malware,test
3357,com.software.application,com.software.application,3,SMS Malware,train
3358,com.soft.android.appinstaller,com.soft.android.appinstaller,3,SMS Malware,train
3359,Jk7H.PwcD,Jk7H.PwcD,3,SMS Malware,test
3360,com.soft.android.appinstaller,com.soft.android.appinstaller,3,SMS Malware,train
3361,com.depositmobi,com.depositmobi,3,SMS Malware,train
3362,com.depositmobi,com.depositmobi,3,SMS Malware,train
3363,jp.bravo.honda,jp.bravo.honda,3,SMS Malware,train
3364,jp.bravo.honda,jp.bravo.honda,3,SMS Malware,train
3365,com.software.application,com.software.application,3,SMS Malware,train
3366,ru.android.apps,ru.android.apps,3,SMS Malware,train
3367,com.software.application,com.software.application,3,SMS Malware,train
3368,com.googleapi.cover,com.googleapi.cover,3,SMS Malware,test
3369,com.android.apps,com.android.apps,3,SMS Malware,train
3370,com.software.android.install,com.software.android.install,3,SMS Malware,train
3371,ru.system.android,ru.system.android,3,SMS Malware,train
3372,com.soft.android.appinstaller,com.soft.android.appinstaller,3,SMS Malware,train
3373,ru.mskdev.andrinst,ru.mskdev.andrinst,3,SMS Malware,validation
3374,com.software.application,com.software.application,3,SMS Malware,train
3375,jp.bravo.honda,jp.bravo.honda,3,SMS Malware,train
3376,com.hamedia.gamestore,com.hamedia.gamestore,3,SMS Malware,train
3377,com.soft.android.appinstaller,com.soft.android.appinstaller,3,SMS Malware,train
3378,com.xeetj.voouoh,com.xeetj.voouoh,3,SMS Malware,train
3379,com.soft.android.appinstaller,com.soft.android.appinstaller,3,SMS Malware,train
3380,com.depositmobi,com.depositmobi,3,SMS Malware,train
3381,com.software.application,com.software.application,3,SMS Malware,train
3382,afdejlql.facbbvhir,afdejlql.facbbvhir,3,SMS Malware,test
3383,com.johncar.terranowa,com.johncar.terranowa,3,SMS Malware,test
3384,yhonvqb.qaolckwnvj,yhonvqb.qaolckwnvj,3,SMS Malware,test
3385,com.software.application,com.software.application,3,SMS Malware,train
3386,jp.bravo.honda,jp.bravo.honda,3,SMS Malware,train
3388,xgikgppv.ceqodeg,xgikgppv.ceqodeg,3,SMS Malware,train
3389,com.apps.android,com.apps.android,3,SMS Malware,test
3390,eiwoqu.ueoob,eiwoqu.ueoob,3,SMS Malware,train
3391,wdbpiewhmvw.bllatpxkpfi,wdbpiewhmvw.bllatpxkpfi,3,SMS Malware,validation
3392,ru.install.opera,ru.install.opera,3,SMS Malware,train
3393,ru.mskdev.andrinst,ru.mskdev.andrinst,3,SMS Malware,validation
3394,com.googleapi.cover,com.googleapi.cover,3,SMS Malware,test
3395,com.software.application,com.software.application,3,SMS Malware,train
3396,com.software.application,com.software.application,3,SMS Malware,train
3398,eu.margaritasoft.firstdevelop,eu.margaritasoft.firstdevelop,3,SMS Malware,validation
3399,com.software.application,com.software.application,3,SMS Malware,train
3400,com.software.apk,com.software.apk,3,SMS Malware,validation
3401,com.soft.android.appinstaller,com.soft.android.appinstaller,3,SMS Malware,train
3402,com.software.application,com.software.application,3,SMS Malware,train
3403,com.convertoman.proin,com.convertoman.proin,3,SMS Malware,train
3404,vbkoxh.cswnpr,vbkoxh.cswnpr,3,SMS Malware,validation
3405,com.loadfon.filer,com.loadfon.filer,3,SMS Malware,train
3406,ru.mskdev.andrinst,ru.mskdev.andrinst,3,SMS Malware,validation
3407,com.apps.android,com.apps.android,3,SMS Malware,test
3408,ru.mskdev.andrinst,ru.mskdev.andrinst,3,SMS Malware,validation
3409,vbkoxh.cswnpr,vbkoxh.cswnpr,3,SMS Malware,validation
3410,com.prestigio.achros,com.prestigio.achros,3,SMS Malware,train
3411,afdejlql.facbbvhir,afdejlql.facbbvhir,3,SMS Malware,test
3412,com.bratolubzet.stlstart,com.bratolubzet.stlstart,3,SMS Malware,train
3413,nmwurmoxc.vwtavlp,nmwurmoxc.vwtavlp,3,SMS Malware,train
3414,com.software.application,com.software.application,3,SMS Malware,train
3415,wap.syst.two,wap.syst.two,3,SMS Malware,train
3416,ru.mskdev.andrinst,ru.mskdev.andrinst,3,SMS Malware,validation
3417,eu.margaritasoft.firstdevelop,eu.margaritasoft.firstdevelop,3,SMS Malware,validation
3418,com.app.android,com.app.android,3,SMS Malware,validation
3419,tj.alumberinc.ruganovich,tj.alumberinc.ruganovich,3,SMS Malware,validation
3420,com.software.application,com.software.application,3,SMS Malware,train
3421,com.convertoman.proin,com.convertoman.proin,3,SMS Malware,train
3423,com.soft.android.appinstaller,com.soft.android.appinstaller,3,SMS Malware,train
3425,com.depositmobi,com.depositmobi,3,SMS Malware,train
3426,com.software.android.install,com.software.android.install,3,SMS Malware,train
3427,com.software.application,com.software.application,3,SMS Malware,train
3428,jyiaivi.ohduxbbylb,jyiaivi.ohduxbbylb,3,SMS Malware,validation
3429,com.johncar.terranowa,com.johncar.terranowa,3,SMS Malware,test
3430,yhonvqb.qaolckwnvj,yhonvqb.qaolckwnvj,3,SMS Malware,test
3431,jp.bravo.honda,jp.bravo.honda,3,SMS Malware,train
3432,ru.apps.android,ru.apps.android,3,SMS Malware,test
3433,yhonvqb.qaolckwnvj,yhonvqb.qaolckwnvj,3,SMS Malware,test
3434,com.android.installer.full,com.android.installer.full,3,SMS Malware,test
3435,tfidwbu.gafacksxbex,tfidwbu.gafacksxbex,3,SMS Malware,test
3436,com.soft.android.appinstaller,com.soft.android.appinstaller,3,SMS Malware,train
3437,yhonvqb.qaolckwnvj,yhonvqb.qaolckwnvj,3,SMS Malware,test
3438,com.software.apk,com.software.apk,3,SMS Malware,validation
3439,com.software.application,com.software.application,3,SMS Malware,train
3440,com.software.application,com.software.application,3,SMS Malware,train
3441,org.zhanyao.shoushike.wvga,org.zhanyao.shoushike.wvga,3,SMS Malware,train
3442,com.software.application,com.software.application,3,SMS Malware,train
3443,com.software.application,com.software.application,3,SMS Malware,train
3444,wdbpiewhmvw.bllatpxkpfi,wdbpiewhmvw.bllatpxkpfi,3,SMS Malware,validation
3445,jp.bravo.honda,jp.bravo.honda,3,SMS Malware,train
3446,com.depositmobi,com.depositmobi,3,SMS Malware,train
3447,com.depositmobi,com.depositmobi,3,SMS Malware,train
3448,com.android.shine,com.android.shine,3,SMS Malware,test
3449,eu.margaritasoft.firstdevelop,eu.margaritasoft.firstdevelop,3,SMS Malware,validation
3450,jp.bravo.honda,jp.bravo.honda,3,SMS Malware,train
3451,com.convertoman.proin,com.convertoman.proin,3,SMS Malware,train
3452,com.bratolubzet.stlstart,com.bratolubzet.stlstart,3,SMS Malware,train
3453,jp.bravo.honda,jp.bravo.honda,3,SMS Malware,train
3454,com.soft.android.appinstaller,com.soft.android.appinstaller,3,SMS Malware,train
3455,com.software.application,com.software.application,3,SMS Malware,train
3456,ru.mskdev.andrinst,ru.mskdev.andrinst,3,SMS Malware,validation
3457,jp.bravo.honda,jp.bravo.honda,3,SMS Malware,train
3458,xgikgppv.ceqodeg,xgikgppv.ceqodeg,3,SMS Malware,train
3459,ru.mskdev.andrinst,ru.mskdev.andrinst,3,SMS Malware,validation
3460,pushme.android,pushme.android,3,SMS Malware,train
3461,com.software.application,com.software.application,3,SMS Malware,train
3462,com.x25.cn.AgeTool,com.x25.cn.AgeTool,3,SMS Malware,train
3463,nuu643.JJK73f,nuu643.JJK73f,3,SMS Malware,test
3464,ru.apps.android,ru.apps.android,3,SMS Malware,test
3465,eu.margaritasoft.firstdevelop,eu.margaritasoft.firstdevelop,3,SMS Malware,validation
3466,jp.bravo.honda,jp.bravo.honda,3,SMS Malware,train
3467,ru.apps.android,ru.apps.android,3,SMS Malware,test
3468,com.software.marketapp,com.software.marketapp,3,SMS Malware,train
3469,ru.android.apps,ru.android.apps,3,SMS Malware,train
3470,com.pp.Download,com.pp.Download,3,SMS Malware,validation
3471,ru.mskdev.andrinst,ru.mskdev.andrinst,3,SMS Malware,validation
3472,com.apps.pack,com.apps.pack,3,SMS Malware,test
3473,com.software.application,com.software.application,3,SMS Malware,train
3474,ru.getcorvin.mettir,ru.getcorvin.mettir,3,SMS Malware,train
3475,app.six,app.six,3,SMS Malware,validation
3476,Jk7H.PwcD,Jk7H.PwcD,3,SMS Malware,test
3477,com.software.app,com.software.app,3,SMS Malware,train
3478,lOlOOo.IoOlCIoCllo,lOlOOo.IoOlCIoCllo,3,SMS Malware,train
3479,com.software.application,com.software.application,3,SMS Malware,train
3480,com.software.application,com.software.application,3,SMS Malware,train
3481,com.opera.install,com.opera.install,3,SMS Malware,train
3482,ru.android.apps,ru.android.apps,3,SMS Malware,train
3483,Jk7H.PwcD,Jk7H.PwcD,3,SMS Malware,test
3484,com.software.app,com.software.app,3,SMS Malware,train
3485,jp.bravo.honda,jp.bravo.honda,3,SMS Malware,train
3486,com.googleapi.cover,com.googleapi.cover,3,SMS Malware,test
3487,com.convertoman.proin,com.convertoman.proin,3,SMS Malware,train
3488,fhvm.vnnej,fhvm.vnnej,3,SMS Malware,train
3489,com.software.application,com.software.application,3,SMS Malware,train
3490,ru.app.android,ru.app.android,3,SMS Malware,train
3491,com.googleapi.cover,com.googleapi.cover,3,SMS Malware,test
3492,com.android.apps,com.android.apps,3,SMS Malware,train
3493,net.mwkekdsf,net.mwkekdsf,3,SMS Malware,train
3494,com.convertoman.proin,com.convertoman.proin,3,SMS Malware,train
3495,com.app.android,com.app.android,3,SMS Malware,validation
3496,com.software.application,com.software.application,3,SMS Malware,train
3497,com.software.application,com.software.application,3,SMS Malware,train
3498,tp5x.WGt12,tp5x.WGt12,3,SMS Malware,train
3499,jp.bravo.honda,jp.bravo.honda,3,SMS Malware,train
3501,ovbknnfm.xwscmnoi,ovbknnfm.xwscmnoi,3,SMS Malware,test
3502,eu.margaritasoft.firstdevelop,eu.margaritasoft.firstdevelop,3,SMS Malware,validation
3503,wdbpiewhmvw.bllatpxkpfi,wdbpiewhmvw.bllatpxkpfi,3,SMS Malware,validation
3504,com.software.app,com.software.app,3,SMS Malware,train
3505,ynlxcd.cwductjwjc,ynlxcd.cwductjwjc,3,SMS Malware,validation
3506,Jk7H.PwcD,Jk7H.PwcD,3,SMS Malware,test
3507,com.software.app,com.software.app,3,SMS Malware,train
3508,tp5x.WGt12,tp5x.WGt12,3,SMS Malware,train
3509,com.software.application,com.software.application,3,SMS Malware,train
3510,ru.apps.android,ru.apps.android,3,SMS Malware,test
3511,veocnhr.elfbcmx,veocnhr.elfbcmx,3,SMS Malware,test
3512,ru.mskdev.andrinst,ru.mskdev.andrinst,3,SMS Malware,validation
3513,blue.water.id20150801,blue.water.id20150801,3,SMS Malware,train
3514,jp.bravo.honda,jp.bravo.honda,3,SMS Malware,train
3515,ru.mskdev.andrinst,ru.mskdev.andrinst,3,SMS Malware,validation
3516,com.registr.registrator,com.registr.registrator,3,SMS Malware,test
3517,ru.zveryatki.stado,ru.zveryatki.stado,3,SMS Malware,train
3519,xgqkjm.bfveeopo,xgqkjm.bfveeopo,3,SMS Malware,test
3520,ngjvnpslnp.iplhmk,ngjvnpslnp.iplhmk,3,SMS Malware,test
3521,jp.bravo.honda,jp.bravo.honda,3,SMS Malware,train
3522,com.software.install,com.software.install,3,SMS Malware,train
3523,com.opera.installer,com.opera.installer,3,SMS Malware,validation
3524,afdejlql.facbbvhir,afdejlql.facbbvhir,3,SMS Malware,test
3525,com.software.application,com.software.application,3,SMS Malware,train
3526,ngjvnpslnp.iplhmk,ngjvnpslnp.iplhmk,3,SMS Malware,test
3527,com.software.app,com.software.app,3,SMS Malware,train
3530,com.software.marketapp,com.software.marketapp,3,SMS Malware,train
3531,ru.apps.android,ru.apps.android,3,SMS Malware,test
3532,ngjvnpslnp.iplhmk,ngjvnpslnp.iplhmk,3,SMS Malware,test
3533,Jk7H.PwcD,Jk7H.PwcD,3,SMS Malware,test
3534,com.software.application,com.software.application,3,SMS Malware,train
3535,com.depositmobi,com.depositmobi,3,SMS Malware,train
3536,com.depositmobi,com.depositmobi,3,SMS Malware,train
3537,com.convertoman.proin,com.convertoman.proin,3,SMS Malware,train
3538,com.software.application,com.software.application,3,SMS Malware,train
3539,Jk7H.PwcD,Jk7H.PwcD,3,SMS Malware,test
3540,wdbpiewhmvw.bllatpxkpfi,wdbpiewhmvw.bllatpxkpfi,3,SMS Malware,validation
3541,com.software.application,com.software.application,3,SMS Malware,train
3542,com.software.application,com.software.application,3,SMS Malware,train
3544,com.software.application,com.software.application,3,SMS Malware,train
3545,net.mwkekdsf,net.mwkekdsf,3,SMS Malware,train
3546,yhonvqb.qaolckwnvj,yhonvqb.qaolckwnvj,3,SMS Malware,test
3547,install.app,install.app,3,SMS Malware,test
3548,jyiaivi.ohduxbbylb,jyiaivi.ohduxbbylb,3,SMS Malware,validation
3549,yhonvqb.qaolckwnvj,yhonvqb.qaolckwnvj,3,SMS Malware,test
3550,com.soft.android.appinstaller,com.soft.android.appinstaller,3,SMS Malware,train
3551,eu.margaritasoft.firstdevelop,eu.margaritasoft.firstdevelop,3,SMS Malware,validation
3552,yhonvqb.qaolckwnvj,yhonvqb.qaolckwnvj,3,SMS Malware,test
3553,ru.install.opera,ru.install.opera,3,SMS Malware,train
3554,org.google.app,org.google.app,3,SMS Malware,train
3555,green.stone.atingid20160216,green.stone.atingid20160216,3,SMS Malware,validation
3556,com.soft.android.appinstaller,com.soft.android.appinstaller,3,SMS Malware,train
3557,com.noname.ins,com.noname.ins,3,SMS Malware,train
3558,com.games.time,com.games.time,3,SMS Malware,test
3559,com.soft.android.appinstaller,com.soft.android.appinstaller,3,SMS Malware,train
3560,eu.margaritasoft.firstdevelop,eu.margaritasoft.firstdevelop,3,SMS Malware,validation
3561,Jk7H.PwcD,Jk7H.PwcD,3,SMS Malware,test
3562,com.software.application,com.software.application,3,SMS Malware,train
3563,jp.bravo.honda,jp.bravo.honda,3,SMS Malware,train
3564,com.software.application,com.software.application,3,SMS Malware,train
3565,com.software.application,com.software.application,3,SMS Malware,train
3566,com.hamedia.gamestore,com.hamedia.gamestore,3,SMS Malware,train
3567,com.convertoman.proin,com.convertoman.proin,3,SMS Malware,train
3568,astyu.nbhjt,astyu.nbhjt,3,SMS Malware,train
3569,com.googleapi.cover,com.googleapi.cover,3,SMS Malware,test
3570,com.software.app,com.software.app,3,SMS Malware,train
3571,com.soft.android.appinstaller,com.soft.android.appinstaller,3,SMS Malware,train
3572,a.a,a.a,3,SMS Malware,validation
3573,com.app.android,com.app.android,3,SMS Malware,validation
3574,com.software.application,com.software.application,3,SMS Malware,train
3575,ngjvnpslnp.iplhmk,ngjvnpslnp.iplhmk,3,SMS Malware,test
3576,vbkoxh.cswnpr,vbkoxh.cswnpr,3,SMS Malware,validation
3577,com.software.application,com.software.application,3,SMS Malware,train
3579,ru.apps.android,ru.apps.android,3,SMS Malware,test
3580,com.depositmobi,com.depositmobi,3,SMS Malware,train
3581,ee.maestro.slaming,ee.maestro.slaming,3,SMS Malware,train
3582,com.convertoman.proin,com.convertoman.proin,3,SMS Malware,train
3583,com.software.application,com.software.application,3,SMS Malware,train
3584,com.kinkymobile_nl.com,com.kinkymobile_nl.com,3,SMS Malware,train
3585,jp.bravo.honda,jp.bravo.honda,3,SMS Malware,train
3586,dfjg6.Gtr6H,dfjg6.Gtr6H,3,SMS Malware,train
3587,com.convertoman.proin,com.convertoman.proin,3,SMS Malware,train
3588,com.suckmebeautiful.com,com.suckmebeautiful.com,3,SMS Malware,validation
3589,com.software.marketapp,com.software.marketapp,3,SMS Malware,train
3590,xgqkjm.bfveeopo,xgqkjm.bfveeopo,3,SMS Malware,test
3591,com.convertoman.proin,com.convertoman.proin,3,SMS Malware,train
3592,com.soft.android.appinstaller,com.soft.android.appinstaller,3,SMS Malware,train
3593,software.android,software.android,3,SMS Malware,train
3594,com.soft.android.appinstaller,com.soft.android.appinstaller,3,SMS Malware,train
3595,com.j2h3kj2h3jk2h3.The_Adventures_of_Tintin,com.j2h3kj2h3jk2h3.The_Adventures_of_Tintin,3,SMS Malware,train
3596,jp.bravo.honda,jp.bravo.honda,3,SMS Malware,train
3597,com.software.application,com.software.application,3,SMS Malware,train
3598,ru.apps.android,ru.apps.android,3,SMS Malware,test
3599,com.soft.android.appinstaller,com.soft.android.appinstaller,3,SMS Malware,train
3600,com.android.app,com.android.app,3,SMS Malware,train
3601,cdfs.sy,cdfs.sy,3,SMS Malware,train
3602,com.software.application,com.software.application,3,SMS Malware,train
3603,mwlqythh.rwbkulojmti,mwlqythh.rwbkulojmti,3,SMS Malware,train
3604,ngjvnpslnp.iplhmk,ngjvnpslnp.iplhmk,3,SMS Malware,test
3605,com.android.autointernet,com.android.autointernet,3,SMS Malware,train
3606,org.google.app,org.google.app,3,SMS Malware,train
3607,com.hamedia.gamestore,com.hamedia.gamestore,3,SMS Malware,train
3608,com.depositmobi,com.depositmobi,3,SMS Malware,train
3609,com.software.chrome,com.software.chrome,3,SMS Malware,train
3610,ru.apps.android,ru.apps.android,3,SMS Malware,test
3611,com.software.application,com.software.application,3,SMS Malware,train
3612,afdejlql.facbbvhir,afdejlql.facbbvhir,3,SMS Malware,test
3613,jp.bravo.honda,jp.bravo.honda,3,SMS Malware,train
3614,org.google.app,org.google.app,3,SMS Malware,train
3615,com.depositmobi,com.depositmobi,3,SMS Malware,train
3616,jp.bravo.honda,jp.bravo.honda,3,SMS Malware,train
3617,com.soft.android.appinstaller,com.soft.android.appinstaller,3,SMS Malware,train
3618,com.software.application,com.software.application,3,SMS Malware,train
3619,com.software.application,com.software.application,3,SMS Malware,train
3620,ngjvnpslnp.iplhmk,ngjvnpslnp.iplhmk,3,SMS Malware,test
3621,com.soft.android.appinstaller,com.soft.android.appinstaller,3,SMS Malware,train
3622,sbk.game.free,sbk.game.free,3,SMS Malware,test
3624,com.system.update_setting,com.system.update_setting,3,SMS Malware,train
3625,eu.margaritasoft.firstdevelop,eu.margaritasoft.firstdevelop,3,SMS Malware,validation
3626,astyu.nbhjt,astyu.nbhjt,3,SMS Malware,train
3627,eu.margaritasoft.firstdevelop,eu.margaritasoft.firstdevelop,3,SMS Malware,validation
3628,vbkoxh.cswnpr,vbkoxh.cswnpr,3,SMS Malware,validation
3629,eu.margaritasoft.firstdevelop,eu.margaritasoft.firstdevelop,3,SMS Malware,validation
3630,ovbknnfm.xwscmnoi,ovbknnfm.xwscmnoi,3,SMS Malware,test
3631,com.software.application,com.software.application,3,SMS Malware,train
3632,com.apps.android,com.apps.android,3,SMS Malware,test
3633,bptxrgewk.ireknoyp,bptxrgewk.ireknoyp,3,SMS Malware,test
3634,egb45.g4gYY,egb45.g4gYY,3,SMS Malware,train
3635,com.depositmobi,com.depositmobi,3,SMS Malware,train
3636,com.software.app,com.software.app,3,SMS Malware,train
3637,com.convertoman.proin,com.convertoman.proin,3,SMS Malware,train
3638,com.software.application,com.software.application,3,SMS Malware,train
3639,xhasljrqfs.pufmxjganpe,xhasljrqfs.pufmxjganpe,3,SMS Malware,validation
3640,dngyue.oxpvdlh,dngyue.oxpvdlh,3,SMS Malware,test
3641,ngjvnpslnp.iplhmk,ngjvnpslnp.iplhmk,3,SMS Malware,test
3642,com.software.application,com.software.application,3,SMS Malware,train
3643,net.mwkekdsf,net.mwkekdsf,3,SMS Malware,train
3644,jp.bravo.honda,jp.bravo.honda,3,SMS Malware,train
3645,com.software.application,com.software.application,3,SMS Malware,train
3646,com.viploder.install,com.viploder.install,3,SMS Malware,train
3647,software.android,software.android,3,SMS Malware,train
3648,com.depositmobi,com.depositmobi,3,SMS Malware,train
3649,Jk7H.PwcD,Jk7H.PwcD,3,SMS Malware,test
3650,com.software.android.install,com.software.android.install,3,SMS Malware,train
3651,com.opera.installer,com.opera.installer,3,SMS Malware,validation
3652,com.software.application,com.software.application,3,SMS Malware,train
3653,ru.mskdev.andrinst,ru.mskdev.andrinst,3,SMS Malware,validation
3654,com.depositmobi,com.depositmobi,3,SMS Malware,train
3655,com.software.marketapp,com.software.marketapp,3,SMS Malware,train
3656,com.satismangrooup.stlstart,com.satismangrooup.stlstart,3,SMS Malware,train
3657,com.software.application,com.software.application,3,SMS Malware,train
3658,Jk7H.PwcD,Jk7H.PwcD,3,SMS Malware,test
3659,net.os.android,net.os.android,3,SMS Malware,train
3660,ru.anmarket,ru.anmarket,3,SMS Malware,train
3661,com.software.application,com.software.application,3,SMS Malware,train
3662,app.six,app.six,3,SMS Malware,validation
3663,jp.bravo.honda,jp.bravo.honda,3,SMS Malware,train
3664,com.software.application,com.software.application,3,SMS Malware,train
3665,com.installer,com.installer,3,SMS Malware,test
3666,com.google.appsinstall,com.google.appsinstall,3,SMS Malware,validation
3667,jp.bravo.honda,jp.bravo.honda,3,SMS Malware,train
3668,ru.android.apps,ru.android.apps,3,SMS Malware,train
3669,jyiaivi.ohduxbbylb,jyiaivi.ohduxbbylb,3,SMS Malware,validation
3670,com.soft.android.appinstaller,com.soft.android.appinstaller,3,SMS Malware,train
3671,install.app,install.app,3,SMS Malware,test
3672,com.software.application,com.software.application,3,SMS Malware,train
3673,com.apps.pack,com.apps.pack,3,SMS Malware,test
3674,weather.app,weather.app,3,SMS Malware,train
3675,tpmcpil.ytsgijs,tpmcpil.ytsgijs,3,SMS Malware,train
3676,vbkoxh.cswnpr,vbkoxh.cswnpr,3,SMS Malware,validation
3677,com.soft.android.appinstaller,com.soft.android.appinstaller,3,SMS Malware,train
3678,install.app,install.app,3,SMS Malware,test
3679,yhonvqb.qaolckwnvj,yhonvqb.qaolckwnvj,3,SMS Malware,test
3680,eu.margaritasoft.firstdevelop,eu.margaritasoft.firstdevelop,3,SMS Malware,validation
3681,com.app.installer,com.app.installer,3,SMS Malware,train
3682,com.googleapi.cover,com.googleapi.cover,3,SMS Malware,test
3683,com.manufacturatinkov.instman,com.manufacturatinkov.instman,3,SMS Malware,train
3684,ekdrjuhjaih.qyofplge,ekdrjuhjaih.qyofplge,3,SMS Malware,train
3685,com.soft.android.appinstaller,com.soft.android.appinstaller,3,SMS Malware,train
3686,com.software.application,com.software.application,3,SMS Malware,train
3687,ru.apps.android,ru.apps.android,3,SMS Malware,test
3688,com.googleapi.cover,com.googleapi.cover,3,SMS Malware,test
3689,wizard.mobile,wizard.mobile,3,SMS Malware,train
3690,com.depositmobi,com.depositmobi,3,SMS Malware,train
3691,com.software.application,com.software.application,3,SMS Malware,train
3692,eu.margaritasoft.firstdevelop,eu.margaritasoft.firstdevelop,3,SMS Malware,validation
3693,com.software.application,com.software.application,3,SMS Malware,train
3694,srcdsnms.jlimwd,srcdsnms.jlimwd,3,SMS Malware,validation
3695,software.android,software.android,3,SMS Malware,train
3697,com.software.application,com.software.application,3,SMS Malware,train
3698,com.googleapi.cover,com.googleapi.cover,3,SMS Malware,test
3699,com.software.application,com.software.application,3,SMS Malware,train
3700,de.docherka.muter,de.docherka.muter,3,SMS Malware,train
3701,Jk7H.PwcD,Jk7H.PwcD,3,SMS Malware,test
3702,com.soft.android.appinstaller,com.soft.android.appinstaller,3,SMS Malware,train
3703,com.soft.android.appinstaller,com.soft.android.appinstaller,3,SMS Malware,train
3704,com.software.application,com.software.application,3,SMS Malware,train
3705,com.software.application,com.software.application,3,SMS Malware,train
3706,com.android.installer.full,com.android.installer.full,3,SMS Malware,test
3707,com.soft.android.appinstaller,com.soft.android.appinstaller,3,SMS Malware,train
3708,jp.bravo.honda,jp.bravo.honda,3,SMS Malware,train
3710,flash.app,flash.app,3,SMS Malware,test
3711,com.software.app,com.software.app,3,SMS Malware,train
3712,com.example.service,com.example.service,3,SMS Malware,train
3713,com.googleapi.cover,com.googleapi.cover,3,SMS Malware,test
3714,com.android.app,com.android.app,3,SMS Malware,train
3715,com.convertoman.proin,com.convertoman.proin,3,SMS Malware,train
3716,iiinpwje.dgumdgxuidj,iiinpwje.dgumdgxuidj,3,SMS Malware,test
3718,eu.margaritasoft.firstdevelop,eu.margaritasoft.firstdevelop,3,SMS Malware,validation
3719,com.software.application,com.software.application,3,SMS Malware,train
3720,com.app.android,com.app.android,3,SMS Malware,validation
3721,com.googleapi.cover,com.googleapi.cover,3,SMS Malware,test
3722,install.app,install.app,3,SMS Malware,test
3723,com.soft.android.appinstaller,com.soft.android.appinstaller,3,SMS Malware,train
3724,com.software.application,com.software.application,3,SMS Malware,train
3725,com.android.mediastorage,com.android.mediastorage,3,SMS Malware,validation
3726,com.reg,com.reg,3,SMS Malware,train
3727,com.software.application,com.software.application,3,SMS Malware,train
3728,com.android.apps,com.android.apps,3,SMS Malware,train
3729,com.convertoman.proin,com.convertoman.proin,3,SMS Malware,train
3730,fkjsgmjl.ceinnykas,fkjsgmjl.ceinnykas,3,SMS Malware,train
3731,com.software.application,com.software.application,3,SMS Malware,train
3732,com.johncar.terranowa,com.johncar.terranowa,3,SMS Malware,test
3733,com.software.application,com.software.application,3,SMS Malware,train
3734,com.googleplay.app,com.googleplay.app,3,SMS Malware,train
3735,ru.install.opera,ru.install.opera,3,SMS Malware,train
3736,com.software.apk,com.software.apk,3,SMS Malware,validation
3737,com.googleapi.cover,com.googleapi.cover,3,SMS Malware,test
3738,com.soft.android.appinstaller,com.soft.android.appinstaller,3,SMS Malware,train
3739,jp.bravo.honda,jp.bravo.honda,3,SMS Malware,train
3740,vbkoxh.cswnpr,vbkoxh.cswnpr,3,SMS Malware,validation
3741,ru.apps.android,ru.apps.android,3,SMS Malware,test
3742,ru.zveryatki.stado,ru.zveryatki.stado,3,SMS Malware,train
3743,com.software.application,com.software.application,3,SMS Malware,train
3744,com.app.android,com.app.android,3,SMS Malware,validation
3745,ngjvnpslnp.iplhmk,ngjvnpslnp.iplhmk,3,SMS Malware,test
3746,com.depositmobi,com.depositmobi,3,SMS Malware,train
3747,nuu643.JJK73f,nuu643.JJK73f,3,SMS Malware,test
3748,jp.bravo.honda,jp.bravo.honda,3,SMS Malware,train
3749,Jk7H.PwcD,Jk7H.PwcD,3,SMS Malware,test
3750,com.software.application,com.software.application,3,SMS Malware,train
3751,com.software.application,com.software.application,3,SMS Malware,train
3752,com.soft.android.appinstaller,com.soft.android.appinstaller,3,SMS Malware,train
3753,net.dalas,net.dalas,3,SMS Malware,test
3754,com.software.chrome,com.software.chrome,3,SMS Malware,train
3755,com.soft.android.appinstaller,com.soft.android.appinstaller,3,SMS Malware,train
3756,com.software.application,com.software.application,3,SMS Malware,train
3757,kjplwxewy.wqpwdbfu,kjplwxewy.wqpwdbfu,3,SMS Malware,train
3758,ynlxcd.cwductjwjc,ynlxcd.cwductjwjc,3,SMS Malware,validation
3759,com.software.application,com.software.application,3,SMS Malware,train
3760,wap.syst,wap.syst,3,SMS Malware,test
3761,com.android.apps,com.android.apps,3,SMS Malware,train
3762,wizard.mobile,wizard.mobile,3,SMS Malware,train
3763,net.android.app,net.android.app,3,SMS Malware,train
3764,yhonvqb.qaolckwnvj,yhonvqb.qaolckwnvj,3,SMS Malware,test
3765,Jk7H.PwcD,Jk7H.PwcD,3,SMS Malware,test
3766,com.soft.android.appinstaller,com.soft.android.appinstaller,3,SMS Malware,train
3767,com.google.appsinstall,com.google.appsinstall,3,SMS Malware,validation
3768,ru.app.android,ru.app.android,3,SMS Malware,train
3769,ru.apps.android,ru.apps.android,3,SMS Malware,test
3770,com.convertoman.proin,com.convertoman.proin,3,SMS Malware,train
3771,ouepxayhr.efutel,ouepxayhr.efutel,3,SMS Malware,train
3772,jp.bravo.honda,jp.bravo.honda,3,SMS Malware,train
3773,com.software.application,com.software.application,3,SMS Malware,train
3774,com.software.application,com.software.application,3,SMS Malware,train
3775,QueiD9ej.ezahS1gi,QueiD9ej.ezahS1gi,3,SMS Malware,validation
3776,app.apk,app.apk,3,SMS Malware,train
3777,com.app.android,com.app.android,3,SMS Malware,validation
3778,com.appdroid.sexyclipcpc33444,com.appdroid.sexyclipcpc33444,3,SMS Malware,train
3779,com.soft.android.appinstaller,com.soft.android.appinstaller,3,SMS Malware,train
3780,com.software.application,com.software.application,3,SMS Malware,train
3781,com.googleapi.cover,com.googleapi.cover,3,SMS Malware,test
3782,com.software.application,com.software.application,3,SMS Malware,train
3783,com.software.application,com.software.application,3,SMS Malware,train
3784,nuu643.JJK73f,nuu643.JJK73f,3,SMS Malware,test
3785,com.software.application,com.software.application,3,SMS Malware,train
3786,com.software.app,com.software.app,3,SMS Malware,train
3787,com.convertoman.proin,com.convertoman.proin,3,SMS Malware,train
3788,com.software.application,com.software.application,3,SMS Malware,train
3789,afdejlql.facbbvhir,afdejlql.facbbvhir,3,SMS Malware,test
3790,kjplwxewy.wqpwdbfu,kjplwxewy.wqpwdbfu,3,SMS Malware,train
3791,com.software.app,com.software.app,3,SMS Malware,train
3792,com.depositmobi,com.depositmobi,3,SMS Malware,train
3793,com.soft.android.appinstaller,com.soft.android.appinstaller,3,SMS Malware,train
3794,kudgofcpa.cdddbuto,kudgofcpa.cdddbuto,3,SMS Malware,train
3795,bhwoctrouva.ucxrqnd,bhwoctrouva.ucxrqnd,3,SMS Malware,train
3796,com.depositmobi,com.depositmobi,3,SMS Malware,train
3797,jyiaivi.ohduxbbylb,jyiaivi.ohduxbbylb,3,SMS Malware,validation
3798,com.software.installation,com.software.installation,3,SMS Malware,validation
3799,lOlOOo.IoOlCIoCllo,lOlOOo.IoOlCIoCllo,3,SMS Malware,train
3801,com.software.application,com.software.application,3,SMS Malware,train
3802,nuu643.JJK73f,nuu643.JJK73f,3,SMS Malware,test
3804,yhonvqb.qaolckwnvj,yhonvqb.qaolckwnvj,3,SMS Malware,test
3805,ru.apps.android,ru.apps.android,3,SMS Malware,test
3806,com.software.application,com.software.application,3,SMS Malware,train
3807,ouepxayhr.efutel,ouepxayhr.efutel,3,SMS Malware,train
3809,com.bratolubzet.stlstart,com.bratolubzet.stlstart,3,SMS Malware,train
3810,com.software.application,com.software.application,3,SMS Malware,train
3811,com.software.application,com.software.application,3,SMS Malware,train
3812,afdejlql.facbbvhir,afdejlql.facbbvhir,3,SMS Malware,test
3813,qffhro.himfnyda,qffhro.himfnyda,3,SMS Malware,train
3814,com.tvt.astore.xdownloader,com.tvt.astore.xdownloader,3,SMS Malware,validation
3815,com.android.app,com.android.app,3,SMS Malware,train
3816,com.depositmobi,com.depositmobi,3,SMS Malware,train
3818,com.depositmobi,com.depositmobi,3,SMS Malware,train
3819,afdejlql.facbbvhir,afdejlql.facbbvhir,3,SMS Malware,test
3820,yhonvqb.qaolckwnvj,yhonvqb.qaolckwnvj,3,SMS Malware,test
3821,com.app.android,com.app.android,3,SMS Malware,validation
3822,com.lickylesbos.com,com.lickylesbos.com,3,SMS Malware,test
3823,com.software.application,com.software.application,3,SMS Malware,train
3824,jp.bravo.honda,jp.bravo.honda,3,SMS Malware,train
3825,ru.apps.android,ru.apps.android,3,SMS Malware,test
3826,com.software.application,com.software.application,3,SMS Malware,train
3827,com.googleapi.cover,com.googleapi.cover,3,SMS Malware,test
3828,bretbre4.cvdsggr,bretbre4.cvdsggr,3,SMS Malware,validation
3829,com.nullsoft.active,com.nullsoft.active,3,SMS Malware,train
3830,com.soft.android.appinstaller,com.soft.android.appinstaller,3,SMS Malware,train
3831,com.depositmobi,com.depositmobi,3,SMS Malware,train
3832,bc2.android.install,bc2.android.install,3,SMS Malware,validation
3833,com.soft.android.appinstaller,com.soft.android.appinstaller,3,SMS Malware,train
3834,com.software.application,com.software.application,3,SMS Malware,train
3835,ovbknnfm.xwscmnoi,ovbknnfm.xwscmnoi,3,SMS Malware,test
3836,ru.apps.android,ru.apps.android,3,SMS Malware,test
3837,com.soft.android.appinstaller,com.soft.android.appinstaller,3,SMS Malware,train
3838,tfidwbu.gafacksxbex,tfidwbu.gafacksxbex,3,SMS Malware,test
3839,com.android.apps,com.android.apps,3,SMS Malware,train
3840,com.app.android,com.app.android,3,SMS Malware,validation
3841,ovbknnfm.xwscmnoi,ovbknnfm.xwscmnoi,3,SMS Malware,test
3842,com.software.application,com.software.application,3,SMS Malware,train
3843,com.soft.install,com.soft.install,3,SMS Malware,validation
3844,ngjvnpslnp.iplhmk,ngjvnpslnp.iplhmk,3,SMS Malware,test
3845,ru.apps.android,ru.apps.android,3,SMS Malware,test
3846,com.convertoman.proin,com.convertoman.proin,3,SMS Malware,train
3847,ovbknnfm.xwscmnoi,ovbknnfm.xwscmnoi,3,SMS Malware,test
3848,com.apps.android,com.apps.android,3,SMS Malware,test
3849,com.soft.android.appinstaller,com.soft.android.appinstaller,3,SMS Malware,train
3851,eu.margaritasoft.firstdevelop,eu.margaritasoft.firstdevelop,3,SMS Malware,validation
3852,org.google.app,org.google.app,3,SMS Malware,train
3853,pmjwjd.ijtyuoo,pmjwjd.ijtyuoo,3,SMS Malware,train
3854,fhvm.vnnej,fhvm.vnnej,3,SMS Malware,train
3855,blue.water.id20160408,blue.water.id20160408,3,SMS Malware,train
3856,ovbknnfm.xwscmnoi,ovbknnfm.xwscmnoi,3,SMS Malware,test
3857,com.soft.android.appinstaller,com.soft.android.appinstaller,3,SMS Malware,train
3858,jqwnryufwbu.qlmpjr,jqwnryufwbu.qlmpjr,3,SMS Malware,train
3859,Jk7H.PwcD,Jk7H.PwcD,3,SMS Malware,test
3860,com.googleapi.cover,com.googleapi.cover,3,SMS Malware,test
3861,com.software.application,com.software.application,3,SMS Malware,train
3862,com.software.application,com.software.application,3,SMS Malware,train
3863,com.googleapi.org,com.googleapi.org,3,SMS Malware,validation
3864,egb45.g4gYY,egb45.g4gYY,3,SMS Malware,train
3865,ngjvnpslnp.iplhmk,ngjvnpslnp.iplhmk,3,SMS Malware,test
3866,srcdsnms.jlimwd,srcdsnms.jlimwd,3,SMS Malware,validation
3867,ovbknnfm.xwscmnoi,ovbknnfm.xwscmnoi,3,SMS Malware,test
3868,jp.bravo.honda,jp.bravo.honda,3,SMS Malware,train
3869,astyu.nbhjt,astyu.nbhjt,3,SMS Malware,train
3870,com.google.app,com.google.app,3,SMS Malware,train
3871,com.alter.sms,com.alter.sms,3,SMS Malware,test
3872,com.software.application,com.software.application,3,SMS Malware,train
3873,com.apps.pack,com.apps.pack,3,SMS Malware,test
3874,com.software.application,com.software.application,3,SMS Malware,train
3875,com.software.application,com.software.application,3,SMS Malware,train
3876,com.install.droid,com.install.droid,3,SMS Malware,train
3877,ru.app.android,ru.app.android,3,SMS Malware,train
3878,com.software.application,com.software.application,3,SMS Malware,train
3879,com.android.app,com.android.app,3,SMS Malware,train
3880,yhonvqb.qaolckwnvj,yhonvqb.qaolckwnvj,3,SMS Malware,test
3881,glwlbb.eyfwmaung,glwlbb.eyfwmaung,3,SMS Malware,validation
3882,Jk7H.PwcD,Jk7H.PwcD,3,SMS Malware,test
3883,com.soft.android.appinstaller,com.soft.android.appinstaller,3,SMS Malware,train
3884,Jk7H.PwcD,Jk7H.PwcD,3,SMS Malware,test
3885,install.app,install.app,3,SMS Malware,test
3886,ovbknnfm.xwscmnoi,ovbknnfm.xwscmnoi,3,SMS Malware,test
3887,com.soft.android.appinstaller,com.soft.android.appinstaller,3,SMS Malware,train
3888,com.soft.android.appinstaller,com.soft.android.appinstaller,3,SMS Malware,train
3889,com.soft.android.appinstaller,com.soft.android.appinstaller,3,SMS Malware,train
3890,afdejlql.facbbvhir,afdejlql.facbbvhir,3,SMS Malware,test
3891,jp.bravo.honda,jp.bravo.honda,3,SMS Malware,train
3892,jp.bravo.honda,jp.bravo.honda,3,SMS Malware,train
3893,com.googleapi.cover,com.googleapi.cover,3,SMS Malware,test
3894,com.soft.android.appinstaller,com.soft.android.appinstaller,3,SMS Malware,train
3895,com.software.app,com.software.app,3,SMS Malware,train
3896,com.software.application,com.software.application,3,SMS Malware,train
3897,sbk.game.free,sbk.game.free,3,SMS Malware,test
3898,com.opera.install,com.opera.install,3,SMS Malware,train
3899,Jk7H.PwcD,Jk7H.PwcD,3,SMS Malware,test
3900,tp5x.WGt12,tp5x.WGt12,3,SMS Malware,train
3901,com.software.agent,com.software.agent,3,SMS Malware,test
3902,ru.apps.android,ru.apps.android,3,SMS Malware,test
3903,ngjvnpslnp.iplhmk,ngjvnpslnp.iplhmk,3,SMS Malware,test
3904,com.software.application,com.software.application,3,SMS Malware,train
3906,com.software.application,com.software.application,3,SMS Malware,train
3907,com.getpay.update,com.getpay.update,3,SMS Malware,train
3908,jp.bravo.honda,jp.bravo.honda,3,SMS Malware,train
3909,ru.android.apps,ru.android.apps,3,SMS Malware,train
3910,com.software.application,com.software.application,3,SMS Malware,train
3911,install.app,install.app,3,SMS Malware,test
3912,ru.apps.android,ru.apps.android,3,SMS Malware,test
3913,nuu643.JJK73f,nuu643.JJK73f,3,SMS Malware,test
3914,ru.android.apps,ru.android.apps,3,SMS Malware,train
3915,com.convertoman.proin,com.convertoman.proin,3,SMS Malware,train
3916,ru.apps.android,ru.apps.android,3,SMS Malware,test
3917,vbkoxh.cswnpr,vbkoxh.cswnpr,3,SMS Malware,validation
3918,jp.bravo.honda,jp.bravo.honda,3,SMS Malware,train
3919,com.manufacturatinkov.instman,com.manufacturatinkov.instman,3,SMS Malware,train
3920,mwlqythh.rwbkulojmti,mwlqythh.rwbkulojmti,3,SMS Malware,train
3921,com.depositmobi,com.depositmobi,3,SMS Malware,train
3922,ru.android.apps,ru.android.apps,3,SMS Malware,train
3923,vbkoxh.cswnpr,vbkoxh.cswnpr,3,SMS Malware,validation
3924,fkjsgmjl.ceinnykas,fkjsgmjl.ceinnykas,3,SMS Malware,train
3925,com.software.application,com.software.application,3,SMS Malware,train
3926,com.soft.android.appinstaller,com.soft.android.appinstaller,3,SMS Malware,train
3927,srcdsnms.jlimwd,srcdsnms.jlimwd,3,SMS Malware,validation
3928,com.software.application,com.software.application,3,SMS Malware,train
3929,vbkoxh.cswnpr,vbkoxh.cswnpr,3,SMS Malware,validation
3930,com.software.application,com.software.application,3,SMS Malware,train
3931,jp.bravo.honda,jp.bravo.honda,3,SMS Malware,train
3932,eu.margaritasoft.firstdevelop,eu.margaritasoft.firstdevelop,3,SMS Malware,validation
3934,Jk7H.PwcD,Jk7H.PwcD,3,SMS Malware,test
3935,com.soft.android.appinstaller,com.soft.android.appinstaller,3,SMS Malware,train
3936,Jk7H.PwcD,Jk7H.PwcD,3,SMS Malware,test
3937,com.app.android,com.app.android,3,SMS Malware,validation
3938,mwlqythh.rwbkulojmti,mwlqythh.rwbkulojmti,3,SMS Malware,train
3939,com.convertoman.proin,com.convertoman.proin,3,SMS Malware,train
3940,com.soft.android.appinstaller,com.soft.android.appinstaller,3,SMS Malware,train
3941,eu.margaritasoft.firstdevelop,eu.margaritasoft.firstdevelop,3,SMS Malware,validation
3942,com.bratolubzet.stlstart,com.bratolubzet.stlstart,3,SMS Malware,train
3943,pliuuphn.ljqbqntai,pliuuphn.ljqbqntai,3,SMS Malware,train
3944,com.software.application,com.software.application,3,SMS Malware,train
3945,com.software.application,com.software.application,3,SMS Malware,train
3946,com.soft.android.appinstaller,com.soft.android.appinstaller,3,SMS Malware,train
3947,com.software.application,com.software.application,3,SMS Malware,train
3948,com.soft.android.appinstaller,com.soft.android.appinstaller,3,SMS Malware,train
3949,ru.apps.android,ru.apps.android,3,SMS Malware,test
3950,wdbpiewhmvw.bllatpxkpfi,wdbpiewhmvw.bllatpxkpfi,3,SMS Malware,validation
3951,ru.erofon,ru.erofon,3,SMS Malware,test
3952,com.convertoman.proin,com.convertoman.proin,3,SMS Malware,train
3953,ru.android.apps,ru.android.apps,3,SMS Malware,train
3954,Jk7H.PwcD,Jk7H.PwcD,3,SMS Malware,test
3955,com.soft.android.appinstaller,com.soft.android.appinstaller,3,SMS Malware,train
3956,com.convertoman.proin,com.convertoman.proin,3,SMS Malware,train
3957,com.pilot.RoundAssGirlLiveWallpaper,com.pilot.RoundAssGirlLiveWallpaper,3,SMS Malware,validation
3958,afdejlql.facbbvhir,afdejlql.facbbvhir,3,SMS Malware,test
3960,com.soft.install,com.soft.install,3,SMS Malware,validation
3961,jyiaivi.ohduxbbylb,jyiaivi.ohduxbbylb,3,SMS Malware,validation
3962,ru.zveryatki.stado,ru.zveryatki.stado,3,SMS Malware,train
3963,com.convertoman.proin,com.convertoman.proin,3,SMS Malware,train
3964,srcdsnms.jlimwd,srcdsnms.jlimwd,3,SMS Malware,validation
3965,ru.apps.android,ru.apps.android,3,SMS Malware,test
3966,lojofdnpb.gsqgxtbmh,lojofdnpb.gsqgxtbmh,3,SMS Malware,test
3967,com.software.application,com.software.application,3,SMS Malware,train
3968,eu.margaritasoft.firstdevelop,eu.margaritasoft.firstdevelop,3,SMS Malware,validation
3969,dfjg6.Gtr6H,dfjg6.Gtr6H,3,SMS Malware,train
3971,ru.android.apps,ru.android.apps,3,SMS Malware,train
3972,com.software.application,com.software.application,3,SMS Malware,train
3973,com.android.app,com.android.app,3,SMS Malware,train
3974,com.googleapi.apps,com.googleapi.apps,3,SMS Malware,train
3975,com.software.application,com.software.application,3,SMS Malware,train
3976,ngjvnpslnp.iplhmk,ngjvnpslnp.iplhmk,3,SMS Malware,test
3977,com.googleapps.org,com.googleapps.org,3,SMS Malware,validation
3978,install.app,install.app,3,SMS Malware,test
3979,mhejoqkihc.gourea,mhejoqkihc.gourea,3,SMS Malware,train
3980,com.software.application,com.software.application,3,SMS Malware,train
3981,com.soft.android.appinstaller,com.soft.android.appinstaller,3,SMS Malware,train
3982,yhonvqb.qaolckwnvj,yhonvqb.qaolckwnvj,3,SMS Malware,test
3983,jqwnryufwbu.qlmpjr,jqwnryufwbu.qlmpjr,3,SMS Malware,train
3984,ru.android.apps,ru.android.apps,3,SMS Malware,train
3985,com.app.android,com.app.android,3,SMS Malware,validation
3986,com.software.application,com.software.application,3,SMS Malware,train
3987,ru.google.app,ru.google.app,3,SMS Malware,train
3988,com.satismangrooup.stlstart,com.satismangrooup.stlstart,3,SMS Malware,train
3989,com.apps.android,com.apps.android,3,SMS Malware,test
3990,com.software.application,com.software.application,3,SMS Malware,train
3991,ru.apps.android,ru.apps.android,3,SMS Malware,test
3992,ru.apps.android,ru.apps.android,3,SMS Malware,test
3993,com.soft.android.appinstaller,com.soft.android.appinstaller,3,SMS Malware,train
3994,com.software.application,com.software.application,3,SMS Malware,train
3995,ovbknnfm.xwscmnoi,ovbknnfm.xwscmnoi,3,SMS Malware,test
3996,com.googleapps.ru,com.googleapps.ru,3,SMS Malware,train
3997,eu.margaritasoft.firstdevelop,eu.margaritasoft.firstdevelop,3,SMS Malware,validation
3998,com.software.application,com.software.application,3,SMS Malware,train
3999,com.software.application,com.software.application,3,SMS Malware,train
4000,install.app,install.app,3,SMS Malware,test
4001,com.sdk.android.actions,com.sdk.android.actions,3,SMS Malware,test
4002,bc.android.install,bc.android.install,3,SMS Malware,train
4003,com.software.application,com.software.application,3,SMS Malware,train
4004,com.soft.android.appinstaller,com.soft.android.appinstaller,3,SMS Malware,train
4005,com.software.application,com.software.application,3,SMS Malware,train
4006,gofngjvbqhl.nrhouxjbgbx,gofngjvbqhl.nrhouxjbgbx,3,SMS Malware,train
4007,com.soft.android.appinstaller,com.soft.android.appinstaller,3,SMS Malware,train
4008,mwlqythh.rwbkulojmti,mwlqythh.rwbkulojmti,3,SMS Malware,train
4009,com.software.application,com.software.application,3,SMS Malware,train
4010,com.software.application,com.software.application,3,SMS Malware,train
4011,com.software.application,com.software.application,3,SMS Malware,train
4012,com.nullsoft.active,com.nullsoft.active,3,SMS Malware,train
4013,com.software.app,com.software.app,3,SMS Malware,train
4014,ngjvnpslnp.iplhmk,ngjvnpslnp.iplhmk,3,SMS Malware,test
4015,com.software.application,com.software.application,3,SMS Malware,train
4016,Jk7H.PwcD,Jk7H.PwcD,3,SMS Malware,test
4017,com.software.app,com.software.app,3,SMS Malware,train
4018,com.android.installer.full,com.android.installer.full,3,SMS Malware,test
4019,ngjvnpslnp.iplhmk,ngjvnpslnp.iplhmk,3,SMS Malware,test
4020,com.tvt.astore.xdownloader,com.tvt.astore.xdownloader,3,SMS Malware,validation
4021,com.maestrodeoid.instshi,com.maestrodeoid.instshi,3,SMS Malware,test
4022,net.mwkekdsf,net.mwkekdsf,3,SMS Malware,train
4023,net.android.apps,net.android.apps,3,SMS Malware,train
4024,ru.apps.android,ru.apps.android,3,SMS Malware,test
4025,com.app.bot,com.app.bot,3,SMS Malware,train
4026,ngjvnpslnp.iplhmk,ngjvnpslnp.iplhmk,3,SMS Malware,test
4027,com.software.application,com.software.application,3,SMS Malware,train
4028,com.software.application,com.software.application,3,SMS Malware,train
4029,eu.margaritasoft.firstdevelop,eu.margaritasoft.firstdevelop,3,SMS Malware,validation
4030,net.mwkekdsf,net.mwkekdsf,3,SMS Malware,train
4031,com.software.application,com.software.application,3,SMS Malware,train
4032,ru.mskdev.andrinst,ru.mskdev.andrinst,3,SMS Malware,validation
4033,com.depositmobi,com.depositmobi,3,SMS Malware,train
4034,vbkoxh.cswnpr,vbkoxh.cswnpr,3,SMS Malware,validation
4035,com.software.application,com.software.application,3,SMS Malware,train
4036,app.apk,app.apk,3,SMS Malware,train
4037,com.soft.android.appinstaller,com.soft.android.appinstaller,3,SMS Malware,train
4039,tj.alumberinc.ruganovich,tj.alumberinc.ruganovich,3,SMS Malware,validation
4040,com.depositmobi,com.depositmobi,3,SMS Malware,train
4041,ru.app.android,ru.app.android,3,SMS Malware,train
4042,com.software.application,com.software.application,3,SMS Malware,train
4043,com.depositmobi,com.depositmobi,3,SMS Malware,train
4045,com.registr.registrator,com.registr.registrator,3,SMS Malware,test
4046,com.software.application,com.software.application,3,SMS Malware,train
4047,Jk7H.PwcD,Jk7H.PwcD,3,SMS Malware,test
4048,com.software.application,com.software.application,3,SMS Malware,train
4049,com.software.app,com.software.app,3,SMS Malware,train
4050,com.software.application,com.software.application,3,SMS Malware,train
4051,com.depositmobi,com.depositmobi,3,SMS Malware,train
4052,com.soft.android.appinstaller,com.soft.android.appinstaller,3,SMS Malware,train
4053,eu.margaritasoft.firstdevelop,eu.margaritasoft.firstdevelop,3,SMS Malware,validation
4054,tp5x.WGt12,tp5x.WGt12,3,SMS Malware,train
4055,vbkoxh.cswnpr,vbkoxh.cswnpr,3,SMS Malware,validation
4056,com.depositmobi,com.depositmobi,3,SMS Malware,train
4057,Jk7H.PwcD,Jk7H.PwcD,3,SMS Malware,test
4058,tp5x.WGt12,tp5x.WGt12,3,SMS Malware,train
4060,com.android.installer.full,com.android.installer.full,3,SMS Malware,test
4061,com.software.app,com.software.app,3,SMS Malware,train
4062,jp.bravo.honda,jp.bravo.honda,3,SMS Malware,train
4063,astyu.nbhjt,astyu.nbhjt,3,SMS Malware,train
4064,eu.margaritasoft.firstdevelop,eu.margaritasoft.firstdevelop,3,SMS Malware,validation
4065,com.convertoman.proin,com.convertoman.proin,3,SMS Malware,train
4066,com.soft.android.appinstaller,com.soft.android.appinstaller,3,SMS Malware,train
4067,com.maxart.registration,com.maxart.registration,3,SMS Malware,validation
4068,software.android,software.android,3,SMS Malware,train
4069,fkjsgmjl.ceinnykas,fkjsgmjl.ceinnykas,3,SMS Malware,train
4070,com.software.application,com.software.application,3,SMS Malware,train
4071,com.depositmobi,com.depositmobi,3,SMS Malware,train
4072,jp.bravo.honda,jp.bravo.honda,3,SMS Malware,train
4074,com.soft.android.appinstaller,com.soft.android.appinstaller,3,SMS Malware,train
4075,com.soft.android.appinstaller,com.soft.android.appinstaller,3,SMS Malware,train
4076,com.software.application,com.software.application,3,SMS Malware,train
4077,com.app.android,com.app.android,3,SMS Malware,validation
4078,com.depositmobi,com.depositmobi,3,SMS Malware,train
4079,com.android.appupdate,com.android.appupdate,3,SMS Malware,test
4080,com.satismangrooup.stlstart,com.satismangrooup.stlstart,3,SMS Malware,train
4081,com.googleapi.org,com.googleapi.org,3,SMS Malware,validation
4082,com.software.application,com.software.application,3,SMS Malware,train
4083,com.installer,com.installer,3,SMS Malware,test
4084,com.soft.android.appinstaller,com.soft.android.appinstaller,3,SMS Malware,train
4085,com.soft.android.appinstaller,com.soft.android.appinstaller,3,SMS Malware,train
4086,com.mobione.app.game_kimcuong,com.mobione.app.game_kimcuong,3,SMS Malware,validation
4087,com.soft.android.appinstaller,com.soft.android.appinstaller,3,SMS Malware,train
4088,com.software.marketapp,com.software.marketapp,3,SMS Malware,train
4089,ngjvnpslnp.iplhmk,ngjvnpslnp.iplhmk,3,SMS Malware,test
4090,com.system.update_setting,com.system.update_setting,3,SMS Malware,train
4091,ru.android.apps,ru.android.apps,3,SMS Malware,train
4092,tj.alumberinc.ruganovich,tj.alumberinc.ruganovich,3,SMS Malware,validation
4093,com.soft.android.appinstaller,com.soft.android.appinstaller,3,SMS Malware,train
4094,com.software.application,com.software.application,3,SMS Malware,train
4095,com.zw.androidplay,com.zw.androidplay,3,SMS Malware,validation
4096,com.software.application,com.software.application,3,SMS Malware,train
4097,fkjsgmjl.ceinnykas,fkjsgmjl.ceinnykas,3,SMS Malware,train
4098,com.android.apps,com.android.apps,3,SMS Malware,train
4099,noogei.ohpah.aegaeg,noogei.ohpah.aegaeg,3,SMS Malware,validation
4100,com.android.appupdate,com.android.appupdate,3,SMS Malware,test
4101,Jk7H.PwcD,Jk7H.PwcD,3,SMS Malware,test
4102,com.app.android,com.app.android,3,SMS Malware,validation
4103,Jk7H.PwcD,Jk7H.PwcD,3,SMS Malware,test
4104,eu.margaritasoft.firstdevelop,eu.margaritasoft.firstdevelop,3,SMS Malware,validation
4105,com.software.application,com.software.application,3,SMS Malware,train
4106,com.software.application,com.software.application,3,SMS Malware,train
4107,com.googleapi.cover,com.googleapi.cover,3,SMS Malware,test
4108,com.soft.android.appinstaller,com.soft.android.appinstaller,3,SMS Malware,train
4109,vbkoxh.cswnpr,vbkoxh.cswnpr,3,SMS Malware,validation
4110,com.software.application,com.software.application,3,SMS Malware,train
4111,com.soft.android.appinstaller,com.soft.android.appinstaller,3,SMS Malware,train
4112,install.app,install.app,3,SMS Malware,test
4114,com.soft.android.appinstaller,com.soft.android.appinstaller,3,SMS Malware,train
4115,sbk.game.free,sbk.game.free,3,SMS Malware,test
4116,com.app.android,com.app.android,3,SMS Malware,validation
4117,com.software.android.install,com.software.android.install,3,SMS Malware,train
4119,ru.android.apps,ru.android.apps,3,SMS Malware,train
4120,tfidwbu.gafacksxbex,tfidwbu.gafacksxbex,3,SMS Malware,test
4121,com.android.apps,com.android.apps,3,SMS Malware,train
4122,com.software.application,com.software.application,3,SMS Malware,train
4123,app.six,app.six,3,SMS Malware,validation
4125,app.six,app.six,3,SMS Malware,validation
4126,Jk7H.PwcD,Jk7H.PwcD,3,SMS Malware,test
4127,com.android.apps,com.android.apps,3,SMS Malware,train
4128,com.software.android.install,com.software.android.install,3,SMS Malware,train
4129,com.software.application,com.software.application,3,SMS Malware,train
4130,com.software.application,com.software.application,3,SMS Malware,train
4131,ru.app.android,ru.app.android,3,SMS Malware,train
4133,pliuuphn.ljqbqntai,pliuuphn.ljqbqntai,3,SMS Malware,train
4134,egb45.g4gYY,egb45.g4gYY,3,SMS Malware,train
4136,com.Doodle_Physics.game,com.Doodle_Physics.game,3,SMS Malware,train
4137,com.soft.android.appinstaller,com.soft.android.appinstaller,3,SMS Malware,train
4138,lojofdnpb.gsqgxtbmh,lojofdnpb.gsqgxtbmh,3,SMS Malware,test
4139,ynlxcd.cwductjwjc,ynlxcd.cwductjwjc,3,SMS Malware,validation
4140,jp.bravo.honda,jp.bravo.honda,3,SMS Malware,train
4141,lOlOOo.IoOlCIoCllo,lOlOOo.IoOlCIoCllo,3,SMS Malware,train
4142,com.soft.android.appinstaller,com.soft.android.appinstaller,3,SMS Malware,train
4143,com.software.application,com.software.application,3,SMS Malware,train
4144,ovbknnfm.xwscmnoi,ovbknnfm.xwscmnoi,3,SMS Malware,test
4145,com.googleapps.ru,com.googleapps.ru,3,SMS Malware,train
4146,com.software.application,com.software.application,3,SMS Malware,train
4147,com.soft.android.appinstaller,com.soft.android.appinstaller,3,SMS Malware,train
4148,com.soft.android.appinstaller,com.soft.android.appinstaller,3,SMS Malware,train
4149,tp5x.WGt12,tp5x.WGt12,3,SMS Malware,train
4150,com.soft.android.appinstaller,com.soft.android.appinstaller,3,SMS Malware,train
4151,com.app.android,com.app.android,3,SMS Malware,validation
4152,pliuuphn.ljqbqntai,pliuuphn.ljqbqntai,3,SMS Malware,train
4153,Jk7H.PwcD,Jk7H.PwcD,3,SMS Malware,test
4154,com.android.apps,com.android.apps,3,SMS Malware,train
4155,jp.bravo.honda,jp.bravo.honda,3,SMS Malware,train
4156,com.android.mediastorage,com.android.mediastorage,3,SMS Malware,validation
4157,qffhro.himfnyda,qffhro.himfnyda,3,SMS Malware,train
4158,com.software.application,com.software.application,3,SMS Malware,train
4159,com.software.application,com.software.application,3,SMS Malware,train
4160,com.soft.android.appinstaller,com.soft.android.appinstaller,3,SMS Malware,train
4161,nuu643.JJK73f,nuu643.JJK73f,3,SMS Malware,test
4162,bhwoctrouva.ucxrqnd,bhwoctrouva.ucxrqnd,3,SMS Malware,train
4163,yhonvqb.qaolckwnvj,yhonvqb.qaolckwnvj,3,SMS Malware,test
4164,tj.alumberinc.ruganovich,tj.alumberinc.ruganovich,3,SMS Malware,validation
4165,com.software.application,com.software.application,3,SMS Malware,train
4166,com.android.app,com.android.app,3,SMS Malware,train
4167,com.tvt.astore.xdownloader,com.tvt.astore.xdownloader,3,SMS Malware,validation
4168,com.software.app,com.software.app,3,SMS Malware,train
4169,com.software.app,com.software.app,3,SMS Malware,train
4170,Jk7H.PwcD,Jk7H.PwcD,3,SMS Malware,test
4171,com.convertoman.proin,com.convertoman.proin,3,SMS Malware,train
4172,ovbknnfm.xwscmnoi,ovbknnfm.xwscmnoi,3,SMS Malware,test
4173,mejfudpoww.jieggdekc,mejfudpoww.jieggdekc,3,SMS Malware,validation
4174,com.opera.install,com.opera.install,3,SMS Malware,train
4175,ynqgas.mqbgseos,ynqgas.mqbgseos,3,SMS Malware,test
4176,eu.margaritasoft.firstdevelop,eu.margaritasoft.firstdevelop,3,SMS Malware,validation
4178,vbkoxh.cswnpr,vbkoxh.cswnpr,3,SMS Malware,validation
4179,com.soft.android.appinstaller,com.soft.android.appinstaller,3,SMS Malware,train
4180,com.software.application,com.software.application,3,SMS Malware,train
4181,net.android.app,net.android.app,3,SMS Malware,train
4182,org.google.app,org.google.app,3,SMS Malware,train
4183,com.software.application,com.software.application,3,SMS Malware,train
4184,com.software.android.install,com.software.android.install,3,SMS Malware,train
4185,com.software.install,com.software.install,3,SMS Malware,train
4186,com.soft.android.appinstaller,com.soft.android.appinstaller,3,SMS Malware,train
4187,com.soft.android.appinstaller,com.soft.android.appinstaller,3,SMS Malware,train
4188,ru.system.android,ru.system.android,3,SMS Malware,train
4189,com.soft.android.appinstaller,com.soft.android.appinstaller,3,SMS Malware,train
4190,com.opera.install,com.opera.install,3,SMS Malware,train
4191,app.six,app.six,3,SMS Malware,validation
4192,com.software.application,com.software.application,3,SMS Malware,train
4193,com.soft.android.appinstaller,com.soft.android.appinstaller,3,SMS Malware,train
4194,com.soft.android.appinstaller,com.soft.android.appinstaller,3,SMS Malware,train
4195,org.google,org.google,3,SMS Malware,train
4196,com.software.application,com.software.application,3,SMS Malware,train
4197,com.googleplay.app,com.googleplay.app,3,SMS Malware,train
4198,com.app.android,com.app.android,3,SMS Malware,validation
4199,com.android.installer.full,com.android.installer.full,3,SMS Malware,test
4200,jyiaivi.ohduxbbylb,jyiaivi.ohduxbbylb,3,SMS Malware,validation
4201,jp.bravo.honda,jp.bravo.honda,3,SMS Malware,train
4202,com.software.application,com.software.application,3,SMS Malware,train
4203,eu.margaritasoft.firstdevelop,eu.margaritasoft.firstdevelop,3,SMS Malware,validation
4204,vbkoxh.cswnpr,vbkoxh.cswnpr,3,SMS Malware,validation
4205,jp.bravo.honda,jp.bravo.honda,3,SMS Malware,train
4206,com.software.application,com.software.application,3,SMS Malware,train
4207,vbkoxh.cswnpr,vbkoxh.cswnpr,3,SMS Malware,validation
4208,com.soft.android.appinstaller,com.soft.android.appinstaller,3,SMS Malware,train
4209,rafggl.clengtc,rafggl.clengtc,3,SMS Malware,test
4210,com.software.application,com.software.application,3,SMS Malware,train
4211,ru.app.android,ru.app.android,3,SMS Malware,train
4212,com.app.installer,com.app.installer,3,SMS Malware,train
4213,com.software.app,com.software.app,3,SMS Malware,train
4214,com.manufacturatinkov.instman,com.manufacturatinkov.instman,3,SMS Malware,train
4216,com.apps.android,com.apps.android,3,SMS Malware,test
4217,ru.apps.android,ru.apps.android,3,SMS Malware,test
4218,com.depositmobi,com.depositmobi,3,SMS Malware,train
4219,com.software.application,com.software.application,3,SMS Malware,train
4220,com.android.apps,com.android.apps,3,SMS Malware,train
4221,com.software.application,com.software.application,3,SMS Malware,train
4222,com.googleapi.cover,com.googleapi.cover,3,SMS Malware,test
4223,nffvje.pbfibj,nffvje.pbfibj,3,SMS Malware,validation
4224,com.depositmobi,com.depositmobi,3,SMS Malware,train
4225,lOlOOo.IoOlCIoCllo,lOlOOo.IoOlCIoCllo,3,SMS Malware,train
4226,glwlbb.eyfwmaung,glwlbb.eyfwmaung,3,SMS Malware,validation
4227,ovbknnfm.xwscmnoi,ovbknnfm.xwscmnoi,3,SMS Malware,test
4228,bhwoctrouva.ucxrqnd,bhwoctrouva.ucxrqnd,3,SMS Malware,train
4229,xgqkjm.bfveeopo,xgqkjm.bfveeopo,3,SMS Malware,test
4230,com.software.marketapp,com.software.marketapp,3,SMS Malware,train
4231,com.googleapi.cover,com.googleapi.cover,3,SMS Malware,test
4232,Jk7H.PwcD,Jk7H.PwcD,3,SMS Malware,test
4233,com.android.apps,com.android.apps,3,SMS Malware,train
4234,yhonvqb.qaolckwnvj,yhonvqb.qaolckwnvj,3,SMS Malware,test
4235,com.app.android,com.app.android,3,SMS Malware,validation
4236,jp.bravo.honda,jp.bravo.honda,3,SMS Malware,train
4237,com.software.application,com.software.application,3,SMS Malware,train
4238,com.soft.android.appinstaller,com.soft.android.appinstaller,3,SMS Malware,train
4239,jp.bravo.honda,jp.bravo.honda,3,SMS Malware,train
4240,com.registr.registrator,com.registr.registrator,3,SMS Malware,test
4241,com.software.application,com.software.application,3,SMS Malware,train
4242,com.software.application,com.software.application,3,SMS Malware,train
4243,online_tv.app,online_tv.app,3,SMS Malware,train
4244,com.software.application,com.software.application,3,SMS Malware,train
4245,ynlxcd.cwductjwjc,ynlxcd.cwductjwjc,3,SMS Malware,validation
4246,com.software.application,com.software.application,3,SMS Malware,train
4247,com.android.apps,com.android.apps,3,SMS Malware,train
4248,fkjsgmjl.ceinnykas,fkjsgmjl.ceinnykas,3,SMS Malware,train
4249,com.bratolubzet.stlstart,com.bratolubzet.stlstart,3,SMS Malware,train
4250,ngjvnpslnp.iplhmk,ngjvnpslnp.iplhmk,3,SMS Malware,test
4251,com.googleapi.cover,com.googleapi.cover,3,SMS Malware,test
4252,Jk7H.PwcD,Jk7H.PwcD,3,SMS Malware,test
4253,com.software.application,com.software.application,3,SMS Malware,train
4254,com.software.application,com.software.application,3,SMS Malware,train
4255,com.example.service_update_v3,com.example.service_update_v3,3,SMS Malware,validation
4256,net.mybest,net.mybest,3,SMS Malware,validation
4257,com.convertoman.proin,com.convertoman.proin,3,SMS Malware,train
4258,ru.zveryatki.stado,ru.zveryatki.stado,3,SMS Malware,train
4259,com.soft.android.appinstaller,com.soft.android.appinstaller,3,SMS Malware,train
4260,net.mbpro,net.mbpro,3,SMS Malware,train
4261,yhonvqb.qaolckwnvj,yhonvqb.qaolckwnvj,3,SMS Malware,test
4262,com.google.appinstall,com.google.appinstall,3,SMS Malware,train
4263,com.software.application,com.software.application,3,SMS Malware,train
4264,com.convertoman.proin,com.convertoman.proin,3,SMS Malware,train
4265,com.software.app,com.software.app,3,SMS Malware,train
4266,com.software.application,com.software.application,3,SMS Malware,train
4267,com.android.apps,com.android.apps,3,SMS Malware,train
4268,jp.bravo.honda,jp.bravo.honda,3,SMS Malware,train
4269,com.flashlightcompass.wedoourbest,com.flashlightcompass.wedoourbest,3,SMS Malware,test
4270,com.registr.registrator,com.registr.registrator,3,SMS Malware,test
4271,com.soft.android.appinstaller,com.soft.android.appinstaller,3,SMS Malware,train
4272,net.os.android,net.os.android,3,SMS Malware,train
4273,com.software.app,com.software.app,3,SMS Malware,train
4274,fkjsgmjl.ceinnykas,fkjsgmjl.ceinnykas,3,SMS Malware,train
4275,QueiD9ej.ezahS1gi,QueiD9ej.ezahS1gi,3,SMS Malware,validation
4276,ovbknnfm.xwscmnoi,ovbknnfm.xwscmnoi,3,SMS Malware,test
4277,com.software.android.install,com.software.android.install,3,SMS Malware,train
4278,net.os.android,net.os.android,3,SMS Malware,train
4279,ru.android.apps,ru.android.apps,3,SMS Malware,train
4280,software.android,software.android,3,SMS Malware,train
4281,Jk7H.PwcD,Jk7H.PwcD,3,SMS Malware,test
4282,com.googleapi,com.googleapi,3,SMS Malware,train
4283,com.software.app,com.software.app,3,SMS Malware,train
4284,tj.alumberinc.ruganovich,tj.alumberinc.ruganovich,3,SMS Malware,validation
4287,tpmcpil.ytsgijs,tpmcpil.ytsgijs,3,SMS Malware,train
4288,com.satismangrooup.stlstart,com.satismangrooup.stlstart,3,SMS Malware,train
4289,com.software.application,com.software.application,3,SMS Malware,train
4290,ru.apps.android,ru.apps.android,3,SMS Malware,test
4291,com.software.application,com.software.application,3,SMS Malware,train
4292,com.googleapi.cover,com.googleapi.cover,3,SMS Malware,test
4293,org.google,org.google,3,SMS Malware,train
4294,ngjvnpslnp.iplhmk,ngjvnpslnp.iplhmk,3,SMS Malware,test
4295,com.opera.install,com.opera.install,3,SMS Malware,train
4296,com.software.application,com.software.application,3,SMS Malware,train
4297,com.soft.android.appinstaller,com.soft.android.appinstaller,3,SMS Malware,train
4298,com.googleapi.apps,com.googleapi.apps,3,SMS Malware,train
4299,com.soft.android.appinstaller,com.soft.android.appinstaller,3,SMS Malware,train
4300,com.nullsoft.active,com.nullsoft.active,3,SMS Malware,train
4301,com.soft.android.appinstaller,com.soft.android.appinstaller,3,SMS Malware,train
4302,com.volte.sms,com.volte.sms,3,SMS Malware,train
4303,com.soft.android.appinstaller,com.soft.android.appinstaller,3,SMS Malware,train
4304,com.software.app,com.software.app,3,SMS Malware,train
4305,ngjvnpslnp.iplhmk,ngjvnpslnp.iplhmk,3,SMS Malware,test
4307,com.soft.android.appinstaller,com.soft.android.appinstaller,3,SMS Malware,train
4309,com.software.apk,com.software.apk,3,SMS Malware,validation
4310,wip.click.master,wip.click.master,3,SMS Malware,train
4311,org.google.app,org.google.app,3,SMS Malware,train
4312,com.software.application,com.software.application,3,SMS Malware,train
4313,com.soft.android.appinstaller,com.soft.android.appinstaller,3,SMS Malware,train
4314,com.software.app,com.software.app,3,SMS Malware,train
4315,jp.bravo.honda,jp.bravo.honda,3,SMS Malware,train
4316,com.software.application,com.software.application,3,SMS Malware,train
4317,com.google.elements,com.google.elements,3,SMS Malware,test
4318,com.software.application,com.software.application,3,SMS Malware,train
4319,bhwoctrouva.ucxrqnd,bhwoctrouva.ucxrqnd,3,SMS Malware,train
4320,com.soft.android.appinstaller,com.soft.android.appinstaller,3,SMS Malware,train
4321,com.software.application,com.software.application,3,SMS Malware,train
4322,com.software.application,com.software.application,3,SMS Malware,train
4323,com.soft.android.appinstaller,com.soft.android.appinstaller,3,SMS Malware,train
4324,com.soft.android.appinstaller,com.soft.android.appinstaller,3,SMS Malware,train
4325,ngjvnpslnp.iplhmk,ngjvnpslnp.iplhmk,3,SMS Malware,test
4326,tj.alumberinc.ruganovich,tj.alumberinc.ruganovich,3,SMS Malware,validation
4327,ru.mskdev.andrinst,ru.mskdev.andrinst,3,SMS Malware,validation
4328,xgikgppv.ceqodeg,xgikgppv.ceqodeg,3,SMS Malware,train
4329,tj.alumberinc.ruganovich,tj.alumberinc.ruganovich,3,SMS Malware,validation
4330,com.software.app,com.software.app,3,SMS Malware,train
4331,veocnhr.elfbcmx,veocnhr.elfbcmx,3,SMS Malware,test
4332,com.depositmobi,com.depositmobi,3,SMS Malware,train
4333,ngjvnpslnp.iplhmk,ngjvnpslnp.iplhmk,3,SMS Malware,test
4334,ru.apps.android,ru.apps.android,3,SMS Malware,test
4335,com.software.application,com.software.application,3,SMS Malware,train
4336,jp.bravo.honda,jp.bravo.honda,3,SMS Malware,train
4337,com.android.app,com.android.app,3,SMS Malware,train
4338,com.software.application,com.software.application,3,SMS Malware,train
4339,app.apk,app.apk,3,SMS Malware,train
4340,com.soft.android.appinstaller,com.soft.android.appinstaller,3,SMS Malware,train
4341,jp.bravo.honda,jp.bravo.honda,3,SMS Malware,train
4342,com.soft.android.appinstaller,com.soft.android.appinstaller,3,SMS Malware,train
4343,com.software.application,com.software.application,3,SMS Malware,train
4344,bhwoctrouva.ucxrqnd,bhwoctrouva.ucxrqnd,3,SMS Malware,train
4345,ad.notify,ad.notify,3,SMS Malware,validation
4346,com.software.application,com.software.application,3,SMS Malware,train
4347,mwlqythh.rwbkulojmti,mwlqythh.rwbkulojmti,3,SMS Malware,train
4348,ru.apps.android,ru.apps.android,3,SMS Malware,test
4349,com.convertoman.proin,com.convertoman.proin,3,SMS Malware,train
4350,com.soft.android.appinstaller,com.soft.android.appinstaller,3,SMS Malware,train
4351,jp.bravo.honda,jp.bravo.honda,3,SMS Malware,train
4352,yhonvqb.qaolckwnvj,yhonvqb.qaolckwnvj,3,SMS Malware,test
4353,com.software.application,com.software.application,3,SMS Malware,train
4354,eu.margaritasoft.firstdevelop,eu.margaritasoft.firstdevelop,3,SMS Malware,validation
4355,com.googleapi.cover,com.googleapi.cover,3,SMS Malware,test
4356,com.software.application,com.software.application,3,SMS Malware,train
4357,com.app.android,com.app.android,3,SMS Malware,validation
4358,vbkoxh.cswnpr,vbkoxh.cswnpr,3,SMS Malware,validation
4359,com.termate,com.termate,3,SMS Malware,train
4360,com.software.application,com.software.application,3,SMS Malware,train
4361,com.app.android,com.app.android,3,SMS Malware,validation
4362,com.kimi.app_taigame,com.kimi.app_taigame,3,SMS Malware,validation
4363,com.soft.android.appinstaller,com.soft.android.appinstaller,3,SMS Malware,train
4364,com.android.app,com.android.app,3,SMS Malware,train
4365,ru.android.top,ru.android.top,3,SMS Malware,train
4366,com.android.update,com.android.update,3,SMS Malware,test
4367,rpyhwytfysl.uikbvktgwp,rpyhwytfysl.uikbvktgwp,3,SMS Malware,train
4368,com.google.app,com.google.app,3,SMS Malware,train
4369,yhonvqb.qaolckwnvj,yhonvqb.qaolckwnvj,3,SMS Malware,test
4370,com.soft.android.appinstaller,com.soft.android.appinstaller,3,SMS Malware,train
4371,lojofdnpb.gsqgxtbmh,lojofdnpb.gsqgxtbmh,3,SMS Malware,test
4372,tcyayfa.qunkbusonst,tcyayfa.qunkbusonst,3,SMS Malware,test
4373,com.soft.android.appinstaller,com.soft.android.appinstaller,3,SMS Malware,train
4374,com.manufacturatinkov.instman,com.manufacturatinkov.instman,3,SMS Malware,train
4375,jyiaivi.ohduxbbylb,jyiaivi.ohduxbbylb,3,SMS Malware,validation
4376,com.google.appinstall,com.google.appinstall,3,SMS Malware,train
4377,yhonvqb.qaolckwnvj,yhonvqb.qaolckwnvj,3,SMS Malware,test
4378,com.software.app,com.software.app,3,SMS Malware,train
4379,Jk7H.PwcD,Jk7H.PwcD,3,SMS Malware,test
4380,jtqsawchyv.qerbfsott,jtqsawchyv.qerbfsott,3,SMS Malware,train
4381,com.depositmobi,com.depositmobi,3,SMS Malware,train
4382,com.googleapi.cover,com.googleapi.cover,3,SMS Malware,test
4383,com.software.application,com.software.application,3,SMS Malware,train
4384,org.google.app,org.google.app,3,SMS Malware,train
4385,com.software.chrome,com.software.chrome,3,SMS Malware,train
4386,com.software.application,com.software.application,3,SMS Malware,train
4387,com.software.application,com.software.application,3,SMS Malware,train
4388,com.manufacturatinkov.instman,com.manufacturatinkov.instman,3,SMS Malware,train
4389,com.android.installer.full,com.android.installer.full,3,SMS Malware,test
4390,com.software.application,com.software.application,3,SMS Malware,train
4391,com.app.android,com.app.android,3,SMS Malware,validation
4392,com.android.installer.full,com.android.installer.full,3,SMS Malware,test
4393,lojofdnpb.gsqgxtbmh,lojofdnpb.gsqgxtbmh,3,SMS Malware,test
4394,com.android.apps,com.android.apps,3,SMS Malware,train
4395,com.software.application,com.software.application,3,SMS Malware,train
4396,eu.margaritasoft.firstdevelop,eu.margaritasoft.firstdevelop,3,SMS Malware,validation
4397,com.convertoman.proin,com.convertoman.proin,3,SMS Malware,train
4398,com.soft.android.appinstaller,com.soft.android.appinstaller,3,SMS Malware,train
4399,yhonvqb.qaolckwnvj,yhonvqb.qaolckwnvj,3,SMS Malware,test
4400,yhonvqb.qaolckwnvj,yhonvqb.qaolckwnvj,3,SMS Malware,test
4401,vbkoxh.cswnpr,vbkoxh.cswnpr,3,SMS Malware,validation
4402,com.apps.android,com.apps.android,3,SMS Malware,test
4403,com.software.application,com.software.application,3,SMS Malware,train
4404,com.soft.common,com.soft.common,3,SMS Malware,train
4405,com.installer,com.installer,3,SMS Malware,test
4406,vbkoxh.cswnpr,vbkoxh.cswnpr,3,SMS Malware,validation
4407,com.software.app,com.software.app,3,SMS Malware,train
4408,com.soft.android.appinstaller,com.soft.android.appinstaller,3,SMS Malware,train
4409,com.soft.common,com.soft.common,3,SMS Malware,train
4410,com.software.application,com.software.application,3,SMS Malware,train
4411,com.software.application,com.software.application,3,SMS Malware,train
4412,ru.apps.android,ru.apps.android,3,SMS Malware,test
4413,ru.uvaga.sokker,ru.uvaga.sokker,3,SMS Malware,train
4414,com.software.common,com.software.common,3,SMS Malware,test
4415,com.app.android,com.app.android,3,SMS Malware,validation
4416,com.software.app,com.software.app,3,SMS Malware,train
4417,org.google,org.google,3,SMS Malware,train
4418,ru.droid.install,ru.droid.install,3,SMS Malware,train
4419,com.software.application,com.software.application,3,SMS Malware,train
4420,xhasljrqfs.pufmxjganpe,xhasljrqfs.pufmxjganpe,3,SMS Malware,validation
4421,com.soft.android.appinstaller,com.soft.android.appinstaller,3,SMS Malware,train
4422,com.convertoman.proin,com.convertoman.proin,3,SMS Malware,train
4423,ru.app.android,ru.app.android,3,SMS Malware,train
4424,com.convertoman.proin,com.convertoman.proin,3,SMS Malware,train
4425,com.soft.android.appinstaller,com.soft.android.appinstaller,3,SMS Malware,train
4426,com.software.marketapp,com.software.marketapp,3,SMS Malware,train
4427,net.os.android,net.os.android,3,SMS Malware,train
4428,Jk7H.PwcD,Jk7H.PwcD,3,SMS Malware,test
4429,azm.vfgglbdgr.henzv,azm.vfgglbdgr.henzv,3,SMS Malware,validation
4430,com.satismangrooup.stlstart,com.satismangrooup.stlstart,3,SMS Malware,train
4431,bhwoctrouva.ucxrqnd,bhwoctrouva.ucxrqnd,3,SMS Malware,train
4432,rrreh.nyur,rrreh.nyur,3,SMS Malware,validation
4433,com.software.marketapp,com.software.marketapp,3,SMS Malware,train
4434,com.software.application,com.software.application,3,SMS Malware,train
4435,yhonvqb.qaolckwnvj,yhonvqb.qaolckwnvj,3,SMS Malware,test
4436,com.software.application,com.software.application,3,SMS Malware,train
4437,horoscope.app,horoscope.app,3,SMS Malware,train
4438,com.soft.install,com.soft.install,3,SMS Malware,validation
4439,com.app.downloader,com.app.downloader,3,SMS Malware,train
4440,com.software.application,com.software.application,3,SMS Malware,train
4441,com.soft.android.appinstaller,com.soft.android.appinstaller,3,SMS Malware,train
4442,com.androids.update,com.androids.update,3,SMS Malware,test
4443,com.bratolubzet.stlstart,com.bratolubzet.stlstart,3,SMS Malware,train
4444,jp.bravo.honda,jp.bravo.honda,3,SMS Malware,train
4445,com.depositmobi,com.depositmobi,3,SMS Malware,train
4446,com.software.application,com.software.application,3,SMS Malware,train
4447,com.software.application,com.software.application,3,SMS Malware,train
4448,software.android,software.android,3,SMS Malware,train
4449,com.soft.android.appinstaller,com.soft.android.appinstaller,3,SMS Malware,train
4450,jqwnryufwbu.qlmpjr,jqwnryufwbu.qlmpjr,3,SMS Malware,train
4451,com.android.apps,com.android.apps,3,SMS Malware,train
4452,com.software.application,com.software.application,3,SMS Malware,train
4453,com.soft.android.appinstaller,com.soft.android.appinstaller,3,SMS Malware,train
4454,com.soft.android.appinstaller,com.soft.android.appinstaller,3,SMS Malware,train
4455,com.software.application,com.software.application,3,SMS Malware,train
4456,com.software.application,com.software.application,3,SMS Malware,train
4457,Jk7H.PwcD,Jk7H.PwcD,3,SMS Malware,test
4458,ngjvnpslnp.iplhmk,ngjvnpslnp.iplhmk,3,SMS Malware,test
4459,com.software.application,com.software.application,3,SMS Malware,train
4460,com.googleapps.ru,com.googleapps.ru,3,SMS Malware,train
4461,yhonvqb.qaolckwnvj,yhonvqb.qaolckwnvj,3,SMS Malware,test
4462,com.convertoman.proin,com.convertoman.proin,3,SMS Malware,train
4463,com.soft.android.appinstaller,com.soft.android.appinstaller,3,SMS Malware,train
4464,app.apk,app.apk,3,SMS Malware,train
4465,afdejlql.facbbvhir,afdejlql.facbbvhir,3,SMS Malware,test
4466,com.googleapi,com.googleapi,3,SMS Malware,train
4467,com.software.application,com.software.application,3,SMS Malware,train
4468,com.hdc.bookmark146114,com.hdc.bookmark146114,3,SMS Malware,validation
4469,com.software.application,com.software.application,3,SMS Malware,train
4470,com.software.application,com.software.application,3,SMS Malware,train
4471,jp.bravo.honda,jp.bravo.honda,3,SMS Malware,train
4472,ngjvnpslnp.iplhmk,ngjvnpslnp.iplhmk,3,SMS Malware,test
4473,com.googleapi.cover,com.googleapi.cover,3,SMS Malware,test
4474,com.googleapi.cover,com.googleapi.cover,3,SMS Malware,test
4475,com.googleapi.cover,com.googleapi.cover,3,SMS Malware,test
4477,net.mwkek,net.mwkek,3,SMS Malware,test
4478,blue.water.id20160105,blue.water.id20160105,3,SMS Malware,test
4479,com.manufacturatinkov.instman,com.manufacturatinkov.instman,3,SMS Malware,train
4480,com.soft.android.appinstaller,com.soft.android.appinstaller,3,SMS Malware,train
4481,com.soft.android.appinstaller,com.soft.android.appinstaller,3,SMS Malware,train
4482,com.software.application,com.software.application,3,SMS Malware,train
4483,com.convertoman.proin,com.convertoman.proin,3,SMS Malware,train
4484,com.googleapi.cover,com.googleapi.cover,3,SMS Malware,test
4485,com.soft.android.appinstaller,com.soft.android.appinstaller,3,SMS Malware,train
4486,com.laminarresearch.Doodle_Physics,com.laminarresearch.Doodle_Physics,3,SMS Malware,validation
4487,com.soft.android.appinstaller,com.soft.android.appinstaller,3,SMS Malware,train
4488,oafgdwo.mqvtnhg,oafgdwo.mqvtnhg,3,SMS Malware,validation
4489,ngjvnpslnp.iplhmk,ngjvnpslnp.iplhmk,3,SMS Malware,test
4491,com.convertoman.proin,com.convertoman.proin,3,SMS Malware,train
4492,QueiD9ej.ezahS1gi,QueiD9ej.ezahS1gi,3,SMS Malware,validation
4493,com.software.application,com.software.application,3,SMS Malware,train
4494,com.soft.android.appinstaller,com.soft.android.appinstaller,3,SMS Malware,train
4495,ngjvnpslnp.iplhmk,ngjvnpslnp.iplhmk,3,SMS Malware,test
4496,yhonvqb.qaolckwnvj,yhonvqb.qaolckwnvj,3,SMS Malware,test
4497,eu.margaritasoft.firstdevelop,eu.margaritasoft.firstdevelop,3,SMS Malware,validation
4498,vbkoxh.cswnpr,vbkoxh.cswnpr,3,SMS Malware,validation
4499,yhonvqb.qaolckwnvj,yhonvqb.qaolckwnvj,3,SMS Malware,test
4500,afdejlql.facbbvhir,afdejlql.facbbvhir,3,SMS Malware,test
4501,com.software.application,com.software.application,3,SMS Malware,train
4502,com.software.application,com.software.application,3,SMS Malware,train
4503,com.convertoman.proin,com.convertoman.proin,3,SMS Malware,train
4504,yhonvqb.qaolckwnvj,yhonvqb.qaolckwnvj,3,SMS Malware,test
4505,com.software.application,com.software.application,3,SMS Malware,train
4506,com.manufacturatinkov.instman,com.manufacturatinkov.instman,3,SMS Malware,train
4508,com.satismangrooup.stlstart,com.satismangrooup.stlstart,3,SMS Malware,train
4509,com.soft.android.appinstaller,com.soft.android.appinstaller,3,SMS Malware,train
4510,ngjvnpslnp.iplhmk,ngjvnpslnp.iplhmk,3,SMS Malware,test
4511,ru.google.app,ru.google.app,3,SMS Malware,train
4512,com.games.time,com.games.time,3,SMS Malware,test
4513,ru.app.android,ru.app.android,3,SMS Malware,train
4514,com.software.application,com.software.application,3,SMS Malware,train
4515,com.soft.android.appinstaller,com.soft.android.appinstaller,3,SMS Malware,train
4516,oafatwbome.umcvwgqx,oafatwbome.umcvwgqx,3,SMS Malware,test
4517,software.android,software.android,3,SMS Malware,train
4518,com.software.app,com.software.app,3,SMS Malware,train
4519,jqwnryufwbu.qlmpjr,jqwnryufwbu.qlmpjr,3,SMS Malware,train
4520,com.software.application,com.software.application,3,SMS Malware,train
4521,com.software.application,com.software.application,3,SMS Malware,train
4522,com.soft.android.appinstaller,com.soft.android.appinstaller,3,SMS Malware,train
4523,com.software.application,com.software.application,3,SMS Malware,train
4524,Jk7H.PwcD,Jk7H.PwcD,3,SMS Malware,test
4525,ru.android.apps,ru.android.apps,3,SMS Malware,train
4526,com.soft.android.appinstaller,com.soft.android.appinstaller,3,SMS Malware,train
4527,com.googleapi.cover,com.googleapi.cover,3,SMS Malware,test
4528,ru.android.apps,ru.android.apps,3,SMS Malware,train
4529,com.soft.android.appinstaller,com.soft.android.appinstaller,3,SMS Malware,train
4530,com.software.app,com.software.app,3,SMS Malware,train
4531,com.convertoman.proin,com.convertoman.proin,3,SMS Malware,train
4532,com.getpay.update,com.getpay.update,3,SMS Malware,train
4533,yhonvqb.qaolckwnvj,yhonvqb.qaolckwnvj,3,SMS Malware,test
4534,com.software.application,com.software.application,3,SMS Malware,train
4535,com.app.android,com.app.android,3,SMS Malware,validation
4536,ru.apps.android,ru.apps.android,3,SMS Malware,test
4537,com.app.android,com.app.android,3,SMS Malware,validation
4538,com.software.application,com.software.application,3,SMS Malware,train
4539,mwlqythh.rwbkulojmti,mwlqythh.rwbkulojmti,3,SMS Malware,train
4540,com.software.application,com.software.application,3,SMS Malware,train
4541,com.software.application,com.software.application,3,SMS Malware,train
4542,Jk7H.PwcD,Jk7H.PwcD,3,SMS Malware,test
4543,com.software.application,com.software.application,3,SMS Malware,train
4544,com.soft.android.appinstaller,com.soft.android.appinstaller,3,SMS Malware,train
4545,mhejoqkihc.gourea,mhejoqkihc.gourea,3,SMS Malware,train
4546,com.software.application,com.software.application,3,SMS Malware,train
4547,ru.installer.droid,ru.installer.droid,3,SMS Malware,train
4548,com.software.application,com.software.application,3,SMS Malware,train
4549,ouepxayhr.efutel,ouepxayhr.efutel,3,SMS Malware,train
4550,com.software.application,com.software.application,3,SMS Malware,train
4551,yhonvqb.qaolckwnvj,yhonvqb.qaolckwnvj,3,SMS Malware,test
4552,com.software.application,com.software.application,3,SMS Malware,train
4553,com.software.application,com.software.application,3,SMS Malware,train
4554,eu.margaritasoft.firstdevelop,eu.margaritasoft.firstdevelop,3,SMS Malware,validation
4555,com.software.android.install,com.software.android.install,3,SMS Malware,train
4556,ekdrjuhjaih.qyofplge,ekdrjuhjaih.qyofplge,3,SMS Malware,train
4557,com.googIe.services,com.googIe.services,3,SMS Malware,test
4558,com.software.application,com.software.application,3,SMS Malware,train
4559,com.software.application,com.software.application,3,SMS Malware,train
4560,com.software.apk,com.software.apk,3,SMS Malware,validation
4561,ovbknnfm.xwscmnoi,ovbknnfm.xwscmnoi,3,SMS Malware,test
4562,ynqgas.mqbgseos,ynqgas.mqbgseos,3,SMS Malware,test
4563,ngjvnpslnp.iplhmk,ngjvnpslnp.iplhmk,3,SMS Malware,test
4564,com.android.app,com.android.app,3,SMS Malware,train
4565,ynlxcd.cwductjwjc,ynlxcd.cwductjwjc,3,SMS Malware,validation
4566,com.software.app,com.software.app,3,SMS Malware,train
4567,jp.bravo.honda,jp.bravo.honda,3,SMS Malware,train
4568,com.soft.android.appinstaller,com.soft.android.appinstaller,3,SMS Malware,train
4569,ru.app.android,ru.app.android,3,SMS Malware,train
4570,com.satismangrooup.stlstart,com.satismangrooup.stlstart,3,SMS Malware,train
4571,com.convertoman.proin,com.convertoman.proin,3,SMS Malware,train
4572,ngjvnpslnp.iplhmk,ngjvnpslnp.iplhmk,3,SMS Malware,test
4573,com.software.application,com.software.application,3,SMS Malware,train
4574,net.os.android,net.os.android,3,SMS Malware,train
4575,fhvm.vnnej,fhvm.vnnej,3,SMS Malware,train
4576,com.android.app,com.android.app,3,SMS Malware,train
4577,srcdsnms.jlimwd,srcdsnms.jlimwd,3,SMS Malware,validation
4578,com.getpay.update,com.getpay.update,3,SMS Malware,train
4580,tj.alumberinc.ruganovich,tj.alumberinc.ruganovich,3,SMS Malware,validation
4581,ru.installer.droid,ru.installer.droid,3,SMS Malware,train
4582,com.software.application,com.software.application,3,SMS Malware,train
4583,wdbpiewhmvw.bllatpxkpfi,wdbpiewhmvw.bllatpxkpfi,3,SMS Malware,validation
4584,ru.android.apps,ru.android.apps,3,SMS Malware,train
4585,ru.getcorvin.mettir,ru.getcorvin.mettir,3,SMS Malware,train
4586,tj.alumberinc.ruganovich,tj.alumberinc.ruganovich,3,SMS Malware,validation
4587,com.soft.android.appinstaller,com.soft.android.appinstaller,3,SMS Malware,train
4588,com.manufacturatinkov.instman,com.manufacturatinkov.instman,3,SMS Malware,train
4589,com.software.application,com.software.application,3,SMS Malware,train
4590,com.soft.android.appinstaller,com.soft.android.appinstaller,3,SMS Malware,train
4591,com.alphadev.midlet.executor,com.alphadev.midlet.executor,3,SMS Malware,train
4592,com.depositmobi,com.depositmobi,3,SMS Malware,train
4593,ngjvnpslnp.iplhmk,ngjvnpslnp.iplhmk,3,SMS Malware,test
4594,com.software.app,com.software.app,3,SMS Malware,train
4595,ngjvnpslnp.iplhmk,ngjvnpslnp.iplhmk,3,SMS Malware,test
4596,com.software.app,com.software.app,3,SMS Malware,train
4597,com.app.installer,com.app.installer,3,SMS Malware,train
4598,wdbpiewhmvw.bllatpxkpfi,wdbpiewhmvw.bllatpxkpfi,3,SMS Malware,validation
4599,com.software.application,com.software.application,3,SMS Malware,train
4600,eu.margaritasoft.firstdevelop,eu.margaritasoft.firstdevelop,3,SMS Malware,validation
4601,com.software.application,com.software.application,3,SMS Malware,train
4602,com.update.servicev2,com.update.servicev2,3,SMS Malware,test
4603,com.software.marketapp,com.software.marketapp,3,SMS Malware,train
4604,com.software.app,com.software.app,3,SMS Malware,train
4605,com.software.application,com.software.application,3,SMS Malware,train
4606,com.software.app,com.software.app,3,SMS Malware,train
4607,com.software.application,com.software.application,3,SMS Malware,train
4608,com.software.application,com.software.application,3,SMS Malware,train
4609,com.apps.pack,com.apps.pack,3,SMS Malware,test
4610,ru.app.android,ru.app.android,3,SMS Malware,train
4611,com.software.application,com.software.application,3,SMS Malware,train
4612,com.software.application,com.software.application,3,SMS Malware,train
4613,ru.download.manager,ru.download.manager,3,SMS Malware,validation
4614,com.depositmobi,com.depositmobi,3,SMS Malware,train
4615,fkjsgmjl.ceinnykas,fkjsgmjl.ceinnykas,3,SMS Malware,train
4616,vbkoxh.cswnpr,vbkoxh.cswnpr,3,SMS Malware,validation
4617,Jk7H.PwcD,Jk7H.PwcD,3,SMS Malware,test
4618,com.software.application,com.software.application,3,SMS Malware,train
4619,com.software.application,com.software.application,3,SMS Malware,train
4620,com.soft.android.appinstaller,com.soft.android.appinstaller,3,SMS Malware,train
4621,com.google.appsinstall,com.google.appsinstall,3,SMS Malware,validation
4622,xgikgppv.ceqodeg,xgikgppv.ceqodeg,3,SMS Malware,train
4623,com.android.apps,com.android.apps,3,SMS Malware,train
4624,com.software.application,com.software.application,3,SMS Malware,train
4625,Jk7H.PwcD,Jk7H.PwcD,3,SMS Malware,test
4626,com.software.application,com.software.application,3,SMS Malware,train
4627,com.software.app,com.software.app,3,SMS Malware,train
4628,jp.bravo.honda,jp.bravo.honda,3,SMS Malware,train
4629,online_tv.app,online_tv.app,3,SMS Malware,train
4631,xgqkjm.bfveeopo,xgqkjm.bfveeopo,3,SMS Malware,test
4632,com.usa001.cn,com.usa001.cn,3,SMS Malware,validation
4633,com.satismangrooup.stlstart,com.satismangrooup.stlstart,3,SMS Malware,train
4634,org.google,org.google,3,SMS Malware,train
4635,eu.margaritasoft.firstdevelop,eu.margaritasoft.firstdevelop,3,SMS Malware,validation
4636,com.apps.pack,com.apps.pack,3,SMS Malware,test
4637,yhonvqb.qaolckwnvj,yhonvqb.qaolckwnvj,3,SMS Malware,test
4638,com.software.application,com.software.application,3,SMS Malware,train
4639,com.opera.install,com.opera.install,3,SMS Malware,train
4640,ynlxcd.cwductjwjc,ynlxcd.cwductjwjc,3,SMS Malware,validation
4641,com.depositmobi,com.depositmobi,3,SMS Malware,train
4642,jp.bravo.honda,jp.bravo.honda,3,SMS Malware,train
4643,ovbknnfm.xwscmnoi,ovbknnfm.xwscmnoi,3,SMS Malware,test
4645,ngjvnpslnp.iplhmk,ngjvnpslnp.iplhmk,3,SMS Malware,test
4646,jp.bravo.honda,jp.bravo.honda,3,SMS Malware,train
4647,com.software.application,com.software.application,3,SMS Malware,train
4648,net.mwkekdsf,net.mwkekdsf,3,SMS Malware,train
4649,Jk7H.PwcD,Jk7H.PwcD,3,SMS Malware,test
4650,afdejlql.facbbvhir,afdejlql.facbbvhir,3,SMS Malware,test
4651,com.googleapps.ru,com.googleapps.ru,3,SMS Malware,train
4652,tj.alumberinc.ruganovich,tj.alumberinc.ruganovich,3,SMS Malware,validation
4653,ngjvnpslnp.iplhmk,ngjvnpslnp.iplhmk,3,SMS Malware,test
4654,com.software.application,com.software.application,3,SMS Malware,train
4655,com.software.marketapp,com.software.marketapp,3,SMS Malware,train
4656,ru.android.apps,ru.android.apps,3,SMS Malware,train
4657,yhonvqb.qaolckwnvj,yhonvqb.qaolckwnvj,3,SMS Malware,test
4658,com.googleapi.cover,com.googleapi.cover,3,SMS Malware,test
4659,com.app.adult,com.app.adult,3,SMS Malware,test
4660,com.software.app,com.software.app,3,SMS Malware,train
4661,com.soft.android.appinstaller,com.soft.android.appinstaller,3,SMS Malware,train
4662,jp.bravo.honda,jp.bravo.honda,3,SMS Malware,train
4663,com.software.application,com.software.application,3,SMS Malware,train
4664,com.apps.android,com.apps.android,3,SMS Malware,test
4665,com.software.application,com.software.application,3,SMS Malware,train
4666,wdbpiewhmvw.bllatpxkpfi,wdbpiewhmvw.bllatpxkpfi,3,SMS Malware,validation
4667,mwlqythh.rwbkulojmti,mwlqythh.rwbkulojmti,3,SMS Malware,train
4668,com.software.android.install,com.software.android.install,3,SMS Malware,train
4669,com.depositmobi,com.depositmobi,3,SMS Malware,train
4670,com.app.android,com.app.android,3,SMS Malware,validation
4671,com.soft.android.appinstaller,com.soft.android.appinstaller,3,SMS Malware,train
4673,ovbknnfm.xwscmnoi,ovbknnfm.xwscmnoi,3,SMS Malware,test
4674,vbkoxh.cswnpr,vbkoxh.cswnpr,3,SMS Malware,validation
4675,com.soft.android.appinstaller,com.soft.android.appinstaller,3,SMS Malware,train
4676,com.software.application,com.software.application,3,SMS Malware,train
4677,com.software.application,com.software.application,3,SMS Malware,train
4678,com.software.apk,com.software.apk,3,SMS Malware,validation
4679,xuvsrvpvuic.qpmngivtup,xuvsrvpvuic.qpmngivtup,3,SMS Malware,train
4680,com.software.application,com.software.application,3,SMS Malware,train
4681,bptxrgewk.ireknoyp,bptxrgewk.ireknoyp,3,SMS Malware,test
4682,ovbknnfm.xwscmnoi,ovbknnfm.xwscmnoi,3,SMS Malware,test
4683,com.google.appinstall,com.google.appinstall,3,SMS Malware,train
4684,tpmcpil.ytsgijs,tpmcpil.ytsgijs,3,SMS Malware,train
4685,yhonvqb.qaolckwnvj,yhonvqb.qaolckwnvj,3,SMS Malware,test
4686,ovbknnfm.xwscmnoi,ovbknnfm.xwscmnoi,3,SMS Malware,test
4687,tp5x.WGt12,tp5x.WGt12,3,SMS Malware,train
4688,com.googleapi,com.googleapi,3,SMS Malware,train
4689,jp.bravo.honda,jp.bravo.honda,3,SMS Malware,train
4690,ru.apps.android,ru.apps.android,3,SMS Malware,test
4691,com.depositmobi,com.depositmobi,3,SMS Malware,train
4692,dabmhi.nhryionafv,dabmhi.nhryionafv,3,SMS Malware,train
4693,com.soft.android.appinstaller,com.soft.android.appinstaller,3,SMS Malware,train
4694,com.app.android,com.app.android,3,SMS Malware,validation
4695,com.software.application,com.software.application,3,SMS Malware,train
4696,install.app,install.app,3,SMS Malware,test
4697,yhonvqb.qaolckwnvj,yhonvqb.qaolckwnvj,3,SMS Malware,test
4698,com.manufacturatinkov.instman,com.manufacturatinkov.instman,3,SMS Malware,train
4699,com.googleapi.cover,com.googleapi.cover,3,SMS Malware,test
4700,com.soft.android.appinstaller,com.soft.android.appinstaller,3,SMS Malware,train
4701,com.bratolubzet.stlstart,com.bratolubzet.stlstart,3,SMS Malware,train
4702,com.convertoman.proin,com.convertoman.proin,3,SMS Malware,train
4703,com.software.application,com.software.application,3,SMS Malware,train
4704,com.software.application,com.software.application,3,SMS Malware,train
4705,jp.bravo.honda,jp.bravo.honda,3,SMS Malware,train
4706,com.googleapi.cover,com.googleapi.cover,3,SMS Malware,test
4707,Jk7H.PwcD,Jk7H.PwcD,3,SMS Malware,test
4708,com.apps.android,com.apps.android,3,SMS Malware,test
4709,com.soft.installer,com.soft.installer,3,SMS Malware,test
4710,com.googleapi,com.googleapi,3,SMS Malware,train
4711,com.soft.android.appinstaller,com.soft.android.appinstaller,3,SMS Malware,train
4712,com.software.marketapp,com.software.marketapp,3,SMS Malware,train
4713,com.android.install,com.android.install,3,SMS Malware,train
4714,com.soft.android.appinstaller,com.soft.android.appinstaller,3,SMS Malware,train
4715,vbkoxh.cswnpr,vbkoxh.cswnpr,3,SMS Malware,validation
4716,com.software.application,com.software.application,3,SMS Malware,train
4717,yhonvqb.qaolckwnvj,yhonvqb.qaolckwnvj,3,SMS Malware,test
4718,com.software.application,com.software.application,3,SMS Malware,train
4719,com.software.application,com.software.application,3,SMS Malware,train
4720,com.software.application,com.software.application,3,SMS Malware,train
4721,dfjg6.Gtr6H,dfjg6.Gtr6H,3,SMS Malware,train
4722,com.alphadev.midlet.executor,com.alphadev.midlet.executor,3,SMS Malware,train
4723,com.soft.android.appinstaller,com.soft.android.appinstaller,3,SMS Malware,train
4724,com.software.application,com.software.application,3,SMS Malware,train
4725,com.lq.ChemHoaQua,com.lq.ChemHoaQua,3,SMS Malware,test
4726,com.tvt.astore.xdownloader,com.tvt.astore.xdownloader,3,SMS Malware,validation
4727,com.bratolubzet.stlstart,com.bratolubzet.stlstart,3,SMS Malware,train
4728,com.software.application,com.software.application,3,SMS Malware,train
4729,com.depositmobi,com.depositmobi,3,SMS Malware,train
4730,com.app.downloader,com.app.downloader,3,SMS Malware,train
4731,com.software.application,com.software.application,3,SMS Malware,train
4732,ngjvnpslnp.iplhmk,ngjvnpslnp.iplhmk,3,SMS Malware,test
4733,ngjvnpslnp.iplhmk,ngjvnpslnp.iplhmk,3,SMS Malware,test
4734,rom.jonas.eley,rom.jonas.eley,3,SMS Malware,validation
4735,com.depositmobi,com.depositmobi,3,SMS Malware,train
4736,tpmcpil.ytsgijs,tpmcpil.ytsgijs,3,SMS Malware,train
4737,ngjvnpslnp.iplhmk,ngjvnpslnp.iplhmk,3,SMS Malware,test
4738,com.convertoman.proin,com.convertoman.proin,3,SMS Malware,train
4739,install.app,install.app,3,SMS Malware,test
4740,jp.bravo.honda,jp.bravo.honda,3,SMS Malware,train
4741,software.android,software.android,3,SMS Malware,train
4742,com.androids.update,com.androids.update,3,SMS Malware,test
4743,com.soft.android.appinstaller,com.soft.android.appinstaller,3,SMS Malware,train
4744,jp.bravo.honda,jp.bravo.honda,3,SMS Malware,train
4745,com.poland_xxx17,com.poland_xxx17,3,SMS Malware,test
4747,com.convertoman.proin,com.convertoman.proin,3,SMS Malware,train
4748,com.depositmobi,com.depositmobi,3,SMS Malware,train
4749,com.googleapi.cover,com.googleapi.cover,3,SMS Malware,test
4750,com.app.android,com.app.android,3,SMS Malware,validation
4751,com.software.app,com.software.app,3,SMS Malware,train
4752,com.games.time,com.games.time,3,SMS Malware,test
4753,com.software.application,com.software.application,3,SMS Malware,train
4754,ovbknnfm.xwscmnoi,ovbknnfm.xwscmnoi,3,SMS Malware,test
4755,com.software.application,com.software.application,3,SMS Malware,train
4756,com.bratolubzet.stlstart,com.bratolubzet.stlstart,3,SMS Malware,train
4757,com.soft.android.appinstaller,com.soft.android.appinstaller,3,SMS Malware,train
4758,ngjvnpslnp.iplhmk,ngjvnpslnp.iplhmk,3,SMS Malware,test
4759,com.software.application,com.software.application,3,SMS Malware,train
4760,com.software.application,com.software.application,3,SMS Malware,train
4761,com.software.application,com.software.application,3,SMS Malware,train
4762,com.software.application,com.software.application,3,SMS Malware,train
4763,com.convertoman.proin,com.convertoman.proin,3,SMS Malware,train
4764,com.software.application,com.software.application,3,SMS Malware,train
4765,com.software.application,com.software.application,3,SMS Malware,train
4766,xgqkjm.bfveeopo,xgqkjm.bfveeopo,3,SMS Malware,test
4767,com.android.appupdate,com.android.appupdate,3,SMS Malware,test
4768,ru.android.apps,ru.android.apps,3,SMS Malware,train
4769,com.software.application,com.software.application,3,SMS Malware,train
4770,com.android.apps,com.android.apps,3,SMS Malware,train
4771,net.android.app,net.android.app,3,SMS Malware,train
4772,com.software.application,com.software.application,3,SMS Malware,train
4773,ru.apps.android,ru.apps.android,3,SMS Malware,test
4774,com.software.application,com.software.application,3,SMS Malware,train
4775,ru.android.apps,ru.android.apps,3,SMS Malware,train
4776,com.soft.android.appinstaller,com.soft.android.appinstaller,3,SMS Malware,train
4777,Jk7H.PwcD,Jk7H.PwcD,3,SMS Malware,test
4778,com.soft.android.appinstaller,com.soft.android.appinstaller,3,SMS Malware,train
4779,com.software.application,com.software.application,3,SMS Malware,train
4780,com.software.application,com.software.application,3,SMS Malware,train
4781,com.software.application,com.software.application,3,SMS Malware,train
4782,com.googleapi.cover,com.googleapi.cover,3,SMS Malware,test
4783,jp.bravo.honda,jp.bravo.honda,3,SMS Malware,train
4784,uphmidhkydm.qyjxigra,uphmidhkydm.qyjxigra,3,SMS Malware,validation
4785,net.os.android,net.os.android,3,SMS Malware,train
4786,ensufwosr.rokcvyfjtdp,ensufwosr.rokcvyfjtdp,3,SMS Malware,train
4787,ovbknnfm.xwscmnoi,ovbknnfm.xwscmnoi,3,SMS Malware,test
4788,com.software.application,com.software.application,3,SMS Malware,train
4789,com.apps.android,com.apps.android,3,SMS Malware,test
4790,ru.install.opera,ru.install.opera,3,SMS Malware,train
4791,com.soft.android.appinstaller,com.soft.android.appinstaller,3,SMS Malware,train
4792,wdbpiewhmvw.bllatpxkpfi,wdbpiewhmvw.bllatpxkpfi,3,SMS Malware,validation
4793,com.googleapi.cover,com.googleapi.cover,3,SMS Malware,test
4794,com.soft.android.appinstaller,com.soft.android.appinstaller,3,SMS Malware,train
4795,tcyayfa.qunkbusonst,tcyayfa.qunkbusonst,3,SMS Malware,test
4796,net.android.apps,net.android.apps,3,SMS Malware,train
4798,com.software.app,com.software.app,3,SMS Malware,train
4799,ig5Ai.zah,ig5Ai.zah,3,SMS Malware,test
4800,Jk7H.PwcD,Jk7H.PwcD,3,SMS Malware,test
4801,fhvm.vnnej,fhvm.vnnej,3,SMS Malware,train
4802,com.software.application,com.software.application,3,SMS Malware,train
4804,Jk7H.PwcD,Jk7H.PwcD,3,SMS Malware,test
4805,install.app,install.app,3,SMS Malware,test
4806,com.load.wap,com.load.wap,3,SMS Malware,train
4807,ru.download.manager,ru.download.manager,3,SMS Malware,validation
4808,vbkoxh.cswnpr,vbkoxh.cswnpr,3,SMS Malware,validation
4809,com.convertoman.proin,com.convertoman.proin,3,SMS Malware,train
4810,install.app,install.app,3,SMS Malware,test
4811,com.software.application,com.software.application,3,SMS Malware,train
4812,com.soft.android.appinstaller,com.soft.android.appinstaller,3,SMS Malware,train
4813,srcdsnms.jlimwd,srcdsnms.jlimwd,3,SMS Malware,validation
4814,com.maestrodeoid.instshi,com.maestrodeoid.instshi,3,SMS Malware,test
4815,com.software.application,com.software.application,3,SMS Malware,train
4816,com.soft.android.appinstaller,com.soft.android.appinstaller,3,SMS Malware,train
4817,com.soft.android.appinstaller,com.soft.android.appinstaller,3,SMS Malware,train
4818,Jk7H.PwcD,Jk7H.PwcD,3,SMS Malware,test
4819,eu.margaritasoft.firstdevelop,eu.margaritasoft.firstdevelop,3,SMS Malware,validation
4820,com.soft.android.appinstaller,com.soft.android.appinstaller,3,SMS Malware,train
4821,yhonvqb.qaolckwnvj,yhonvqb.qaolckwnvj,3,SMS Malware,test
4822,com.software.application,com.software.application,3,SMS Malware,train
4823,Jk7H.PwcD,Jk7H.PwcD,3,SMS Malware,test
4824,com.googleapi.cover,com.googleapi.cover,3,SMS Malware,test
4825,install.app,install.app,3,SMS Malware,test
4826,ngjvnpslnp.iplhmk,ngjvnpslnp.iplhmk,3,SMS Malware,test
4827,com.software.application,com.software.application,3,SMS Malware,train
4828,com.keloidscaretissue.QuxiFlashlisht,com.keloidscaretissue.QuxiFlashlisht,3,SMS Malware,test
4829,ngjvnpslnp.iplhmk,ngjvnpslnp.iplhmk,3,SMS Malware,test
4830,com.android.systges,com.android.systges,3,SMS Malware,train
4831,com.software.application,com.software.application,3,SMS Malware,train
4832,com.software.application,com.software.application,3,SMS Malware,train
4833,lOlOOo.IoOlCIoCllo,lOlOOo.IoOlCIoCllo,3,SMS Malware,train
4834,ru.app.android,ru.app.android,3,SMS Malware,train
4835,afdejlql.facbbvhir,afdejlql.facbbvhir,3,SMS Malware,test
4837,org.google,org.google,3,SMS Malware,train
4838,com.app.android,com.app.android,3,SMS Malware,validation
4839,vbkoxh.cswnpr,vbkoxh.cswnpr,3,SMS Malware,validation
4840,afdejlql.facbbvhir,afdejlql.facbbvhir,3,SMS Malware,test
4841,com.soft.install,com.soft.install,3,SMS Malware,validation
4842,ru.android.apps,ru.android.apps,3,SMS Malware,train
4843,afdejlql.facbbvhir,afdejlql.facbbvhir,3,SMS Malware,test
4844,com.depositmobi,com.depositmobi,3,SMS Malware,train
4845,ngjvnpslnp.iplhmk,ngjvnpslnp.iplhmk,3,SMS Malware,test
4846,com.software.application,com.software.application,3,SMS Malware,train
4847,com.apps.android,com.apps.android,3,SMS Malware,test
4848,com.google.app,com.google.app,3,SMS Malware,train
4849,tp5x.WGt12,tp5x.WGt12,3,SMS Malware,train
4850,com.soft.android.appinstaller,com.soft.android.appinstaller,3,SMS Malware,train
4851,com.software.application,com.software.application,3,SMS Malware,train
4852,ngjvnpslnp.iplhmk,ngjvnpslnp.iplhmk,3,SMS Malware,test
4853,com.soft.android.appinstaller,com.soft.android.appinstaller,3,SMS Malware,train
4854,com.android.apps,com.android.apps,3,SMS Malware,train
4855,ngjvnpslnp.iplhmk,ngjvnpslnp.iplhmk,3,SMS Malware,test
4856,wdbpiewhmvw.bllatpxkpfi,wdbpiewhmvw.bllatpxkpfi,3,SMS Malware,validation
4857,org.google.app,org.google.app,3,SMS Malware,train
4858,com.soft.install,com.soft.install,3,SMS Malware,validation
4859,software.android,software.android,3,SMS Malware,train
4860,com.googleapi.org,com.googleapi.org,3,SMS Malware,validation
4861,com.android.apps,com.android.apps,3,SMS Malware,train
4862,pmjwjd.ijtyuoo,pmjwjd.ijtyuoo,3,SMS Malware,train
4863,oafatwbome.umcvwgqx,oafatwbome.umcvwgqx,3,SMS Malware,test
4864,com.convertoman.proin,com.convertoman.proin,3,SMS Malware,train
4865,app.six,app.six,3,SMS Malware,validation
4866,com.software.application,com.software.application,3,SMS Malware,train
4867,vbkoxh.cswnpr,vbkoxh.cswnpr,3,SMS Malware,validation
4868,com.software.application,com.software.application,3,SMS Malware,train
4869,com.software.application,com.software.application,3,SMS Malware,train
4870,ewqjula.vderhjmfxb,ewqjula.vderhjmfxb,3,SMS Malware,train
4871,com.software.application,com.software.application,3,SMS Malware,train
4872,com.android.app,com.android.app,3,SMS Malware,train
4873,com.googleapi.cover,com.googleapi.cover,3,SMS Malware,test
4874,com.software.application,com.software.application,3,SMS Malware,train
4876,vbkoxh.cswnpr,vbkoxh.cswnpr,3,SMS Malware,validation
4877,com.soft.android.appinstaller,com.soft.android.appinstaller,3,SMS Malware,train
4878,com.software.app,com.software.app,3,SMS Malware,train
4880,com.app.android,com.app.android,3,SMS Malware,validation
4881,com.software.application,com.software.application,3,SMS Malware,train
4882,com.software.application,com.software.application,3,SMS Malware,train
4883,jp.bravo.honda,jp.bravo.honda,3,SMS Malware,train
4884,com.soft.android.appinstaller,com.soft.android.appinstaller,3,SMS Malware,train
4885,com.software.application,com.software.application,3,SMS Malware,train
4886,com.software.application,com.software.application,3,SMS Malware,train
4887,com.satismangrooup.stlstart,com.satismangrooup.stlstart,3,SMS Malware,train
4890,com.dnd.media.app,com.dnd.media.app,3,SMS Malware,train
4891,com.software.application,com.software.application,3,SMS Malware,train
4892,ngjvnpslnp.iplhmk,ngjvnpslnp.iplhmk,3,SMS Malware,test
4893,com.googleplay.app,com.googleplay.app,3,SMS Malware,train
4894,ru.download.manager,ru.download.manager,3,SMS Malware,validation
4895,com.app.android,com.app.android,3,SMS Malware,validation
4896,com.convertoman.proin,com.convertoman.proin,3,SMS Malware,train
4897,com.soft.android.appinstaller,com.soft.android.appinstaller,3,SMS Malware,train
4898,com.convertoman.proin,com.convertoman.proin,3,SMS Malware,train
4899,glwlbb.eyfwmaung,glwlbb.eyfwmaung,3,SMS Malware,validation
4901,com.software.application,com.software.application,3,SMS Malware,train
4902,com.software.apk,com.software.apk,3,SMS Malware,validation
4903,com.software.application,com.software.application,3,SMS Malware,train
4904,com.bratolubzet.stlstart,com.bratolubzet.stlstart,3,SMS Malware,train
4905,com.software.application,com.software.application,3,SMS Malware,train
4906,com.soft.android.appinstaller,com.soft.android.appinstaller,3,SMS Malware,train
4907,com.software.android.install,com.software.android.install,3,SMS Malware,train
4908,com.dnd.media.app,com.dnd.media.app,3,SMS Malware,train
4910,com.software.application,com.software.application,3,SMS Malware,train
4911,com.software.application,com.software.application,3,SMS Malware,train
4912,lbjwhhtdin.veuenar,lbjwhhtdin.veuenar,3,SMS Malware,train
4913,net.android.app,net.android.app,3,SMS Malware,train
4914,jtqsawchyv.qerbfsott,jtqsawchyv.qerbfsott,3,SMS Malware,train
4915,com.google.app,com.google.app,3,SMS Malware,train
4917,ngjvnpslnp.iplhmk,ngjvnpslnp.iplhmk,3,SMS Malware,test
4918,com.soft.android.appinstaller,com.soft.android.appinstaller,3,SMS Malware,train
4919,software.android,software.android,3,SMS Malware,train
4920,com.app.android,com.app.android,3,SMS Malware,validation
4921,com.soft.android.appinstaller,com.soft.android.appinstaller,3,SMS Malware,train
4922,ohGhonY.Wohngau,ohGhonY.Wohngau,3,SMS Malware,train
4923,rom.jonas.eley,rom.jonas.eley,3,SMS Malware,validation
4924,com.soft.android.appinstaller,com.soft.android.appinstaller,3,SMS Malware,train
4925,tpmcpil.ytsgijs,tpmcpil.ytsgijs,3,SMS Malware,train
4926,com.software.application,com.software.application,3,SMS Malware,train
4927,online_tv.app,online_tv.app,3,SMS Malware,train
4928,com.depositmobi,com.depositmobi,3,SMS Malware,train
4929,com.soft.android.appinstaller,com.soft.android.appinstaller,3,SMS Malware,train
4930,com.hamedia.gamestore,com.hamedia.gamestore,3,SMS Malware,train
4931,wdbpiewhmvw.bllatpxkpfi,wdbpiewhmvw.bllatpxkpfi,3,SMS Malware,validation
4932,com.software.application,com.software.application,3,SMS Malware,train
4933,wdbpiewhmvw.bllatpxkpfi,wdbpiewhmvw.bllatpxkpfi,3,SMS Malware,validation
4934,ngjvnpslnp.iplhmk,ngjvnpslnp.iplhmk,3,SMS Malware,test
4935,ru.android.apps,ru.android.apps,3,SMS Malware,train
4936,com.soft.android.appinstaller,com.soft.android.appinstaller,3,SMS Malware,train
4937,com.android.apps,com.android.apps,3,SMS Malware,train
4938,com.soft.android.appinstaller,com.soft.android.appinstaller,3,SMS Malware,train
4939,ngjvnpslnp.iplhmk,ngjvnpslnp.iplhmk,3,SMS Malware,test
4940,com.software.application,com.software.application,3,SMS Malware,train
4941,com.software.application,com.software.application,3,SMS Malware,train
4942,com.soft.android.appinstaller,com.soft.android.appinstaller,3,SMS Malware,train
4943,com.soft.android.appinstaller,com.soft.android.appinstaller,3,SMS Malware,train
4944,wdbpiewhmvw.bllatpxkpfi,wdbpiewhmvw.bllatpxkpfi,3,SMS Malware,validation
4945,com.example.service_update_v3,com.example.service_update_v3,3,SMS Malware,validation
4946,com.software.application,com.software.application,3,SMS Malware,train
4947,com.bratolubzet.stlstart,com.bratolubzet.stlstart,3,SMS Malware,train
4948,wip.click.master,wip.click.master,3,SMS Malware,train
4949,com.soft.install,com.soft.install,3,SMS Malware,validation
4950,com.soft.android.appinstaller,com.soft.android.appinstaller,3,SMS Malware,train
4951,com.soft.android.appinstaller,com.soft.android.appinstaller,3,SMS Malware,train
4952,yhonvqb.qaolckwnvj,yhonvqb.qaolckwnvj,3,SMS Malware,test
4953,ru.apps.android,ru.apps.android,3,SMS Malware,test
4954,com.depositmobi,com.depositmobi,3,SMS Malware,train
4955,com.software.application,com.software.application,3,SMS Malware,train
4956,com.soft.android.appinstaller,com.soft.android.appinstaller,3,SMS Malware,train
4957,vnpysgo.wbwkavy,vnpysgo.wbwkavy,3,SMS Malware,train
4958,mwlqythh.rwbkulojmti,mwlqythh.rwbkulojmti,3,SMS Malware,train
4959,com.software.install,com.software.install,3,SMS Malware,train
4960,kjplwxewy.wqpwdbfu,kjplwxewy.wqpwdbfu,3,SMS Malware,train
4961,com.soft.android.appinstaller,com.soft.android.appinstaller,3,SMS Malware,train
4962,com.convertoman.proin,com.convertoman.proin,3,SMS Malware,train
4963,aahbca.oohein.iiwea,aahbca.oohein.iiwea,3,SMS Malware,train
4964,com.software.application,com.software.application,3,SMS Malware,train
4965,tj.alumberinc.ruganovich,tj.alumberinc.ruganovich,3,SMS Malware,validation
4966,com.software.install,com.software.install,3,SMS Malware,train
4967,install.app,install.app,3,SMS Malware,test
4968,ngjvnpslnp.iplhmk,ngjvnpslnp.iplhmk,3,SMS Malware,test
4969,com.convertoman.proin,com.convertoman.proin,3,SMS Malware,train
4970,Jk7H.PwcD,Jk7H.PwcD,3,SMS Malware,test
4971,kjplwxewy.wqpwdbfu,kjplwxewy.wqpwdbfu,3,SMS Malware,train
4972,app.apk,app.apk,3,SMS Malware,train
4973,lsdblatmcak.weobfov,lsdblatmcak.weobfov,3,SMS Malware,test
4974,com.nskeylab.chinesecalendar,com.nskeylab.chinesecalendar,3,SMS Malware,train
4975,com.software.application,com.software.application,3,SMS Malware,train
4976,net.mwkekdsf,net.mwkekdsf,3,SMS Malware,train
4977,yhonvqb.qaolckwnvj,yhonvqb.qaolckwnvj,3,SMS Malware,test
4978,com.google.app,com.google.app,3,SMS Malware,train
4979,com.googleapi.cover,com.googleapi.cover,3,SMS Malware,test
4980,txkhwhhbvd.itxigtevkgu,txkhwhhbvd.itxigtevkgu,3,SMS Malware,test
4981,net.os.android,net.os.android,3,SMS Malware,train
4982,com.android.apps,com.android.apps,3,SMS Malware,train
4983,green.stone.in20161104,green.stone.in20161104,3,SMS Malware,train
4984,com.soft.android.appinstaller,com.soft.android.appinstaller,3,SMS Malware,train
4985,com.software.application,com.software.application,3,SMS Malware,train
4986,wdbpiewhmvw.bllatpxkpfi,wdbpiewhmvw.bllatpxkpfi,3,SMS Malware,validation
4987,com.software.marketapp,com.software.marketapp,3,SMS Malware,train
4988,vbkoxh.cswnpr,vbkoxh.cswnpr,3,SMS Malware,validation
4989,com.convertoman.proin,com.convertoman.proin,3,SMS Malware,train
4990,lddtqrmdb.ibabjapcq,lddtqrmdb.ibabjapcq,3,SMS Malware,train
4991,com.software.application,com.software.application,3,SMS Malware,train
4992,com.software.application,com.software.application,3,SMS Malware,train
4993,eu.margaritasoft.firstdevelop,eu.margaritasoft.firstdevelop,3,SMS Malware,validation
4994,com.software.application,com.software.application,3,SMS Malware,train
4995,com.manufacturatinkov.instman,com.manufacturatinkov.instman,3,SMS Malware,train
4996,net.mwkekdsf,net.mwkekdsf,3,SMS Malware,train
4997,com.soft.android.appinstaller,com.soft.android.appinstaller,3,SMS Malware,train
4998,com.software.application,com.software.application,3,SMS Malware,train
4999,com.google.app,com.google.app,3,SMS Malware,train
5000,com.soft.android.appinstaller,com.soft.android.appinstaller,3,SMS Malware,train
5001,yhonvqb.qaolckwnvj,yhonvqb.qaolckwnvj,3,SMS Malware,test
5002,com.software.marketapp,com.software.marketapp,3,SMS Malware,train
5003,eu.margaritasoft.firstdevelop,eu.margaritasoft.firstdevelop,3,SMS Malware,validation
5004,com.soft.android.appinstaller,com.soft.android.appinstaller,3,SMS Malware,train
5005,com.depositmobi,com.depositmobi,3,SMS Malware,train
5006,tj.alumberinc.ruganovich,tj.alumberinc.ruganovich,3,SMS Malware,validation
5007,com.depositmobi,com.depositmobi,3,SMS Malware,train
5008,Jk7H.PwcD,Jk7H.PwcD,3,SMS Malware,test
5009,com.software.application,com.software.application,3,SMS Malware,train
5010,Jk7H.PwcD,Jk7H.PwcD,3,SMS Malware,test
5011,install.app,install.app,3,SMS Malware,test
5012,com.android.apps,com.android.apps,3,SMS Malware,train
5013,com.soft.android.appinstaller,com.soft.android.appinstaller,3,SMS Malware,train
5014,com.software.install,com.software.install,3,SMS Malware,train
5015,com.software.application,com.software.application,3,SMS Malware,train
5016,org.google,org.google,3,SMS Malware,train
5017,com.googleapi.cover,com.googleapi.cover,3,SMS Malware,test
5018,com.software.application,com.software.application,3,SMS Malware,train
5019,com.apps.android,com.apps.android,3,SMS Malware,test
5020,jp.bravo.honda,jp.bravo.honda,3,SMS Malware,train
5021,eu.margaritasoft.firstdevelop,eu.margaritasoft.firstdevelop,3,SMS Malware,validation
5022,com.software.application,com.software.application,3,SMS Malware,train
5023,tj.alumberinc.ruganovich,tj.alumberinc.ruganovich,3,SMS Malware,validation
5024,ru.android.apps,ru.android.apps,3,SMS Malware,train
5025,com.software.app,com.software.app,3,SMS Malware,train
5026,ekdrjuhjaih.qyofplge,ekdrjuhjaih.qyofplge,3,SMS Malware,train
5027,jp.bravo.honda,jp.bravo.honda,3,SMS Malware,train
5028,com.example.service,com.example.service,3,SMS Malware,train
5029,eu.margaritasoft.firstdevelop,eu.margaritasoft.firstdevelop,3,SMS Malware,validation
5030,com.soft.android.appinstaller,com.soft.android.appinstaller,3,SMS Malware,train
5031,eu.margaritasoft.firstdevelop,eu.margaritasoft.firstdevelop,3,SMS Malware,validation
5032,com.software.application,com.software.application,3,SMS Malware,train
5033,com.software.app,com.software.app,3,SMS Malware,train
5034,srcdsnms.jlimwd,srcdsnms.jlimwd,3,SMS Malware,validation
5035,Jk7H.PwcD,Jk7H.PwcD,3,SMS Malware,test
5036,software.android,software.android,3,SMS Malware,train
5037,com.software.application,com.software.application,3,SMS Malware,train
5038,com.apps.android,com.apps.android,3,SMS Malware,test
5039,com.soft.android.appinstaller,com.soft.android.appinstaller,3,SMS Malware,train
5040,lOlOOo.IoOlCIoCllo,lOlOOo.IoOlCIoCllo,3,SMS Malware,train
5041,com.android.apps,com.android.apps,3,SMS Malware,train
5042,com.soft.android.appinstaller,com.soft.android.appinstaller,3,SMS Malware,train
5043,com.software.application,com.software.application,3,SMS Malware,train
5044,install.app,install.app,3,SMS Malware,test
5045,glwlbb.eyfwmaung,glwlbb.eyfwmaung,3,SMS Malware,validation
5046,ru.app.android,ru.app.android,3,SMS Malware,train
5047,com.software.application,com.software.application,3,SMS Malware,train
5048,com.software.application,com.software.application,3,SMS Malware,train
5049,ekdrjuhjaih.qyofplge,ekdrjuhjaih.qyofplge,3,SMS Malware,train
5050,com.googleapi,com.googleapi,3,SMS Malware,train
5051,ohuaai.eeish,ohuaai.eeish,3,SMS Malware,test
5052,ru.app.android,ru.app.android,3,SMS Malware,train
5053,mejfudpoww.jieggdekc,mejfudpoww.jieggdekc,3,SMS Malware,validation
5054,com.android.systges,com.android.systges,3,SMS Malware,train
5056,com.soft.android.appinstaller,com.soft.android.appinstaller,3,SMS Malware,train
5057,com.depositmobi,com.depositmobi,3,SMS Malware,train
5058,jqwnryufwbu.qlmpjr,jqwnryufwbu.qlmpjr,3,SMS Malware,train
5059,sjousmptp.qcafmk,sjousmptp.qcafmk,3,SMS Malware,validation
5060,net.android.apps,net.android.apps,3,SMS Malware,train
5061,com.android.installer.full,com.android.installer.full,3,SMS Malware,test
5062,com.soft.android.appinstaller,com.soft.android.appinstaller,3,SMS Malware,train
5063,com.software.antivirus,com.software.antivirus,3,SMS Malware,train
5064,com.software.apk,com.software.apk,3,SMS Malware,validation
5065,com.soft.install,com.soft.install,3,SMS Malware,validation
5066,ynlxcd.cwductjwjc,ynlxcd.cwductjwjc,3,SMS Malware,validation
5067,fkjsgmjl.ceinnykas,fkjsgmjl.ceinnykas,3,SMS Malware,train
5068,net.os.android,net.os.android,3,SMS Malware,train
5069,com.android.installer.full,com.android.installer.full,3,SMS Malware,test
5070,com.convertoman.proin,com.convertoman.proin,3,SMS Malware,train
5071,vbkoxh.cswnpr,vbkoxh.cswnpr,3,SMS Malware,validation
5072,com.dnd.media.app,com.dnd.media.app,3,SMS Malware,train
5073,com.bluedragon.sa,com.bluedragon.sa,3,SMS Malware,train
5074,com.soft.android.appinstaller,com.soft.android.appinstaller,3,SMS Malware,train
5075,com.android.installer.full,com.android.installer.full,3,SMS Malware,test
5076,jp.bravo.honda,jp.bravo.honda,3,SMS Malware,train
5077,com.soft.common,com.soft.common,3,SMS Malware,train
5079,jp.bravo.honda,jp.bravo.honda,3,SMS Malware,train
5080,com.software.app,com.software.app,3,SMS Malware,train
5081,ynlxcd.cwductjwjc,ynlxcd.cwductjwjc,3,SMS Malware,validation
5082,com.software.application,com.software.application,3,SMS Malware,train
5083,com.software.application,com.software.application,3,SMS Malware,train
5084,yhonvqb.qaolckwnvj,yhonvqb.qaolckwnvj,3,SMS Malware,test
5085,com.convertoman.proin,com.convertoman.proin,3,SMS Malware,train
5086,com.software.application,com.software.application,3,SMS Malware,train
5088,ngjvnpslnp.iplhmk,ngjvnpslnp.iplhmk,3,SMS Malware,test
5089,com.software.app,com.software.app,3,SMS Malware,train
5090,fkjsgmjl.ceinnykas,fkjsgmjl.ceinnykas,3,SMS Malware,train
5091,Jk7H.PwcD,Jk7H.PwcD,3,SMS Malware,test
5092,com.soft.android.appinstaller,com.soft.android.appinstaller,3,SMS Malware,train
5093,Jk7H.PwcD,Jk7H.PwcD,3,SMS Malware,test
5094,org.google.app,org.google.app,3,SMS Malware,train
5095,vbkoxh.cswnpr,vbkoxh.cswnpr,3,SMS Malware,validation
5096,mhejoqkihc.gourea,mhejoqkihc.gourea,3,SMS Malware,train
5098,opera_mini.app,opera_mini.app,3,SMS Malware,train
5099,com.android.apps,com.android.apps,3,SMS Malware,train
5100,ngjvnpslnp.iplhmk,ngjvnpslnp.iplhmk,3,SMS Malware,test
5101,com.software.application,com.software.application,3,SMS Malware,train
5102,com.software.application,com.software.application,3,SMS Malware,train
5104,ru.app.android,ru.app.android,3,SMS Malware,train
5105,com.software.application,com.software.application,3,SMS Malware,train
5106,vbkoxh.cswnpr,vbkoxh.cswnpr,3,SMS Malware,validation
5108,com.registr.registrator,com.registr.registrator,3,SMS Malware,test
5109,com.soft.android.appinstaller,com.soft.android.appinstaller,3,SMS Malware,train
5110,ru.app.android,ru.app.android,3,SMS Malware,train
5111,com.software.application,com.software.application,3,SMS Malware,train
5112,com.bratolubzet.stlstart,com.bratolubzet.stlstart,3,SMS Malware,train
5113,com.software.marketapp,com.software.marketapp,3,SMS Malware,train
5114,vbkoxh.cswnpr,vbkoxh.cswnpr,3,SMS Malware,validation
5115,ru.apps.android,ru.apps.android,3,SMS Malware,test
5116,com.software.application,com.software.application,3,SMS Malware,train
5117,QueiD9ej.ezahS1gi,QueiD9ej.ezahS1gi,3,SMS Malware,validation
5118,com.software.application,com.software.application,3,SMS Malware,train
5119,com.bratolubzet.stlstart,com.bratolubzet.stlstart,3,SMS Malware,train
5120,com.soft.android.appinstaller,com.soft.android.appinstaller,3,SMS Malware,train
5121,com.hamedia.gamestore,com.hamedia.gamestore,3,SMS Malware,train
5122,pliuuphn.ljqbqntai,pliuuphn.ljqbqntai,3,SMS Malware,train
5123,com.software.chrome,com.software.chrome,3,SMS Malware,train
5124,Jk7H.PwcD,Jk7H.PwcD,3,SMS Malware,test
5126,software.android,software.android,3,SMS Malware,train
5127,Jk7H.PwcD,Jk7H.PwcD,3,SMS Malware,test
5128,midlet.com,midlet.com,3,SMS Malware,train
5129,com.android.apps,com.android.apps,3,SMS Malware,train
5130,midlet.com,midlet.com,3,SMS Malware,train
5131,com.software.application,com.software.application,3,SMS Malware,train
5132,com.convertoman.proin,com.convertoman.proin,3,SMS Malware,train
5133,com.android.shine,com.android.shine,3,SMS Malware,test
5134,com.soft.android.appinstaller,com.soft.android.appinstaller,3,SMS Malware,train
5135,com.software.application,com.software.application,3,SMS Malware,train
5136,yhonvqb.qaolckwnvj,yhonvqb.qaolckwnvj,3,SMS Malware,test
5137,com.software.application,com.software.application,3,SMS Malware,train
5138,org.google,org.google,3,SMS Malware,train
5139,com.johncar.terranowa,com.johncar.terranowa,3,SMS Malware,test
5140,jp.bravo.honda,jp.bravo.honda,3,SMS Malware,train
5141,com.soft.android.appinstaller,com.soft.android.appinstaller,3,SMS Malware,train
5142,ynlxcd.cwductjwjc,ynlxcd.cwductjwjc,3,SMS Malware,validation
5143,com.software.application,com.software.application,3,SMS Malware,train
5144,com.software.application,com.software.application,3,SMS Malware,train
5145,com.depositmobi,com.depositmobi,3,SMS Malware,train
5146,com.soft.android.appinstaller,com.soft.android.appinstaller,3,SMS Malware,train
5147,com.depositmobi,com.depositmobi,3,SMS Malware,train
5148,com.software.application,com.software.application,3,SMS Malware,train
5149,com.software.application,com.software.application,3,SMS Malware,train
5150,ru.installer.droid,ru.installer.droid,3,SMS Malware,train
5151,com.soft.android.appinstaller,com.soft.android.appinstaller,3,SMS Malware,train
5152,com.software.application,com.software.application,3,SMS Malware,train
5153,jyiaivi.ohduxbbylb,jyiaivi.ohduxbbylb,3,SMS Malware,validation
5154,com.hasl.defproj,com.hasl.defproj,3,SMS Malware,validation
5155,dabmhi.nhryionafv,dabmhi.nhryionafv,3,SMS Malware,train
5156,jyiaivi.ohduxbbylb,jyiaivi.ohduxbbylb,3,SMS Malware,validation
5157,mwlqythh.rwbkulojmti,mwlqythh.rwbkulojmti,3,SMS Malware,train
5158,com.software.application,com.software.application,3,SMS Malware,train
5160,vbkoxh.cswnpr,vbkoxh.cswnpr,3,SMS Malware,validation
5161,com.software.marketapp,com.software.marketapp,3,SMS Malware,train
5162,com.googleapi,com.googleapi,3,SMS Malware,train
5164,com.soft.android.appinstaller,com.soft.android.appinstaller,3,SMS Malware,train
5165,com.googleapi,com.googleapi,3,SMS Malware,train
5166,com.depositmobi,com.depositmobi,3,SMS Malware,train
5167,ekdrjuhjaih.qyofplge,ekdrjuhjaih.qyofplge,3,SMS Malware,train
5168,com.soft.android.appinstaller,com.soft.android.appinstaller,3,SMS Malware,train
5169,ru.apps.android,ru.apps.android,3,SMS Malware,test
5170,com.soft.android.appinstaller,com.soft.android.appinstaller,3,SMS Malware,train
5171,com.txiykwvi.floypxu,com.txiykwvi.floypxu,3,SMS Malware,train
5172,ovbknnfm.xwscmnoi,ovbknnfm.xwscmnoi,3,SMS Malware,test
5174,com.soft.android.appinstaller,com.soft.android.appinstaller,3,SMS Malware,train
5175,com.soft.android.appinstaller,com.soft.android.appinstaller,3,SMS Malware,train
5176,aahbca.oohein.iiwea,aahbca.oohein.iiwea,3,SMS Malware,train
5177,com.code4mobile.android.weedfarmer,com.code4mobile.android.weedfarmer,3,SMS Malware,train
5178,com.depositmobi,com.depositmobi,3,SMS Malware,train
5179,brendsu.gamedemo,brendsu.gamedemo,3,SMS Malware,train
5180,ovbknnfm.xwscmnoi,ovbknnfm.xwscmnoi,3,SMS Malware,test
5181,com.android.app,com.android.app,3,SMS Malware,train
5182,com.depositmobi,com.depositmobi,3,SMS Malware,train
5183,ru.apps.android,ru.apps.android,3,SMS Malware,test
5184,eu.margaritasoft.firstdevelop,eu.margaritasoft.firstdevelop,3,SMS Malware,validation
5185,nmwurmoxc.vwtavlp,nmwurmoxc.vwtavlp,3,SMS Malware,train
5186,com.software.application,com.software.application,3,SMS Malware,train
5187,com.soft.android.appinstaller,com.soft.android.appinstaller,3,SMS Malware,train
5188,com.software.marketapp,com.software.marketapp,3,SMS Malware,train
5189,com.software.application,com.software.application,3,SMS Malware,train
5190,com.software.application,com.software.application,3,SMS Malware,train
5191,com.software.application,com.software.application,3,SMS Malware,train
5192,com.software.install,com.software.install,3,SMS Malware,train
5193,org.google.app,org.google.app,3,SMS Malware,train
5194,com.software.application,com.software.application,3,SMS Malware,train
5195,app.six,app.six,3,SMS Malware,validation
5196,afdejlql.facbbvhir,afdejlql.facbbvhir,3,SMS Malware,test
5197,com.software.android.install,com.software.android.install,3,SMS Malware,train
5198,net.downfiles,net.downfiles,3,SMS Malware,train
5199,com.johncar.terranowa,com.johncar.terranowa,3,SMS Malware,test
5200,com.software.application,com.software.application,3,SMS Malware,train
5201,com.software.application,com.software.application,3,SMS Malware,train
5202,install.app,install.app,3,SMS Malware,test
5203,com.keloidscaretissue.Quxicompass,com.keloidscaretissue.Quxicompass,3,SMS Malware,test
5204,jp.bravo.honda,jp.bravo.honda,3,SMS Malware,train
5205,com.bratolubzet.stlstart,com.bratolubzet.stlstart,3,SMS Malware,train
5207,com.convertoman.proin,com.convertoman.proin,3,SMS Malware,train
5208,tp5x.WGt12,tp5x.WGt12,3,SMS Malware,train
5209,com.software.application,com.software.application,3,SMS Malware,train
5210,com.googleapi.cover,com.googleapi.cover,3,SMS Malware,test
5211,com.soft.android.appinstaller,com.soft.android.appinstaller,3,SMS Malware,train
5212,install.app,install.app,3,SMS Malware,test
5213,com.software.application,com.software.application,3,SMS Malware,train
5214,com.software.application,com.software.application,3,SMS Malware,train
5215,org.google.app,org.google.app,3,SMS Malware,train
5216,ru.android.apps,ru.android.apps,3,SMS Malware,train
5217,com.soft.android.appinstaller,com.soft.android.appinstaller,3,SMS Malware,train
5218,yhonvqb.qaolckwnvj,yhonvqb.qaolckwnvj,3,SMS Malware,test
5219,com.depositmobi,com.depositmobi,3,SMS Malware,train
5220,com.app.android,com.app.android,3,SMS Malware,validation
5221,bptxrgewk.ireknoyp,bptxrgewk.ireknoyp,3,SMS Malware,test
5222,com.soft.android.appinstaller,com.soft.android.appinstaller,3,SMS Malware,train
5223,ru.android.apps,ru.android.apps,3,SMS Malware,train
5224,com.software.application,com.software.application,3,SMS Malware,train
5225,ovbknnfm.xwscmnoi,ovbknnfm.xwscmnoi,3,SMS Malware,test
5226,ru.apps.android,ru.apps.android,3,SMS Malware,test
5227,ngjvnpslnp.iplhmk,ngjvnpslnp.iplhmk,3,SMS Malware,test
5228,com.android.installer.full,com.android.installer.full,3,SMS Malware,test
5229,com.soft.android.appinstaller,com.soft.android.appinstaller,3,SMS Malware,train
5230,com.software.application,com.software.application,3,SMS Malware,train
5231,eu.margaritasoft.firstdevelop,eu.margaritasoft.firstdevelop,3,SMS Malware,validation
5232,flash.app,flash.app,3,SMS Malware,test
5233,ngjvnpslnp.iplhmk,ngjvnpslnp.iplhmk,3,SMS Malware,test
5234,com.satismangrooup.stlstart,com.satismangrooup.stlstart,3,SMS Malware,train
5235,com.software.application,com.software.application,3,SMS Malware,train
5236,install.app,install.app,3,SMS Malware,test
5237,lumbgthwrcu.llrtxx,lumbgthwrcu.llrtxx,3,SMS Malware,validation
5238,com.software.app,com.software.app,3,SMS Malware,train
5239,com.depositmobi,com.depositmobi,3,SMS Malware,train
5240,com.software.application,com.software.application,3,SMS Malware,train
5241,com.software.application,com.software.application,3,SMS Malware,train
5242,grounog.piroirj,grounog.piroirj,3,SMS Malware,validation
5243,com.soft.android.appinstaller,com.soft.android.appinstaller,3,SMS Malware,train
5244,com.soft.android.appinstaller,com.soft.android.appinstaller,3,SMS Malware,train
5246,jqwnryufwbu.qlmpjr,jqwnryufwbu.qlmpjr,3,SMS Malware,train
5248,com.googleapi.cover,com.googleapi.cover,3,SMS Malware,test
5249,com.software.application,com.software.application,3,SMS Malware,train
5250,eom.johndev.smitinst,eom.johndev.smitinst,3,SMS Malware,train
5251,sbk.game.free,sbk.game.free,3,SMS Malware,test
5252,lOlOOo.IoOlCIoCllo,lOlOOo.IoOlCIoCllo,3,SMS Malware,train
5253,com.software.application,com.software.application,3,SMS Malware,train
5254,com.software.application,com.software.application,3,SMS Malware,train
5255,com.depositmobi,com.depositmobi,3,SMS Malware,train
5256,yhonvqb.qaolckwnvj,yhonvqb.qaolckwnvj,3,SMS Malware,test
5257,ngjvnpslnp.iplhmk,ngjvnpslnp.iplhmk,3,SMS Malware,test
5258,ru.apps.android,ru.apps.android,3,SMS Malware,test
5259,ngjvnpslnp.iplhmk,ngjvnpslnp.iplhmk,3,SMS Malware,test
5260,com.android.installer.full,com.android.installer.full,3,SMS Malware,test
5262,com.software.app,com.software.app,3,SMS Malware,train
5263,vbkoxh.cswnpr,vbkoxh.cswnpr,3,SMS Malware,validation
5264,com.software.app,com.software.app,3,SMS Malware,train
5265,com.android.update,com.android.update,3,SMS Malware,test
5266,com.software.application,com.software.application,3,SMS Malware,train
5267,jtqsawchyv.qerbfsott,jtqsawchyv.qerbfsott,3,SMS Malware,train
5268,com.software.marketapp,com.software.marketapp,3,SMS Malware,train
5269,ngjvnpslnp.iplhmk,ngjvnpslnp.iplhmk,3,SMS Malware,test
5270,com.software.app,com.software.app,3,SMS Malware,train
5271,com.android.app,com.android.app,3,SMS Malware,train
5272,ngjvnpslnp.iplhmk,ngjvnpslnp.iplhmk,3,SMS Malware,test
5273,com.googleapi.apps,com.googleapi.apps,3,SMS Malware,train
5274,ovbknnfm.xwscmnoi,ovbknnfm.xwscmnoi,3,SMS Malware,test
5275,com.software.app,com.software.app,3,SMS Malware,train
5276,com.app.PowerAMP,com.app.PowerAMP,3,SMS Malware,train
5277,com.soft.android.appinstaller,com.soft.android.appinstaller,3,SMS Malware,train
5278,ru.android.apps,ru.android.apps,3,SMS Malware,train
5279,bnshdbl.gtxvsgijkx,bnshdbl.gtxvsgijkx,3,SMS Malware,validation
5280,install.app,install.app,3,SMS Malware,test
5281,com.convertoman.proin,com.convertoman.proin,3,SMS Malware,train
5282,com.soft.android.appinstaller,com.soft.android.appinstaller,3,SMS Malware,train
5283,com.android.installer.full,com.android.installer.full,3,SMS Malware,test
5284,com.software.application,com.software.application,3,SMS Malware,train
5285,com.software.application,com.software.application,3,SMS Malware,train
5286,ngjvnpslnp.iplhmk,ngjvnpslnp.iplhmk,3,SMS Malware,test
5288,com.soft.android.appinstaller,com.soft.android.appinstaller,3,SMS Malware,train
5289,jp.bravo.honda,jp.bravo.honda,3,SMS Malware,train
5290,com.convertoman.proin,com.convertoman.proin,3,SMS Malware,train
5291,com.software.application,com.software.application,3,SMS Malware,train
5292,com.drweb,com.drweb,3,SMS Malware,validation
5293,com.software.application,com.software.application,3,SMS Malware,train
5294,com.software.application,com.software.application,3,SMS Malware,train
5295,com.soft.android.appinstaller,com.soft.android.appinstaller,3,SMS Malware,train
5296,eu.margaritasoft.firstdevelop,eu.margaritasoft.firstdevelop,3,SMS Malware,validation
5297,com.convertoman.proin,com.convertoman.proin,3,SMS Malware,train
5298,pliuuphn.ljqbqntai,pliuuphn.ljqbqntai,3,SMS Malware,train
5300,com.soft.android.appinstaller,com.soft.android.appinstaller,3,SMS Malware,train
5301,com.software.application,com.software.application,3,SMS Malware,train
5303,com.soft.android.appinstaller,com.soft.android.appinstaller,3,SMS Malware,train
5304,com.software.marketapp,com.software.marketapp,3,SMS Malware,train
5305,il.co.egv,il.co.egv,3,SMS Malware,train
5306,com.software.application,com.software.application,3,SMS Malware,train
5307,afdejlql.facbbvhir,afdejlql.facbbvhir,3,SMS Malware,test
5308,nuu643.JJK73f,nuu643.JJK73f,3,SMS Malware,test
5309,ee.maestro.slaming,ee.maestro.slaming,3,SMS Malware,train
5310,ru.installer.droid,ru.installer.droid,3,SMS Malware,train
5311,Thee3.yua.Uachohc6,Thee3.yua.Uachohc6,3,SMS Malware,test
5312,com.software.app,com.software.app,3,SMS Malware,train
5313,com.soft.android.appinstaller,com.soft.android.appinstaller,3,SMS Malware,train
5314,xgikgppv.ceqodeg,xgikgppv.ceqodeg,3,SMS Malware,train
5315,com.android.installer.full,com.android.installer.full,3,SMS Malware,test
5316,jp.bravo.honda,jp.bravo.honda,3,SMS Malware,train
5317,yhonvqb.qaolckwnvj,yhonvqb.qaolckwnvj,3,SMS Malware,test
5318,eom.johndev.smitinst,eom.johndev.smitinst,3,SMS Malware,train
5319,install.app,install.app,3,SMS Malware,test
5320,jp.bravo.honda,jp.bravo.honda,3,SMS Malware,train
5321,com.convertoman.proin,com.convertoman.proin,3,SMS Malware,train
5322,com.software.application,com.software.application,3,SMS Malware,train
5323,com.software.application,com.software.application,3,SMS Malware,train
5324,ngjvnpslnp.iplhmk,ngjvnpslnp.iplhmk,3,SMS Malware,test
5325,tj.alumberinc.ruganovich,tj.alumberinc.ruganovich,3,SMS Malware,validation
5326,com.software.application,com.software.application,3,SMS Malware,train
5327,jp.bravo.honda,jp.bravo.honda,3,SMS Malware,train
5328,com.software.application,com.software.application,3,SMS Malware,train
5329,vbkoxh.cswnpr,vbkoxh.cswnpr,3,SMS Malware,validation
5330,com.android.apps,com.android.apps,3,SMS Malware,train
5331,com.soft.android.appinstaller,com.soft.android.appinstaller,3,SMS Malware,train
5332,ngjvnpslnp.iplhmk,ngjvnpslnp.iplhmk,3,SMS Malware,test
5333,yhonvqb.qaolckwnvj,yhonvqb.qaolckwnvj,3,SMS Malware,test
5334,ngjvnpslnp.iplhmk,ngjvnpslnp.iplhmk,3,SMS Malware,test
5336,com.googleapi.org,com.googleapi.org,3,SMS Malware,validation
5337,astyu.nbhjt,astyu.nbhjt,3,SMS Malware,train
5338,com.android.apps,com.android.apps,3,SMS Malware,train
5339,com.bratolubzet.stlstart,com.bratolubzet.stlstart,3,SMS Malware,train
5340,com.software.application,com.software.application,3,SMS Malware,train
5341,com.software.app,com.software.app,3,SMS Malware,train
5342,com.software.application,com.software.application,3,SMS Malware,train
5343,Jk7H.PwcD,Jk7H.PwcD,3,SMS Malware,test
5344,ru.install.opera,ru.install.opera,3,SMS Malware,train
5345,com.operas.installs,com.operas.installs,3,SMS Malware,test
5346,Jk7H.PwcD,Jk7H.PwcD,3,SMS Malware,test
5347,ngjvnpslnp.iplhmk,ngjvnpslnp.iplhmk,3,SMS Malware,test
5348,com.manufacturatinkov.instman,com.manufacturatinkov.instman,3,SMS Malware,train
5349,net.os.android,net.os.android,3,SMS Malware,train
5350,ynlxcd.cwductjwjc,ynlxcd.cwductjwjc,3,SMS Malware,validation
5351,com.software.marketapp,com.software.marketapp,3,SMS Malware,train
5352,com.software.application,com.software.application,3,SMS Malware,train
5353,ovbknnfm.xwscmnoi,ovbknnfm.xwscmnoi,3,SMS Malware,test
5354,app.apk,app.apk,3,SMS Malware,train
5355,com.android.appupdate,com.android.appupdate,3,SMS Malware,test
5356,yhonvqb.qaolckwnvj,yhonvqb.qaolckwnvj,3,SMS Malware,test
5357,com.software.application,com.software.application,3,SMS Malware,train
5358,com.software.application,com.software.application,3,SMS Malware,train
5359,com.software.application,com.software.application,3,SMS Malware,train
5360,com.soft.android.appinstaller,com.soft.android.appinstaller,3,SMS Malware,train
5361,Jk7H.PwcD,Jk7H.PwcD,3,SMS Malware,test
5362,com.software.application,com.software.application,3,SMS Malware,train
5364,jp.bravo.honda,jp.bravo.honda,3,SMS Malware,train
5365,jtqsawchyv.qerbfsott,jtqsawchyv.qerbfsott,3,SMS Malware,train
5366,com.software.application,com.software.application,3,SMS Malware,train
5367,com.android.systges,com.android.systges,3,SMS Malware,train
5368,Jk7H.PwcD,Jk7H.PwcD,3,SMS Malware,test
5369,midlet.com,midlet.com,3,SMS Malware,train
5370,vbkoxh.cswnpr,vbkoxh.cswnpr,3,SMS Malware,validation
5371,com.software.application,com.software.application,3,SMS Malware,train
5372,com.software.application,com.software.application,3,SMS Malware,train
5373,com.bratolubzet.stlstart,com.bratolubzet.stlstart,3,SMS Malware,train
5374,yhonvqb.qaolckwnvj,yhonvqb.qaolckwnvj,3,SMS Malware,test
5375,org.google.app,org.google.app,3,SMS Malware,train
5376,app.apk,app.apk,3,SMS Malware,train
5377,rom.jonas.eley,rom.jonas.eley,3,SMS Malware,validation
5378,Jk7H.PwcD,Jk7H.PwcD,3,SMS Malware,test
5379,com.software.app,com.software.app,3,SMS Malware,train
5380,software.android,software.android,3,SMS Malware,train
5381,com.soft.android.appinstaller,com.soft.android.appinstaller,3,SMS Malware,train
5382,com.software.apk,com.software.apk,3,SMS Malware,validation
5383,org.google,org.google,3,SMS Malware,train
5384,com.software.install,com.software.install,3,SMS Malware,train
5385,com.soft.android.appinstaller,com.soft.android.appinstaller,3,SMS Malware,train
5386,com.soft.android.appinstaller,com.soft.android.appinstaller,3,SMS Malware,train
5387,com.software.application,com.software.application,3,SMS Malware,train
5388,jyiaivi.ohduxbbylb,jyiaivi.ohduxbbylb,3,SMS Malware,validation
5389,com.convertoman.proin,com.convertoman.proin,3,SMS Malware,train
5390,com.app.android,com.app.android,3,SMS Malware,validation
5391,com.convertoman.proin,com.convertoman.proin,3,SMS Malware,train
5392,com.software.application,com.software.application,3,SMS Malware,train
5393,com.depositmobi,com.depositmobi,3,SMS Malware,train
5394,com.soft.android.appinstaller,com.soft.android.appinstaller,3,SMS Malware,train
5395,com.software.marketapp,com.software.marketapp,3,SMS Malware,train
5396,com.software.application,com.software.application,3,SMS Malware,train
5397,com.google.app,com.google.app,3,SMS Malware,train
5398,com.android.app,com.android.app,3,SMS Malware,train
5399,app.apk,app.apk,3,SMS Malware,train
5400,afdejlql.facbbvhir,afdejlql.facbbvhir,3,SMS Malware,test
5401,wdbpiewhmvw.bllatpxkpfi,wdbpiewhmvw.bllatpxkpfi,3,SMS Malware,validation
5402,com.example.service_update_v3,com.example.service_update_v3,3,SMS Malware,validation
5404,com.depositmobi,com.depositmobi,3,SMS Malware,train
5405,com.software.application,com.software.application,3,SMS Malware,train
5406,vbkoxh.cswnpr,vbkoxh.cswnpr,3,SMS Malware,validation
5407,com.depositmobi,com.depositmobi,3,SMS Malware,train
5408,com.software.marketapp,com.software.marketapp,3,SMS Malware,train
5409,com.soft.android.appinstaller,com.soft.android.appinstaller,3,SMS Malware,train
5410,Jk7H.PwcD,Jk7H.PwcD,3,SMS Malware,test
5411,jyiaivi.ohduxbbylb,jyiaivi.ohduxbbylb,3,SMS Malware,validation
5412,com.android.appupdate,com.android.appupdate,3,SMS Malware,test
5413,com.soft.android.appinstaller,com.soft.android.appinstaller,3,SMS Malware,train
5414,jp.bravo.honda,jp.bravo.honda,3,SMS Malware,train
5415,bchtml.android.install,bchtml.android.install,3,SMS Malware,train
5416,com.googleapi.cover,com.googleapi.cover,3,SMS Malware,test
5417,com.depositmobi,com.depositmobi,3,SMS Malware,train
5418,com.bluedragon.sa,com.bluedragon.sa,3,SMS Malware,train
5419,com.software.application,com.software.application,3,SMS Malware,train
5420,egb45.g4gYY,egb45.g4gYY,3,SMS Malware,train
5421,Jk7H.PwcD,Jk7H.PwcD,3,SMS Malware,test
5422,ouepxayhr.efutel,ouepxayhr.efutel,3,SMS Malware,train
5423,com.software.app,com.software.app,3,SMS Malware,train
5424,com.nullsoft.active,com.nullsoft.active,3,SMS Malware,train
5425,com.app.android,com.app.android,3,SMS Malware,validation
5426,com.google.appinstall,com.google.appinstall,3,SMS Malware,train
5427,com.convertoman.proin,com.convertoman.proin,3,SMS Malware,train
5428,ngjvnpslnp.iplhmk,ngjvnpslnp.iplhmk,3,SMS Malware,test
5429,ru.vistorsoftware.getlink,ru.vistorsoftware.getlink,3,SMS Malware,validation
5430,jp.bravo.honda,jp.bravo.honda,3,SMS Malware,train
5431,com.soft.android.appinstaller,com.soft.android.appinstaller,3,SMS Malware,train
5434,com.depositmobi,com.depositmobi,3,SMS Malware,train
5435,jqwnryufwbu.qlmpjr,jqwnryufwbu.qlmpjr,3,SMS Malware,train
5436,com.googleapi.cover,com.googleapi.cover,3,SMS Malware,test
5437,com.depositmobi,com.depositmobi,3,SMS Malware,train
5438,com.software.installer,com.software.installer,3,SMS Malware,train
5439,com.software.app,com.software.app,3,SMS Malware,train
5440,com.depositmobi,com.depositmobi,3,SMS Malware,train
5441,com.apps.pack,com.apps.pack,3,SMS Malware,test
5442,jp.bravo.honda,jp.bravo.honda,3,SMS Malware,train
5443,vbkoxh.cswnpr,vbkoxh.cswnpr,3,SMS Malware,validation
5444,com.software.marketapp,com.software.marketapp,3,SMS Malware,train
5445,com.convertoman.proin,com.convertoman.proin,3,SMS Malware,train
5446,com.app.android,com.app.android,3,SMS Malware,validation
5447,glwlbb.eyfwmaung,glwlbb.eyfwmaung,3,SMS Malware,validation
5448,com.software.application,com.software.application,3,SMS Malware,train
5449,wdbpiewhmvw.bllatpxkpfi,wdbpiewhmvw.bllatpxkpfi,3,SMS Malware,validation
5450,tj.alumberinc.ruganovich,tj.alumberinc.ruganovich,3,SMS Malware,validation
5451,Jk7H.PwcD,Jk7H.PwcD,3,SMS Malware,test
5452,com.depositmobi,com.depositmobi,3,SMS Malware,train
5453,com.googleapps.ru,com.googleapps.ru,3,SMS Malware,train
5454,com.soft.android.appinstaller,com.soft.android.appinstaller,3,SMS Malware,train
5455,eu.margaritasoft.firstdevelop,eu.margaritasoft.firstdevelop,3,SMS Malware,validation
5456,com.googleapi.cover,com.googleapi.cover,3,SMS Malware,test
5457,nuu643.JJK73f,nuu643.JJK73f,3,SMS Malware,test
5458,com.software.application,com.software.application,3,SMS Malware,train
5459,ru.android.apps,ru.android.apps,3,SMS Malware,train
5460,com.software.application,com.software.application,3,SMS Malware,train
5461,blue.water.vn20151126,blue.water.vn20151126,3,SMS Malware,train
5463,com.soft.android.appinstaller,com.soft.android.appinstaller,3,SMS Malware,train
5464,com.convertoman.proin,com.convertoman.proin,3,SMS Malware,train
5465,com.googleapi.cover,com.googleapi.cover,3,SMS Malware,test
5466,ru.android.apps,ru.android.apps,3,SMS Malware,train
5467,com.convertoman.proin,com.convertoman.proin,3,SMS Malware,train
5468,com.depositmobi,com.depositmobi,3,SMS Malware,train
5469,Jk7H.PwcD,Jk7H.PwcD,3,SMS Malware,test
5470,lojofdnpb.gsqgxtbmh,lojofdnpb.gsqgxtbmh,3,SMS Malware,test
5471,grounog.piroirj,grounog.piroirj,3,SMS Malware,validation
5472,ensufwosr.rokcvyfjtdp,ensufwosr.rokcvyfjtdp,3,SMS Malware,train
5473,com.example.service,com.example.service,3,SMS Malware,train
5474,com.android.apps,com.android.apps,3,SMS Malware,train
5475,com.software.application,com.software.application,3,SMS Malware,train
5476,com.software.application,com.software.application,3,SMS Malware,train
5477,wizard.mobile,wizard.mobile,3,SMS Malware,train
5478,com.soft.android.appinstaller,com.soft.android.appinstaller,3,SMS Malware,train
5479,com.bratolubzet.stlstart,com.bratolubzet.stlstart,3,SMS Malware,train
5480,jp.cyborg_inc.android.flashgame.en335,jp.cyborg_inc.android.flashgame.en335,3,SMS Malware,validation
5481,lOlOOo.IoOlCIoCllo,lOlOOo.IoOlCIoCllo,3,SMS Malware,train
5482,com.software.application,com.software.application,3,SMS Malware,train
5483,com.soft.android.appinstaller,com.soft.android.appinstaller,3,SMS Malware,train
5484,imauyfxuhxd.qhlsrdb,imauyfxuhxd.qhlsrdb,3,SMS Malware,train
5485,install.app,install.app,3,SMS Malware,test
5486,de.docherka.muter,de.docherka.muter,3,SMS Malware,train
5487,com.software.application,com.software.application,3,SMS Malware,train
5488,wdbpiewhmvw.bllatpxkpfi,wdbpiewhmvw.bllatpxkpfi,3,SMS Malware,validation
5489,com.operas.installs,com.operas.installs,3,SMS Malware,test
5490,com.google.app,com.google.app,3,SMS Malware,train
5491,com.depositmobi,com.depositmobi,3,SMS Malware,train
5492,com.soft.android.appinstaller,com.soft.android.appinstaller,3,SMS Malware,train
5493,com.googleapi.cover,com.googleapi.cover,3,SMS Malware,test
5494,com.bratolubzet.stlstart,com.bratolubzet.stlstart,3,SMS Malware,train
5495,com.software.installation,com.software.installation,3,SMS Malware,validation
5496,com.depositmobi,com.depositmobi,3,SMS Malware,train
5497,Jk7H.PwcD,Jk7H.PwcD,3,SMS Malware,test
5498,com.johncar.terranowa,com.johncar.terranowa,3,SMS Malware,test
5499,com.depositmobi,com.depositmobi,3,SMS Malware,train
5500,com.software.application,com.software.application,3,SMS Malware,train
5501,ru.install.opera,ru.install.opera,3,SMS Malware,train
5502,eu.margaritasoft.firstdevelop,eu.margaritasoft.firstdevelop,3,SMS Malware,validation
5503,tj.alumberinc.ruganovich,tj.alumberinc.ruganovich,3,SMS Malware,validation
5504,ru.system.android,ru.system.android,3,SMS Malware,train
5505,com.depositmobi,com.depositmobi,3,SMS Malware,train
5506,com.depositmobi,com.depositmobi,3,SMS Malware,train
5508,com.software.application,com.software.application,3,SMS Malware,train
5509,com.google.appsinstall,com.google.appsinstall,3,SMS Malware,validation
5510,ngjvnpslnp.iplhmk,ngjvnpslnp.iplhmk,3,SMS Malware,test
5511,ovbknnfm.xwscmnoi,ovbknnfm.xwscmnoi,3,SMS Malware,test
5512,ru.installer.droid,ru.installer.droid,3,SMS Malware,train
5514,com.google.appsinstall,com.google.appsinstall,3,SMS Malware,validation
5515,ynlxcd.cwductjwjc,ynlxcd.cwductjwjc,3,SMS Malware,validation
5516,com.depositmobi,com.depositmobi,3,SMS Malware,train
5517,com.depositmobi,com.depositmobi,3,SMS Malware,train
5518,com.google.app,com.google.app,3,SMS Malware,train
5520,com.soft.android.appinstaller,com.soft.android.appinstaller,3,SMS Malware,train
5521,net.mwkekdsf,net.mwkekdsf,3,SMS Malware,train
5522,vnpysgo.wbwkavy,vnpysgo.wbwkavy,3,SMS Malware,train
5523,jqwnryufwbu.qlmpjr,jqwnryufwbu.qlmpjr,3,SMS Malware,train
5524,com.software.application,com.software.application,3,SMS Malware,train
5525,com.convertoman.proin,com.convertoman.proin,3,SMS Malware,train
5526,com.depositmobi,com.depositmobi,3,SMS Malware,train
5527,com.software.application,com.software.application,3,SMS Malware,train
5528,jtqsawchyv.qerbfsott,jtqsawchyv.qerbfsott,3,SMS Malware,train
5529,software.android,software.android,3,SMS Malware,train
5530,com.software.application,com.software.application,3,SMS Malware,train
5531,com.software.application,com.software.application,3,SMS Malware,train
5532,jp.bravo.honda,jp.bravo.honda,3,SMS Malware,train
5533,com.depositmobi,com.depositmobi,3,SMS Malware,train
5534,com.software.android.install,com.software.android.install,3,SMS Malware,train
5535,com.depositmobi,com.depositmobi,3,SMS Malware,train
5536,com.depositmobi,com.depositmobi,3,SMS Malware,train
5537,com.software.application,com.software.application,3,SMS Malware,train
5538,com.depositmobi,com.depositmobi,3,SMS Malware,train
5539,ru.zveryatki.stado,ru.zveryatki.stado,3,SMS Malware,train
5540,com.soft.android.appinstaller,com.soft.android.appinstaller,3,SMS Malware,train
5541,ru.mskdev.andrinst,ru.mskdev.andrinst,3,SMS Malware,validation
5542,com.satismangrooup.stlstart,com.satismangrooup.stlstart,3,SMS Malware,train
5543,com.manufacturatinkov.instman,com.manufacturatinkov.instman,3,SMS Malware,train
5544,com.software.marketapp,com.software.marketapp,3,SMS Malware,train
5545,lojofdnpb.gsqgxtbmh,lojofdnpb.gsqgxtbmh,3,SMS Malware,test
5546,com.depositmobi,com.depositmobi,3,SMS Malware,train
5547,wdbpiewhmvw.bllatpxkpfi,wdbpiewhmvw.bllatpxkpfi,3,SMS Malware,validation
5548,gvvwtjh.btvamydntnm,gvvwtjh.btvamydntnm,3,SMS Malware,train
5549,com.googleapi.cover,com.googleapi.cover,3,SMS Malware,test
5550,glwlbb.eyfwmaung,glwlbb.eyfwmaung,3,SMS Malware,validation
5551,ngjvnpslnp.iplhmk,ngjvnpslnp.iplhmk,3,SMS Malware,test
5552,ru.droid.install,ru.droid.install,3,SMS Malware,train
5553,com.android.apps,com.android.apps,3,SMS Malware,train
5554,tp5x.WGt12,tp5x.WGt12,3,SMS Malware,train
5555,com.apps.pack,com.apps.pack,3,SMS Malware,test
5556,com.depositmobi,com.depositmobi,3,SMS Malware,train
5557,com.software.application,com.software.application,3,SMS Malware,train
5558,com.mycontainer,com.mycontainer,3,SMS Malware,validation
5559,jqwnryufwbu.qlmpjr,jqwnryufwbu.qlmpjr,3,SMS Malware,train
5561,install.app,install.app,3,SMS Malware,test
5562,com.depositmobi,com.depositmobi,3,SMS Malware,train
5563,com.bratolubzet.stlstart,com.bratolubzet.stlstart,3,SMS Malware,train
5564,com.software.installation,com.software.installation,3,SMS Malware,validation
5565,com.software.application,com.software.application,3,SMS Malware,train
5566,com.android.appupdate,com.android.appupdate,3,SMS Malware,test
5567,com.software.application,com.software.application,3,SMS Malware,train
5568,ensufwosr.rokcvyfjtdp,ensufwosr.rokcvyfjtdp,3,SMS Malware,train
5569,com.depositmobi,com.depositmobi,3,SMS Malware,train
5570,roh6U.jea2Ohm,roh6U.jea2Ohm,3,SMS Malware,train
5571,com.android.apps,com.android.apps,3,SMS Malware,train
5572,online_tv.app,online_tv.app,3,SMS Malware,train
5573,com.android.app,com.android.app,3,SMS Malware,train
5574,jp.bravo.honda,jp.bravo.honda,3,SMS Malware,train
5575,fkjsgmjl.ceinnykas,fkjsgmjl.ceinnykas,3,SMS Malware,train
5576,com.apps.pack,com.apps.pack,3,SMS Malware,test
5577,com.googleapi,com.googleapi,3,SMS Malware,train
5578,veocnhr.elfbcmx,veocnhr.elfbcmx,3,SMS Malware,test
5579,com.maestrodeoid.instshi,com.maestrodeoid.instshi,3,SMS Malware,test
5580,com.soft.android.appinstaller,com.soft.android.appinstaller,3,SMS Malware,train
5581,com.software.application,com.software.application,3,SMS Malware,train
5582,Jk7H.PwcD,Jk7H.PwcD,3,SMS Malware,test
5583,Jk7H.PwcD,Jk7H.PwcD,3,SMS Malware,test
5584,eu.margaritasoft.firstdevelop,eu.margaritasoft.firstdevelop,3,SMS Malware,validation
5585,com.software.app,com.software.app,3,SMS Malware,train
5586,com.software.application,com.software.application,3,SMS Malware,train
5587,com.depositmobi,com.depositmobi,3,SMS Malware,train
5588,com.android.installer.full,com.android.installer.full,3,SMS Malware,test
5589,egb45.g4gYY,egb45.g4gYY,3,SMS Malware,train
5590,com.software.application,com.software.application,3,SMS Malware,train
5591,com.software.application,com.software.application,3,SMS Malware,train
5592,com.google.appinstall,com.google.appinstall,3,SMS Malware,train
5593,com.software.application,com.software.application,3,SMS Malware,train
5594,lojofdnpb.gsqgxtbmh,lojofdnpb.gsqgxtbmh,3,SMS Malware,test
5595,com.convertoman.proin,com.convertoman.proin,3,SMS Malware,train
5596,tj.alumberinc.ruganovich,tj.alumberinc.ruganovich,3,SMS Malware,validation
5597,ovbknnfm.xwscmnoi,ovbknnfm.xwscmnoi,3,SMS Malware,test
5598,ovbknnfm.xwscmnoi,ovbknnfm.xwscmnoi,3,SMS Malware,test
5599,com.software.app,com.software.app,3,SMS Malware,train
5600,wdbpiewhmvw.bllatpxkpfi,wdbpiewhmvw.bllatpxkpfi,3,SMS Malware,validation
5601,com.software.application,com.software.application,3,SMS Malware,train
5602,Jk7H.PwcD,Jk7H.PwcD,3,SMS Malware,test
5603,com.bratolubzet.stlstart,com.bratolubzet.stlstart,3,SMS Malware,train
5604,com.software.application,com.software.application,3,SMS Malware,train
5605,ru.android.apps,ru.android.apps,3,SMS Malware,train
5606,com.depositmobi,com.depositmobi,3,SMS Malware,train
5607,com.FREE_APPS_511.android,com.FREE_APPS_511.android,3,SMS Malware,test
5608,ru.android.top,ru.android.top,3,SMS Malware,train
5609,com.convertoman.proin,com.convertoman.proin,3,SMS Malware,train
5611,com.software.application,com.software.application,3,SMS Malware,train
5612,com.software.application,com.software.application,3,SMS Malware,train
5613,ekdrjuhjaih.qyofplge,ekdrjuhjaih.qyofplge,3,SMS Malware,train
5614,ru.android.apps,ru.android.apps,3,SMS Malware,train
5615,rom.jonas.eley,rom.jonas.eley,3,SMS Malware,validation
5616,vbkoxh.cswnpr,vbkoxh.cswnpr,3,SMS Malware,validation
5617,com.android.apps,com.android.apps,3,SMS Malware,train
5618,com.depositmobi,com.depositmobi,3,SMS Malware,train
5619,com.software.application,com.software.application,3,SMS Malware,train
5620,jyiaivi.ohduxbbylb,jyiaivi.ohduxbbylb,3,SMS Malware,validation
5621,srcdsnms.jlimwd,srcdsnms.jlimwd,3,SMS Malware,validation
5622,com.android.apps,com.android.apps,3,SMS Malware,train
5623,com.soft.android.appinstaller,com.soft.android.appinstaller,3,SMS Malware,train
5624,com.android.installer.full,com.android.installer.full,3,SMS Malware,test
5625,com.software.application,com.software.application,3,SMS Malware,train
5626,com.satismangrooup.stlstart,com.satismangrooup.stlstart,3,SMS Malware,train
5627,com.software.application,com.software.application,3,SMS Malware,train
5628,com.android.apps,com.android.apps,3,SMS Malware,train
5629,fhvm.vnnej,fhvm.vnnej,3,SMS Malware,train
5630,com.software.application,com.software.application,3,SMS Malware,train
5631,com.software.application,com.software.application,3,SMS Malware,train
5632,jp.bravo.honda,jp.bravo.honda,3,SMS Malware,train
5633,ngjvnpslnp.iplhmk,ngjvnpslnp.iplhmk,3,SMS Malware,test
5634,blue.water.id20150801,blue.water.id20150801,3,SMS Malware,train
5635,com.soft.android.appinstaller,com.soft.android.appinstaller,3,SMS Malware,train
5636,com.software.application,com.software.application,3,SMS Malware,train
5637,com.software.app,com.software.app,3,SMS Malware,train
5638,com.depositmobi,com.depositmobi,3,SMS Malware,train
5639,yhonvqb.qaolckwnvj,yhonvqb.qaolckwnvj,3,SMS Malware,test
5640,com.soft.android.appinstaller,com.soft.android.appinstaller,3,SMS Malware,train
5641,com.software.application,com.software.application,3,SMS Malware,train
5642,ru.zveryatki.stado,ru.zveryatki.stado,3,SMS Malware,train
5643,fkjsgmjl.ceinnykas,fkjsgmjl.ceinnykas,3,SMS Malware,train
5644,yhonvqb.qaolckwnvj,yhonvqb.qaolckwnvj,3,SMS Malware,test
5645,com.soft.android.appinstaller,com.soft.android.appinstaller,3,SMS Malware,train
5646,fkjsgmjl.ceinnykas,fkjsgmjl.ceinnykas,3,SMS Malware,train
5647,com.depositmobi,com.depositmobi,3,SMS Malware,train
5648,com.depositmobi,com.depositmobi,3,SMS Malware,train
5649,com.soft.android.appinstaller,com.soft.android.appinstaller,3,SMS Malware,train
5650,ngjvnpslnp.iplhmk,ngjvnpslnp.iplhmk,3,SMS Malware,test
5651,com.software.application,com.software.application,3,SMS Malware,train
5652,Jk7H.PwcD,Jk7H.PwcD,3,SMS Malware,test
5653,ovbknnfm.xwscmnoi,ovbknnfm.xwscmnoi,3,SMS Malware,test
5654,com.soft.android.appinstaller,com.soft.android.appinstaller,3,SMS Malware,train
5655,com.googleapi.org,com.googleapi.org,3,SMS Malware,validation
5656,com.soft.android.appinstaller,com.soft.android.appinstaller,3,SMS Malware,train
5657,com.googleapps.org,com.googleapps.org,3,SMS Malware,validation
5658,tp5x.WGt12,tp5x.WGt12,3,SMS Malware,train
5659,app.six,app.six,3,SMS Malware,validation
5660,com.termate,com.termate,3,SMS Malware,train
5661,com.software.application,com.software.application,3,SMS Malware,train
5662,com.soft.android.appinstaller,com.soft.android.appinstaller,3,SMS Malware,train
5663,com.googleapi.org,com.googleapi.org,3,SMS Malware,validation
5664,ngjvnpslnp.iplhmk,ngjvnpslnp.iplhmk,3,SMS Malware,test
5665,lOlOOo.IoOlCIoCllo,lOlOOo.IoOlCIoCllo,3,SMS Malware,train
5666,com.nullsoft.active,com.nullsoft.active,3,SMS Malware,train
5667,lOlOOo.IoOlCIoCllo,lOlOOo.IoOlCIoCllo,3,SMS Malware,train
5668,com.software.install,com.software.install,3,SMS Malware,train
5669,egb45.g4gYY,egb45.g4gYY,3,SMS Malware,train
5670,ru.apps.android,ru.apps.android,3,SMS Malware,test
5671,tqnecukooty.qehawxgy,tqnecukooty.qehawxgy,3,SMS Malware,train
5672,com.soft.android.appinstaller,com.soft.android.appinstaller,3,SMS Malware,train
5673,ru.zveryatki.stado,ru.zveryatki.stado,3,SMS Malware,train
5674,com.software.application,com.software.application,3,SMS Malware,train
5675,com.android.app,com.android.app,3,SMS Malware,train
5676,com.software.application,com.software.application,3,SMS Malware,train
5677,com.soft.android.appinstaller,com.soft.android.appinstaller,3,SMS Malware,train
5678,com.software.application,com.software.application,3,SMS Malware,train
5679,com.software.chrome,com.software.chrome,3,SMS Malware,train
5680,com.manufacturatinkov.instman,com.manufacturatinkov.instman,3,SMS Malware,train
5682,com.bratolubzet.stlstart,com.bratolubzet.stlstart,3,SMS Malware,train
5683,install.app,install.app,3,SMS Malware,test
5684,com.software.application,com.software.application,3,SMS Malware,train
5685,com.software.application,com.software.application,3,SMS Malware,train
5686,jyiaivi.ohduxbbylb,jyiaivi.ohduxbbylb,3,SMS Malware,validation
5687,com.software.application,com.software.application,3,SMS Malware,train
5688,com.depositmobi,com.depositmobi,3,SMS Malware,train
5689,jtqsawchyv.qerbfsott,jtqsawchyv.qerbfsott,3,SMS Malware,train
5690,com.software.application,com.software.application,3,SMS Malware,train
5691,com.software.application,com.software.application,3,SMS Malware,train
5692,com.software.app,com.software.app,3,SMS Malware,train
5693,com.software.app,com.software.app,3,SMS Malware,train
5694,com.depositmobi,com.depositmobi,3,SMS Malware,train
5695,com.software.install,com.software.install,3,SMS Malware,train
5696,com.soft.android.appinstaller,com.soft.android.appinstaller,3,SMS Malware,train
5697,ngjvnpslnp.iplhmk,ngjvnpslnp.iplhmk,3,SMS Malware,test
5698,com.software.application,com.software.application,3,SMS Malware,train
5699,com.soft.android.appinstaller,com.soft.android.appinstaller,3,SMS Malware,train
5700,com.software.application,com.software.application,3,SMS Malware,train
5701,com.software.application,com.software.application,3,SMS Malware,train
5702,com.software.application,com.software.application,3,SMS Malware,train
5703,fkjsgmjl.ceinnykas,fkjsgmjl.ceinnykas,3,SMS Malware,train
5704,eu.margaritasoft.firstdevelop,eu.margaritasoft.firstdevelop,3,SMS Malware,validation
5705,com.poland_xxx17,com.poland_xxx17,3,SMS Malware,test
5706,com.software.application,com.software.application,3,SMS Malware,train
5707,jp.bravo.honda,jp.bravo.honda,3,SMS Malware,train
5708,com.software.marketapp,com.software.marketapp,3,SMS Malware,train
5709,ngjvnpslnp.iplhmk,ngjvnpslnp.iplhmk,3,SMS Malware,test
5710,jp.bravo.honda,jp.bravo.honda,3,SMS Malware,train
5711,ngjvnpslnp.iplhmk,ngjvnpslnp.iplhmk,3,SMS Malware,test
5712,com.software.app,com.software.app,3,SMS Malware,train
5714,Jk7H.PwcD,Jk7H.PwcD,3,SMS Malware,test
5715,com.software.application,com.software.application,3,SMS Malware,train
5716,com.software.app,com.software.app,3,SMS Malware,train
5717,com.software.apk,com.software.apk,3,SMS Malware,validation
5718,com.software.marketapp,com.software.marketapp,3,SMS Malware,train
5719,jp.bravo.honda,jp.bravo.honda,3,SMS Malware,train
5720,app.apk,app.apk,3,SMS Malware,train
5722,com.soft.android.appinstaller,com.soft.android.appinstaller,3,SMS Malware,train
5723,tp5x.WGt12,tp5x.WGt12,3,SMS Malware,train
5724,com.bluedragon.sa,com.bluedragon.sa,3,SMS Malware,train
5725,ru.install.opera,ru.install.opera,3,SMS Malware,train
5726,com.install.droid,com.install.droid,3,SMS Malware,train
5727,com.example.service_update_v3,com.example.service_update_v3,3,SMS Malware,validation
5728,com.software.application,com.software.application,3,SMS Malware,train
5729,Jk7H.PwcD,Jk7H.PwcD,3,SMS Malware,test
5730,eahit.areaot.sahea,eahit.areaot.sahea,3,SMS Malware,train
5731,com.soft.android.appinstaller,com.soft.android.appinstaller,3,SMS Malware,train
5732,com.soft.android.appinstaller,com.soft.android.appinstaller,3,SMS Malware,train
5733,ovbknnfm.xwscmnoi,ovbknnfm.xwscmnoi,3,SMS Malware,test
5734,ru.app.android,ru.app.android,3,SMS Malware,train
5735,com.app.android,com.app.android,3,SMS Malware,validation
5736,wdbpiewhmvw.bllatpxkpfi,wdbpiewhmvw.bllatpxkpfi,3,SMS Malware,validation
5737,com.software.application,com.software.application,3,SMS Malware,train
5738,com.soft.android.appinstaller,com.soft.android.appinstaller,3,SMS Malware,train
5739,com.software.application,com.software.application,3,SMS Malware,train
5740,com.some.opera,com.some.opera,3,SMS Malware,validation
5741,txkhwhhbvd.itxigtevkgu,txkhwhhbvd.itxigtevkgu,3,SMS Malware,test
5742,com.software.application,com.software.application,3,SMS Malware,train
5743,com.depositmobi,com.depositmobi,3,SMS Malware,train
5744,com.soft.android.appinstaller,com.soft.android.appinstaller,3,SMS Malware,train
5745,glwlbb.eyfwmaung,glwlbb.eyfwmaung,3,SMS Malware,validation
5746,com.software.application,com.software.application,3,SMS Malware,train
5747,tpmcpil.ytsgijs,tpmcpil.ytsgijs,3,SMS Malware,train
5748,com.depositmobi,com.depositmobi,3,SMS Malware,train
5749,com.bratolubzet.stlstart,com.bratolubzet.stlstart,3,SMS Malware,train
5750,com.android.installer.full,com.android.installer.full,3,SMS Malware,test
5751,com.software.apk,com.software.apk,3,SMS Malware,validation
5752,ru.install.opera,ru.install.opera,3,SMS Malware,train
5753,kjplwxewy.wqpwdbfu,kjplwxewy.wqpwdbfu,3,SMS Malware,train
5754,com.software.application,com.software.application,3,SMS Malware,train
5756,com.software.installer,com.software.installer,3,SMS Malware,train
5757,com.soft.android.appinstaller,com.soft.android.appinstaller,3,SMS Malware,train
5758,fkjsgmjl.ceinnykas,fkjsgmjl.ceinnykas,3,SMS Malware,train
5759,xgqkjm.bfveeopo,xgqkjm.bfveeopo,3,SMS Malware,test
5760,com.soft.android.appinstaller,com.soft.android.appinstaller,3,SMS Malware,train
5761,com.soft.android.appinstaller,com.soft.android.appinstaller,3,SMS Malware,train
5762,com.software.application,com.software.application,3,SMS Malware,train
5763,com.soft.android.appinstaller,com.soft.android.appinstaller,3,SMS Malware,train
5764,com.software.app,com.software.app,3,SMS Malware,train
5765,com.software.application,com.software.application,3,SMS Malware,train
5766,de.docherka.muter,de.docherka.muter,3,SMS Malware,train
5767,vbkoxh.cswnpr,vbkoxh.cswnpr,3,SMS Malware,validation
5768,eu.margaritasoft.firstdevelop,eu.margaritasoft.firstdevelop,3,SMS Malware,validation
5769,com.software.application,com.software.application,3,SMS Malware,train
5770,opera_mini.app,opera_mini.app,3,SMS Malware,train
5771,net.mwkekdsf,net.mwkekdsf,3,SMS Malware,train
5772,com.soft.android.appinstaller,com.soft.android.appinstaller,3,SMS Malware,train
5773,com.software.application,com.software.application,3,SMS Malware,train
5774,ngjvnpslnp.iplhmk,ngjvnpslnp.iplhmk,3,SMS Malware,test
5775,com.convertoman.proin,com.convertoman.proin,3,SMS Malware,train
5776,com.software.application,com.software.application,3,SMS Malware,train
5777,net.android.apps,net.android.apps,3,SMS Malware,train
5778,com.software.app,com.software.app,3,SMS Malware,train
5779,com.android.apps,com.android.apps,3,SMS Malware,train
5780,com.android.install,com.android.install,3,SMS Malware,train
5781,com.androids.update,com.androids.update,3,SMS Malware,test
5782,Jk7H.PwcD,Jk7H.PwcD,3,SMS Malware,test
5783,app.six,app.six,3,SMS Malware,validation
5784,ru.apps.android,ru.apps.android,3,SMS Malware,test
5785,com.apps.android,com.apps.android,3,SMS Malware,test
5786,net.android.app,net.android.app,3,SMS Malware,train
5787,jp.bravo.honda,jp.bravo.honda,3,SMS Malware,train
5788,vbkoxh.cswnpr,vbkoxh.cswnpr,3,SMS Malware,validation
5789,ynlxcd.cwductjwjc,ynlxcd.cwductjwjc,3,SMS Malware,validation
5790,com.software.application,com.software.application,3,SMS Malware,train
5791,wizard.mobile,wizard.mobile,3,SMS Malware,train
5792,com.software.application,com.software.application,3,SMS Malware,train
5794,ru.android.apps,ru.android.apps,3,SMS Malware,train
5796,com.software.application,com.software.application,3,SMS Malware,train
5797,com.software.application,com.software.application,3,SMS Malware,train
5798,com.bluedragon.sa,com.bluedragon.sa,3,SMS Malware,train
5799,com.depositmobi,com.depositmobi,3,SMS Malware,train
5800,install.app,install.app,3,SMS Malware,test
5801,com.soft.android.appinstaller,com.soft.android.appinstaller,3,SMS Malware,train
5802,com.nullsoft.active,com.nullsoft.active,3,SMS Malware,train
5803,ru.apps.android,ru.apps.android,3,SMS Malware,test
5804,com.android.apps,com.android.apps,3,SMS Malware,train
5805,eu.margaritasoft.firstdevelop,eu.margaritasoft.firstdevelop,3,SMS Malware,validation
5806,bptxrgewk.ireknoyp,bptxrgewk.ireknoyp,3,SMS Malware,test
5807,com.android.apps,com.android.apps,3,SMS Malware,train
5808,com.android.app,com.android.app,3,SMS Malware,train
5809,ynqgas.mqbgseos,ynqgas.mqbgseos,3,SMS Malware,test
5810,vbkoxh.cswnpr,vbkoxh.cswnpr,3,SMS Malware,validation
5811,ru.android.apps,ru.android.apps,3,SMS Malware,train
5812,net.mwkekdsf,net.mwkekdsf,3,SMS Malware,train
5813,install.app,install.app,3,SMS Malware,test
5814,com.soft.android.appinstaller,com.soft.android.appinstaller,3,SMS Malware,train
5815,com.software.application,com.software.application,3,SMS Malware,train
5816,com.software.android.install,com.software.android.install,3,SMS Malware,train
5817,com.software.application,com.software.application,3,SMS Malware,train
5818,ru.apps.android,ru.apps.android,3,SMS Malware,test
5819,vbkoxh.cswnpr,vbkoxh.cswnpr,3,SMS Malware,validation
5820,com.software.application,com.software.application,3,SMS Malware,train
5821,xgikgppv.ceqodeg,xgikgppv.ceqodeg,3,SMS Malware,train
5822,com.software.application,com.software.application,3,SMS Malware,train
5823,com.depositmobi,com.depositmobi,3,SMS Malware,train
5824,com.software.application,com.software.application,3,SMS Malware,train
5825,com.software.application,com.software.application,3,SMS Malware,train
5826,com.soft.android.appinstaller,com.soft.android.appinstaller,3,SMS Malware,train
5827,com.soft.android.appinstaller,com.soft.android.appinstaller,3,SMS Malware,train
5828,com.software.android.install,com.software.android.install,3,SMS Malware,train
5829,com.registr.registrator,com.registr.registrator,3,SMS Malware,test
5830,com.software.application,com.software.application,3,SMS Malware,train
5831,com.convertoman.proin,com.convertoman.proin,3,SMS Malware,train
5832,com.software.application,com.software.application,3,SMS Malware,train
5833,afdejlql.facbbvhir,afdejlql.facbbvhir,3,SMS Malware,test
5834,ngjvnpslnp.iplhmk,ngjvnpslnp.iplhmk,3,SMS Malware,test
5835,jp.bravo.honda,jp.bravo.honda,3,SMS Malware,train
5836,ru.apps.android,ru.apps.android,3,SMS Malware,test
5837,com.software.application,com.software.application,3,SMS Malware,train
5838,ngjvnpslnp.iplhmk,ngjvnpslnp.iplhmk,3,SMS Malware,test
5839,jp.bravo.honda,jp.bravo.honda,3,SMS Malware,train
5840,com.googleapi.cover,com.googleapi.cover,3,SMS Malware,test
5841,com.software.application,com.software.application,3,SMS Malware,train
5843,com.soft.android.appinstaller,com.soft.android.appinstaller,3,SMS Malware,train
5844,com.convertoman.proin,com.convertoman.proin,3,SMS Malware,train
5845,com.installer,com.installer,3,SMS Malware,test
5846,com.depositmobi,com.depositmobi,3,SMS Malware,train
5847,tj.alumberinc.ruganovich,tj.alumberinc.ruganovich,3,SMS Malware,validation
5848,com.apps.android,com.apps.android,3,SMS Malware,test
5849,com.convertoman.proin,com.convertoman.proin,3,SMS Malware,train
5850,com.software.application,com.software.application,3,SMS Malware,train
5851,ngjvnpslnp.iplhmk,ngjvnpslnp.iplhmk,3,SMS Malware,test
5852,jp.bravo.honda,jp.bravo.honda,3,SMS Malware,train
5853,com.software.app,com.software.app,3,SMS Malware,train
5854,tqnecukooty.qehawxgy,tqnecukooty.qehawxgy,3,SMS Malware,train
5855,com.soft.android.appinstaller,com.soft.android.appinstaller,3,SMS Malware,train
5856,com.software.application,com.software.application,3,SMS Malware,train
5857,com.software.application,com.software.application,3,SMS Malware,train
5858,eom.johndev.smitinst,eom.johndev.smitinst,3,SMS Malware,train
5859,com.apps.android,com.apps.android,3,SMS Malware,test
5860,com.soft.android.appinstaller,com.soft.android.appinstaller,3,SMS Malware,train
5861,com.software.softinstall,com.software.softinstall,3,SMS Malware,train
5862,com.software.application,com.software.application,3,SMS Malware,train
5863,com.software.application,com.software.application,3,SMS Malware,train
5864,com.apps.android,com.apps.android,3,SMS Malware,test
5865,com.registr.registrator,com.registr.registrator,3,SMS Malware,test
5866,ngjvnpslnp.iplhmk,ngjvnpslnp.iplhmk,3,SMS Malware,test
5867,srcdsnms.jlimwd,srcdsnms.jlimwd,3,SMS Malware,validation
5868,com.app.downloader,com.app.downloader,3,SMS Malware,train
5869,rom.jonas.eley,rom.jonas.eley,3,SMS Malware,validation
5870,afdejlql.facbbvhir,afdejlql.facbbvhir,3,SMS Malware,test
5871,com.software.install,com.software.install,3,SMS Malware,train
5872,ngjvnpslnp.iplhmk,ngjvnpslnp.iplhmk,3,SMS Malware,test
5874,com.soft.android.appinstaller,com.soft.android.appinstaller,3,SMS Malware,train
5875,com.soft.android.appinstaller,com.soft.android.appinstaller,3,SMS Malware,train
5876,com.software.application,com.software.application,3,SMS Malware,train
5877,com.satismangrooup.stlstart,com.satismangrooup.stlstart,3,SMS Malware,train
5878,ru.android.apps,ru.android.apps,3,SMS Malware,train
5879,ngjvnpslnp.iplhmk,ngjvnpslnp.iplhmk,3,SMS Malware,test
5880,ru.soft.droid,ru.soft.droid,3,SMS Malware,train
5881,ngjvnpslnp.iplhmk,ngjvnpslnp.iplhmk,3,SMS Malware,test
5882,org.google,org.google,3,SMS Malware,train
5883,com.opera.install,com.opera.install,3,SMS Malware,train
5884,com.apps.pack,com.apps.pack,3,SMS Malware,test
5885,com.software.application,com.software.application,3,SMS Malware,train
5886,com.software.application,com.software.application,3,SMS Malware,train
5887,com.convertoman.proin,com.convertoman.proin,3,SMS Malware,train
5888,com.tvt.astore.xdownloader,com.tvt.astore.xdownloader,3,SMS Malware,validation
5889,tj.alumberinc.ruganovich,tj.alumberinc.ruganovich,3,SMS Malware,validation
5890,com.soft.android.appinstaller,com.soft.android.appinstaller,3,SMS Malware,train
5891,com.getpay.update,com.getpay.update,3,SMS Malware,train
5892,com.soft.android.appinstaller,com.soft.android.appinstaller,3,SMS Malware,train
5893,com.soft.android.appinstaller,com.soft.android.appinstaller,3,SMS Malware,train
5894,ynlxcd.cwductjwjc,ynlxcd.cwductjwjc,3,SMS Malware,validation
5895,yhonvqb.qaolckwnvj,yhonvqb.qaolckwnvj,3,SMS Malware,test
5896,eu.margaritasoft.firstdevelop,eu.margaritasoft.firstdevelop,3,SMS Malware,validation
5897,mobi.app,mobi.app,3,SMS Malware,validation
5898,com.depositmobi,com.depositmobi,3,SMS Malware,train
5899,com.software.application,com.software.application,3,SMS Malware,train
5901,com.soft.android.appinstaller,com.soft.android.appinstaller,3,SMS Malware,train
5902,solgfsuu.bevamyufi,solgfsuu.bevamyufi,3,SMS Malware,train
5903,com.soft.android.appinstaller,com.soft.android.appinstaller,3,SMS Malware,train
5904,com.software.application,com.software.application,3,SMS Malware,train
5905,fkjsgmjl.ceinnykas,fkjsgmjl.ceinnykas,3,SMS Malware,train
5906,com.software.application,com.software.application,3,SMS Malware,train
5907,com.software.application,com.software.application,3,SMS Malware,train
5908,com.android.app,com.android.app,3,SMS Malware,train
5909,com.soft.android.appinstaller,com.soft.android.appinstaller,3,SMS Malware,train
5910,rafggl.clengtc,rafggl.clengtc,3,SMS Malware,test
5911,com.software.application,com.software.application,3,SMS Malware,train
5912,com.hamedia.gamestore,com.hamedia.gamestore,3,SMS Malware,train
5913,ngjvnpslnp.iplhmk,ngjvnpslnp.iplhmk,3,SMS Malware,test
5914,a.a,a.a,3,SMS Malware,validation
5915,com.software.application,com.software.application,3,SMS Malware,train
5916,com.software.application,com.software.application,3,SMS Malware,train
5917,yhonvqb.qaolckwnvj,yhonvqb.qaolckwnvj,3,SMS Malware,test
5918,srcdsnms.jlimwd,srcdsnms.jlimwd,3,SMS Malware,validation
5919,com.depositmobi,com.depositmobi,3,SMS Malware,train
5920,com.software.application,com.software.application,3,SMS Malware,train
5921,com.software.application,com.software.application,3,SMS Malware,train
5922,com.software.application,com.software.application,3,SMS Malware,train
5923,com.soft.android.appinstaller,com.soft.android.appinstaller,3,SMS Malware,train
5924,yhonvqb.qaolckwnvj,yhonvqb.qaolckwnvj,3,SMS Malware,test
5926,bhwoctrouva.ucxrqnd,bhwoctrouva.ucxrqnd,3,SMS Malware,train
5927,lOlOOo.IoOlCIoCllo,lOlOOo.IoOlCIoCllo,3,SMS Malware,train
5928,com.satismangrooup.stlstart,com.satismangrooup.stlstart,3,SMS Malware,train
5929,com.soft.android.appinstaller,com.soft.android.appinstaller,3,SMS Malware,train
5930,com.software.install,com.software.install,3,SMS Malware,train
5931,eom.johndev.smitinst,eom.johndev.smitinst,3,SMS Malware,train
5932,tpmcpil.ytsgijs,tpmcpil.ytsgijs,3,SMS Malware,train
5933,com.software.application,com.software.application,3,SMS Malware,train
5934,com.depositmobi,com.depositmobi,3,SMS Malware,train
5935,com.software.application,com.software.application,3,SMS Malware,train
5936,com.android.update,com.android.update,3,SMS Malware,test
5938,com.bluedragon.sa,com.bluedragon.sa,3,SMS Malware,train
5939,ru.android.apps,ru.android.apps,3,SMS Malware,train
5940,vbkoxh.cswnpr,vbkoxh.cswnpr,3,SMS Malware,validation
5941,com.software.application,com.software.application,3,SMS Malware,train
5943,com.soft.android.appinstaller,com.soft.android.appinstaller,3,SMS Malware,train
5945,com.android.apps,com.android.apps,3,SMS Malware,train
5946,com.software.android.install,com.software.android.install,3,SMS Malware,train
5947,com.software.application,com.software.application,3,SMS Malware,train
5948,ovbknnfm.xwscmnoi,ovbknnfm.xwscmnoi,3,SMS Malware,test
5949,com.software.application,com.software.application,3,SMS Malware,train
5950,com.software.application,com.software.application,3,SMS Malware,train
5951,com.software.application,com.software.application,3,SMS Malware,train
5952,jp.bravo.honda,jp.bravo.honda,3,SMS Malware,train
5953,com.software.application,com.software.application,3,SMS Malware,train
5954,com.soft.android.appinstaller,com.soft.android.appinstaller,3,SMS Malware,train
5955,com.soft.android.appinstaller,com.soft.android.appinstaller,3,SMS Malware,train
5956,com.bratolubzet.stlstart,com.bratolubzet.stlstart,3,SMS Malware,train
5957,vbkoxh.cswnpr,vbkoxh.cswnpr,3,SMS Malware,validation
5958,jp.bravo.honda,jp.bravo.honda,3,SMS Malware,train
5959,com.soft.common,com.soft.common,3,SMS Malware,train
5960,vbkoxh.cswnpr,vbkoxh.cswnpr,3,SMS Malware,validation
5961,ru.droid.app,ru.droid.app,3,SMS Malware,train
5962,com.software.application,com.software.application,3,SMS Malware,train
5963,com.soft.android.appinstaller,com.soft.android.appinstaller,3,SMS Malware,train
5964,com.software.application,com.software.application,3,SMS Malware,train
5965,com.soft.android.appinstaller,com.soft.android.appinstaller,3,SMS Malware,train
5966,ngjvnpslnp.iplhmk,ngjvnpslnp.iplhmk,3,SMS Malware,test
5967,ru.android.apps,ru.android.apps,3,SMS Malware,train
5968,com.apps.android,com.apps.android,3,SMS Malware,test
5969,Jk7H.PwcD,Jk7H.PwcD,3,SMS Malware,test
5970,com.apps.android,com.apps.android,3,SMS Malware,test
5971,mqojjslefrn.iluqstuseo,mqojjslefrn.iluqstuseo,3,SMS Malware,train
5972,com.soft.android.appinstaller,com.soft.android.appinstaller,3,SMS Malware,train
5973,com.software.application,com.software.application,3,SMS Malware,train
5974,dfjg6.Gtr6H,dfjg6.Gtr6H,3,SMS Malware,train
5975,jp.bravo.honda,jp.bravo.honda,3,SMS Malware,train
5976,brendsu.gamedemo,brendsu.gamedemo,3,SMS Malware,train
5977,com.bratolubzet.stlstart,com.bratolubzet.stlstart,3,SMS Malware,train
5979,com.soft.android.appinstaller,com.soft.android.appinstaller,3,SMS Malware,train
5980,eu.margaritasoft.firstdevelop,eu.margaritasoft.firstdevelop,3,SMS Malware,validation
5981,com.soft.android.appinstaller,com.soft.android.appinstaller,3,SMS Malware,train
5982,mhejoqkihc.gourea,mhejoqkihc.gourea,3,SMS Malware,train
5983,com.satismangrooup.stlstart,com.satismangrooup.stlstart,3,SMS Malware,train
5984,com.android.app,com.android.app,3,SMS Malware,train
5985,com.googleapi.cover,com.googleapi.cover,3,SMS Malware,test
5986,com.soft.android.appinstaller,com.soft.android.appinstaller,3,SMS Malware,train
5987,gade.my,gade.my,3,SMS Malware,validation
5988,fhvm.vnnej,fhvm.vnnej,3,SMS Malware,train
5989,com.software.application,com.software.application,3,SMS Malware,train
5990,uphmidhkydm.qyjxigra,uphmidhkydm.qyjxigra,3,SMS Malware,validation
5991,com.manufacturatinkov.instman,com.manufacturatinkov.instman,3,SMS Malware,train
5992,com.termate,com.termate,3,SMS Malware,train
5993,lbjwhhtdin.veuenar,lbjwhhtdin.veuenar,3,SMS Malware,train
5994,com.software.application,com.software.application,3,SMS Malware,train
5995,com.android.installer.full,com.android.installer.full,3,SMS Malware,test
5996,com.software.application,com.software.application,3,SMS Malware,train
5997,net.mwkekdsf,net.mwkekdsf,3,SMS Malware,train
5998,com.soft.android.appinstaller,com.soft.android.appinstaller,3,SMS Malware,train
5999,com.software.application,com.software.application,3,SMS Malware,train
6000,com.soft.android.appinstaller,com.soft.android.appinstaller,3,SMS Malware,train
6001,com.opera.install,com.opera.install,3,SMS Malware,train
6002,ngjvnpslnp.iplhmk,ngjvnpslnp.iplhmk,3,SMS Malware,test
6003,com.software.application,com.software.application,3,SMS Malware,train
6004,com.android.app,com.android.app,3,SMS Malware,train
6005,dfjg6.Gtr6H,dfjg6.Gtr6H,3,SMS Malware,train
6006,eu.margaritasoft.firstdevelop,eu.margaritasoft.firstdevelop,3,SMS Malware,validation
6007,com.soft.android.appinstaller,com.soft.android.appinstaller,3,SMS Malware,train
6008,oafgdwo.mqvtnhg,oafgdwo.mqvtnhg,3,SMS Malware,validation
6009,com.soft.android.appinstaller,com.soft.android.appinstaller,3,SMS Malware,train
6010,com.convertoman.proin,com.convertoman.proin,3,SMS Malware,train
6011,com.software.marketapp,com.software.marketapp,3,SMS Malware,train
6012,com.software.application,com.software.application,3,SMS Malware,train
6013,ouepxayhr.efutel,ouepxayhr.efutel,3,SMS Malware,train
6014,com.software.application,com.software.application,3,SMS Malware,train
6015,com.software.application,com.software.application,3,SMS Malware,train
6016,com.convertoman.proin,com.convertoman.proin,3,SMS Malware,train
6017,com.software.application,com.software.application,3,SMS Malware,train
6018,com.android.installer.full,com.android.installer.full,3,SMS Malware,test
6020,com.depositmobi,com.depositmobi,3,SMS Malware,train
6021,ngjvnpslnp.iplhmk,ngjvnpslnp.iplhmk,3,SMS Malware,test
6022,jp.bravo.honda,jp.bravo.honda,3,SMS Malware,train
6023,com.software.application,com.software.application,3,SMS Malware,train
6024,com.software.application,com.software.application,3,SMS Malware,train
6025,com.depositmobi,com.depositmobi,3,SMS Malware,train
6026,com.software.app,com.software.app,3,SMS Malware,train
6027,com.android.install,com.android.install,3,SMS Malware,train
6028,com.software.marketapp,com.software.marketapp,3,SMS Malware,train
6029,com.software.application,com.software.application,3,SMS Malware,train
6030,com.convertoman.proin,com.convertoman.proin,3,SMS Malware,train
6031,ru.android.apps,ru.android.apps,3,SMS Malware,train
6032,fhvm.vnnej,fhvm.vnnej,3,SMS Malware,train
6033,ovbknnfm.xwscmnoi,ovbknnfm.xwscmnoi,3,SMS Malware,test
6034,com.software.application,com.software.application,3,SMS Malware,train
6035,install.app,install.app,3,SMS Malware,test
6036,jyiaivi.ohduxbbylb,jyiaivi.ohduxbbylb,3,SMS Malware,validation
6037,rom.jonas.eley,rom.jonas.eley,3,SMS Malware,validation
6038,com.convertoman.proin,com.convertoman.proin,3,SMS Malware,train
6039,jp.bravo.honda,jp.bravo.honda,3,SMS Malware,train
6040,com.software.application,com.software.application,3,SMS Malware,train
6041,com.googleapps.ru,com.googleapps.ru,3,SMS Malware,train
6042,app.six,app.six,3,SMS Malware,validation
6043,eu.margaritasoft.firstdevelop,eu.margaritasoft.firstdevelop,3,SMS Malware,validation
6044,com.soft.android.appinstaller,com.soft.android.appinstaller,3,SMS Malware,train
6045,com.googleapi.cover,com.googleapi.cover,3,SMS Malware,test
6046,com.depositmobi,com.depositmobi,3,SMS Malware,train
6047,Jk7H.PwcD,Jk7H.PwcD,3,SMS Malware,test
6048,com.apps.android,com.apps.android,3,SMS Malware,test
6049,green.stone.in20160126,green.stone.in20160126,3,SMS Malware,train
6050,lojofdnpb.gsqgxtbmh,lojofdnpb.gsqgxtbmh,3,SMS Malware,test
6051,com.software.application,com.software.application,3,SMS Malware,train
6052,com.soft.android.appinstaller,com.soft.android.appinstaller,3,SMS Malware,train
6053,com.soft.android.appinstaller,com.soft.android.appinstaller,3,SMS Malware,train
6054,com.software.application,com.software.application,3,SMS Malware,train
6055,com.app.android,com.app.android,3,SMS Malware,validation
6056,mhejoqkihc.gourea,mhejoqkihc.gourea,3,SMS Malware,train
6057,com.software.application,com.software.application,3,SMS Malware,train
6058,com.googleapi.cover,com.googleapi.cover,3,SMS Malware,test
6059,beieko.hhguh,beieko.hhguh,3,SMS Malware,test
6060,ngjvnpslnp.iplhmk,ngjvnpslnp.iplhmk,3,SMS Malware,test
6061,com.software.application,com.software.application,3,SMS Malware,train
6062,com.software.application,com.software.application,3,SMS Malware,train
6063,jp.bravo.honda,jp.bravo.honda,3,SMS Malware,train
6064,iiinpwje.dgumdgxuidj,iiinpwje.dgumdgxuidj,3,SMS Malware,test
6065,com.soft.android.appinstaller,com.soft.android.appinstaller,3,SMS Malware,train
6066,com.software.install,com.software.install,3,SMS Malware,train
6067,tp5x.WGt12,tp5x.WGt12,3,SMS Malware,train
6068,com.soft.android.appinstaller,com.soft.android.appinstaller,3,SMS Malware,train
6069,com.software.application,com.software.application,3,SMS Malware,train
6070,com.androidinstall.client,com.androidinstall.client,3,SMS Malware,train
6071,com.abc001.cn,com.abc001.cn,3,SMS Malware,train
6072,ru.android.apps,ru.android.apps,3,SMS Malware,train
6073,jtqsawchyv.qerbfsott,jtqsawchyv.qerbfsott,3,SMS Malware,train
6074,com.software.application,com.software.application,3,SMS Malware,train
6075,com.manufacturatinkov.instman,com.manufacturatinkov.instman,3,SMS Malware,train
6076,com.android.app,com.android.app,3,SMS Malware,train
6077,com.google.appsinstall,com.google.appsinstall,3,SMS Malware,validation
6078,com.soft.android.appinstaller,com.soft.android.appinstaller,3,SMS Malware,train
6079,jp.bravo.honda,jp.bravo.honda,3,SMS Malware,train
6080,fhvm.vnnej,fhvm.vnnej,3,SMS Malware,train
6081,com.software.application,com.software.application,3,SMS Malware,train
6082,vbkoxh.cswnpr,vbkoxh.cswnpr,3,SMS Malware,validation
6083,com.software.application,com.software.application,3,SMS Malware,train
6084,com.bratolubzet.stlstart,com.bratolubzet.stlstart,3,SMS Malware,train
6085,bptxrgewk.ireknoyp,bptxrgewk.ireknoyp,3,SMS Malware,test
6086,com.software.app,com.software.app,3,SMS Malware,train
6087,ngjvnpslnp.iplhmk,ngjvnpslnp.iplhmk,3,SMS Malware,test
6089,net.mbtest,net.mbtest,3,SMS Malware,test
6090,com.software.application,com.software.application,3,SMS Malware,train
6091,com.app.android,com.app.android,3,SMS Malware,validation
6092,jp.bravo.honda,jp.bravo.honda,3,SMS Malware,train
6093,fkjsgmjl.ceinnykas,fkjsgmjl.ceinnykas,3,SMS Malware,train
6094,com.soft.android.appinstaller,com.soft.android.appinstaller,3,SMS Malware,train
6095,ru.download.manager,ru.download.manager,3,SMS Malware,validation
6096,eom.johndev.smitinst,eom.johndev.smitinst,3,SMS Malware,train
6097,ru.android.apps,ru.android.apps,3,SMS Malware,train
6098,com.software.application,com.software.application,3,SMS Malware,train
6099,midlet.com,midlet.com,3,SMS Malware,train
6100,eu.margaritasoft.firstdevelop,eu.margaritasoft.firstdevelop,3,SMS Malware,validation
6101,com.satismangrooup.stlstart,com.satismangrooup.stlstart,3,SMS Malware,train
6102,com.soft.android.appinstaller,com.soft.android.appinstaller,3,SMS Malware,train
6103,com.app.android,com.app.android,3,SMS Malware,validation
6104,com.apps.android,com.apps.android,3,SMS Malware,test
6105,Jk7H.PwcD,Jk7H.PwcD,3,SMS Malware,test
6106,com.soft.android.appinstaller,com.soft.android.appinstaller,3,SMS Malware,train
6107,com.manufacturatinkov.instman,com.manufacturatinkov.instman,3,SMS Malware,train
6108,ngjvnpslnp.iplhmk,ngjvnpslnp.iplhmk,3,SMS Malware,test
6109,com.google.app,com.google.app,3,SMS Malware,train
6110,ovbknnfm.xwscmnoi,ovbknnfm.xwscmnoi,3,SMS Malware,test
6111,com.software.application,com.software.application,3,SMS Malware,train
6112,com.soft.android.appinstaller,com.soft.android.appinstaller,3,SMS Malware,train
6113,com.software.application,com.software.application,3,SMS Malware,train
6114,com.soft.android.appinstaller,com.soft.android.appinstaller,3,SMS Malware,train
6115,fkjsgmjl.ceinnykas,fkjsgmjl.ceinnykas,3,SMS Malware,train
6116,com.manufacturatinkov.instman,com.manufacturatinkov.instman,3,SMS Malware,train
6117,com.app.installer,com.app.installer,3,SMS Malware,train
6118,com.soft.android.appinstaller,com.soft.android.appinstaller,3,SMS Malware,train
6119,com.software.application,com.software.application,3,SMS Malware,train
6120,com.bratolubzet.stlstart,com.bratolubzet.stlstart,3,SMS Malware,train
6121,Jk7H.PwcD,Jk7H.PwcD,3,SMS Malware,test
6122,com.soft.android.appinstaller,com.soft.android.appinstaller,3,SMS Malware,train
6123,com.bratolubzet.stlstart,com.bratolubzet.stlstart,3,SMS Malware,train
6124,com.googleapi.cover,com.googleapi.cover,3,SMS Malware,test
6125,Jk7H.PwcD,Jk7H.PwcD,3,SMS Malware,test
6126,com.software.application,com.software.application,3,SMS Malware,train
6127,com.software.application,com.software.application,3,SMS Malware,train
6128,com.soft.android.appinstaller,com.soft.android.appinstaller,3,SMS Malware,train
6129,com.soft.android.appinstaller,com.soft.android.appinstaller,3,SMS Malware,train
6130,com.soft.android.appinstaller,com.soft.android.appinstaller,3,SMS Malware,train
6131,com.soft.android.appinstaller,com.soft.android.appinstaller,3,SMS Malware,train
6132,com.soft.android.appinstaller,com.soft.android.appinstaller,3,SMS Malware,train
6133,com.software.application,com.software.application,3,SMS Malware,train
6134,jp.bravo.honda,jp.bravo.honda,3,SMS Malware,train
6135,yhonvqb.qaolckwnvj,yhonvqb.qaolckwnvj,3,SMS Malware,test
6136,com.soft.android.appinstaller,com.soft.android.appinstaller,3,SMS Malware,train
6137,Jk7H.PwcD,Jk7H.PwcD,3,SMS Malware,test
6139,ngjvnpslnp.iplhmk,ngjvnpslnp.iplhmk,3,SMS Malware,test
6140,com.satismangrooup.stlstart,com.satismangrooup.stlstart,3,SMS Malware,train
6141,ru.android.apps,ru.android.apps,3,SMS Malware,train
6142,xgqkjm.bfveeopo,xgqkjm.bfveeopo,3,SMS Malware,test
6143,com.convertoman.proin,com.convertoman.proin,3,SMS Malware,train
6144,ru.installer.droid,ru.installer.droid,3,SMS Malware,train
6145,com.software.marketapp,com.software.marketapp,3,SMS Malware,train
6146,com.software.marketapp,com.software.marketapp,3,SMS Malware,train
6147,com.software.application,com.software.application,3,SMS Malware,train
6148,ovbknnfm.xwscmnoi,ovbknnfm.xwscmnoi,3,SMS Malware,test
6149,com.hamedia.gamestore,com.hamedia.gamestore,3,SMS Malware,train
6150,com.depositmobi,com.depositmobi,3,SMS Malware,train
6151,vbkoxh.cswnpr,vbkoxh.cswnpr,3,SMS Malware,validation
6152,rom.jonas.eley,rom.jonas.eley,3,SMS Malware,validation
6153,com.googleapi.org,com.googleapi.org,3,SMS Malware,validation
6154,com.apps.android,com.apps.android,3,SMS Malware,test
6155,com.software.application,com.software.application,3,SMS Malware,train
6156,com.software.app,com.software.app,3,SMS Malware,train
6157,ru.vistorsoftware.getlink,ru.vistorsoftware.getlink,3,SMS Malware,validation
6158,ngjvnpslnp.iplhmk,ngjvnpslnp.iplhmk,3,SMS Malware,test
6159,com.depositmobi,com.depositmobi,3,SMS Malware,train
6160,ouepxayhr.efutel,ouepxayhr.efutel,3,SMS Malware,train
6161,sbk.game.free,sbk.game.free,3,SMS Malware,test
6162,com.android.app,com.android.app,3,SMS Malware,train
6163,eom.johndev.smitinst,eom.johndev.smitinst,3,SMS Malware,train
6164,com.software.application,com.software.application,3,SMS Malware,train
6165,com.soft.android.appinstaller,com.soft.android.appinstaller,3,SMS Malware,train
6166,com.software.application,com.software.application,3,SMS Malware,train
6167,com.soft.android.appinstaller,com.soft.android.appinstaller,3,SMS Malware,train
6168,com.software.marketapp,com.software.marketapp,3,SMS Malware,train
6169,solgfsuu.bevamyufi,solgfsuu.bevamyufi,3,SMS Malware,train
6170,com.software.application,com.software.application,3,SMS Malware,train
6171,ngjvnpslnp.iplhmk,ngjvnpslnp.iplhmk,3,SMS Malware,test
6172,ovbknnfm.xwscmnoi,ovbknnfm.xwscmnoi,3,SMS Malware,test
6173,ngjvnpslnp.iplhmk,ngjvnpslnp.iplhmk,3,SMS Malware,test
6174,com.manufacturatinkov.instman,com.manufacturatinkov.instman,3,SMS Malware,train
6175,com.googleapi.cover,com.googleapi.cover,3,SMS Malware,test
6176,vbkoxh.cswnpr,vbkoxh.cswnpr,3,SMS Malware,validation
6177,com.software.application,com.software.application,3,SMS Malware,train
6178,jp.bravo.honda,jp.bravo.honda,3,SMS Malware,train
6179,com.software.application,com.software.application,3,SMS Malware,train
6180,net.android.apps,net.android.apps,3,SMS Malware,train
6181,com.depositmobi,com.depositmobi,3,SMS Malware,train
6182,com.software.application,com.software.application,3,SMS Malware,train
6183,com.android.apps,com.android.apps,3,SMS Malware,train
6185,vbkoxh.cswnpr,vbkoxh.cswnpr,3,SMS Malware,validation
6186,com.software.application,com.software.application,3,SMS Malware,train
6187,fhvm.vnnej,fhvm.vnnej,3,SMS Malware,train
6188,com.software.application,com.software.application,3,SMS Malware,train
6189,Jk7H.PwcD,Jk7H.PwcD,3,SMS Malware,test
6190,com.googleapi.cover,com.googleapi.cover,3,SMS Malware,test
6191,com.software.app,com.software.app,3,SMS Malware,train
6192,com.software.application,com.software.application,3,SMS Malware,train
6193,com.software.application,com.software.application,3,SMS Malware,train
6195,com.software.application,com.software.application,3,SMS Malware,train
6196,install.app,install.app,3,SMS Malware,test
6197,com.googleapi.cover,com.googleapi.cover,3,SMS Malware,test
6198,com.soft.android.appinstaller,com.soft.android.appinstaller,3,SMS Malware,train
6199,com.hamedia.gamestore,com.hamedia.gamestore,3,SMS Malware,train
6200,com.software.application,com.software.application,3,SMS Malware,train
6201,com.software.application,com.software.application,3,SMS Malware,train
6202,eom.johndev.smitinst,eom.johndev.smitinst,3,SMS Malware,train
6203,oafatwbome.umcvwgqx,oafatwbome.umcvwgqx,3,SMS Malware,test
6204,com.software.application,com.software.application,3,SMS Malware,train
6205,com.software.application,com.software.application,3,SMS Malware,train
6206,com.android.apps,com.android.apps,3,SMS Malware,train
6207,Jk7H.PwcD,Jk7H.PwcD,3,SMS Malware,test
6208,com.convertoman.proin,com.convertoman.proin,3,SMS Malware,train
6210,net.android.app,net.android.app,3,SMS Malware,train
6211,com.bratolubzet.stlstart,com.bratolubzet.stlstart,3,SMS Malware,train
6212,com.software.application,com.software.application,3,SMS Malware,train
6213,midlet.com,midlet.com,3,SMS Malware,train
6214,com.loadfon.filer,com.loadfon.filer,3,SMS Malware,train
6215,com.convertoman.proin,com.convertoman.proin,3,SMS Malware,train
6216,com.software.application,com.software.application,3,SMS Malware,train
6217,ovbknnfm.xwscmnoi,ovbknnfm.xwscmnoi,3,SMS Malware,test
6218,com.soft.android.appinstaller,com.soft.android.appinstaller,3,SMS Malware,train
6219,vbkoxh.cswnpr,vbkoxh.cswnpr,3,SMS Malware,validation
6220,ngjvnpslnp.iplhmk,ngjvnpslnp.iplhmk,3,SMS Malware,test
6221,ngjvnpslnp.iplhmk,ngjvnpslnp.iplhmk,3,SMS Malware,test
6222,ouepxayhr.efutel,ouepxayhr.efutel,3,SMS Malware,train
6223,com.software.application,com.software.application,3,SMS Malware,train
6224,yhonvqb.qaolckwnvj,yhonvqb.qaolckwnvj,3,SMS Malware,test
6225,com.soft.android.appinstaller,com.soft.android.appinstaller,3,SMS Malware,train
6227,com.soft.android.appinstaller,com.soft.android.appinstaller,3,SMS Malware,train
6228,Jk7H.PwcD,Jk7H.PwcD,3,SMS Malware,test
6229,com.bratolubzet.stlstart,com.bratolubzet.stlstart,3,SMS Malware,train
6230,com.software.application,com.software.application,3,SMS Malware,train
6231,com.software.application,com.software.application,3,SMS Malware,train
6232,ovbknnfm.xwscmnoi,ovbknnfm.xwscmnoi,3,SMS Malware,test
6233,com.depositmobi,com.depositmobi,3,SMS Malware,train
6234,com.software.application,com.software.application,3,SMS Malware,train
6235,com.software.install,com.software.install,3,SMS Malware,train
6236,com.convertoman.proin,com.convertoman.proin,3,SMS Malware,train
6237,com.software.app,com.software.app,3,SMS Malware,train
6238,mwlqythh.rwbkulojmti,mwlqythh.rwbkulojmti,3,SMS Malware,train
6239,com.googleapi.cover,com.googleapi.cover,3,SMS Malware,test
6240,com.software.application,com.software.application,3,SMS Malware,train
6241,com.software.application,com.software.application,3,SMS Malware,train
6242,xgikgppv.ceqodeg,xgikgppv.ceqodeg,3,SMS Malware,train
6243,com.software.app,com.software.app,3,SMS Malware,train
6244,com.software.application,com.software.application,3,SMS Malware,train
6245,com.software.application,com.software.application,3,SMS Malware,train
6246,com.android.apps,com.android.apps,3,SMS Malware,train
6247,com.software.application,com.software.application,3,SMS Malware,train
6248,aahbca.oohein.iiwea,aahbca.oohein.iiwea,3,SMS Malware,train
6249,com.convertoman.proin,com.convertoman.proin,3,SMS Malware,train
6250,ru.android.apps,ru.android.apps,3,SMS Malware,train
6251,yhonvqb.qaolckwnvj,yhonvqb.qaolckwnvj,3,SMS Malware,test
6252,ngjvnpslnp.iplhmk,ngjvnpslnp.iplhmk,3,SMS Malware,test
6253,com.software.app,com.software.app,3,SMS Malware,train
6254,com.software.application,com.software.application,3,SMS Malware,train
6255,com.software.application,com.software.application,3,SMS Malware,train
6256,veocnhr.elfbcmx,veocnhr.elfbcmx,3,SMS Malware,test
6257,com.google.app,com.google.app,3,SMS Malware,train
6258,com.bluedragon.sa,com.bluedragon.sa,3,SMS Malware,train
6259,jp.bravo.honda,jp.bravo.honda,3,SMS Malware,train
6260,com.viploder.install,com.viploder.install,3,SMS Malware,train
6261,exxrrbljphj.btwtla,exxrrbljphj.btwtla,3,SMS Malware,test
6262,Jk7H.PwcD,Jk7H.PwcD,3,SMS Malware,test
6263,tj.alumberinc.ruganovich,tj.alumberinc.ruganovich,3,SMS Malware,validation
6264,com.software.application,com.software.application,3,SMS Malware,train
6265,com.babblespher.app,com.babblespher.app,3,SMS Malware,test
6266,com.software.application,com.software.application,3,SMS Malware,train
6267,com.convertoman.proin,com.convertoman.proin,3,SMS Malware,train
6268,com.software.application,com.software.application,3,SMS Malware,train
6269,com.software.application,com.software.application,3,SMS Malware,train
6270,com.software.application,com.software.application,3,SMS Malware,train
6271,com.registr.registrator,com.registr.registrator,3,SMS Malware,test
6272,bretbre4.cvdsggr,bretbre4.cvdsggr,3,SMS Malware,validation
6273,com.depositmobi,com.depositmobi,3,SMS Malware,train
6274,com.googleapi.org,com.googleapi.org,3,SMS Malware,validation
6275,ngjvnpslnp.iplhmk,ngjvnpslnp.iplhmk,3,SMS Malware,test
6276,net.android.apps,net.android.apps,3,SMS Malware,train
6277,com.software.marketapp,com.software.marketapp,3,SMS Malware,train
6278,com.soft.android.appinstaller,com.soft.android.appinstaller,3,SMS Malware,train
6279,Jk7H.PwcD,Jk7H.PwcD,3,SMS Malware,test
6280,a.a,a.a,3,SMS Malware,validation
6281,com.software.opera,com.software.opera,3,SMS Malware,validation
6282,com.soft.android.appinstaller,com.soft.android.appinstaller,3,SMS Malware,train
6283,software.android,software.android,3,SMS Malware,train
6284,com.hamedia.gamestore,com.hamedia.gamestore,3,SMS Malware,train
6285,com.soft.android.appinstaller,com.soft.android.appinstaller,3,SMS Malware,train
6286,com.bratolubzet.stlstart,com.bratolubzet.stlstart,3,SMS Malware,train
6287,ru.apps.android,ru.apps.android,3,SMS Malware,test
6288,com.software.application,com.software.application,3,SMS Malware,train
6289,com.googleapi.cover,com.googleapi.cover,3,SMS Malware,test
6290,com.software.application,com.software.application,3,SMS Malware,train
6291,blue.water.id20160603,blue.water.id20160603,3,SMS Malware,validation
6292,com.soft.android.appinstaller,com.soft.android.appinstaller,3,SMS Malware,train
6293,com.software.application,com.software.application,3,SMS Malware,train
6294,srcdsnms.jlimwd,srcdsnms.jlimwd,3,SMS Malware,validation
6295,com.nullsoft.prostub,com.nullsoft.prostub,3,SMS Malware,train
6296,com.software.application,com.software.application,3,SMS Malware,train
6298,net.android.app,net.android.app,3,SMS Malware,train
6299,jp.bravo.honda,jp.bravo.honda,3,SMS Malware,train
6300,yhonvqb.qaolckwnvj,yhonvqb.qaolckwnvj,3,SMS Malware,test
6301,com.depositmobi,com.depositmobi,3,SMS Malware,train
6302,net.os.android,net.os.android,3,SMS Malware,train
6303,com.software.application,com.software.application,3,SMS Malware,train
6304,com.software.app,com.software.app,3,SMS Malware,train
6305,com.depositmobi,com.depositmobi,3,SMS Malware,train
6306,ovbknnfm.xwscmnoi,ovbknnfm.xwscmnoi,3,SMS Malware,test
6307,com.soft.android.appinstaller,com.soft.android.appinstaller,3,SMS Malware,train
6308,com.satismangrooup.stlstart,com.satismangrooup.stlstart,3,SMS Malware,train
6309,com.software.app,com.software.app,3,SMS Malware,train
6310,com.soft.android.appinstaller,com.soft.android.appinstaller,3,SMS Malware,train
6311,com.software.application,com.software.application,3,SMS Malware,train
6312,com.android.apps,com.android.apps,3,SMS Malware,train
6313,com.software.application,com.software.application,3,SMS Malware,train
6315,ngjvnpslnp.iplhmk,ngjvnpslnp.iplhmk,3,SMS Malware,test
6316,ovbknnfm.xwscmnoi,ovbknnfm.xwscmnoi,3,SMS Malware,test
6317,com.opera.installer,com.opera.installer,3,SMS Malware,validation
6318,com.software.application,com.software.application,3,SMS Malware,train
6319,com.googleapi.org,com.googleapi.org,3,SMS Malware,validation
6320,uphmidhkydm.qyjxigra,uphmidhkydm.qyjxigra,3,SMS Malware,validation
6321,files.perfect.world.games,files.perfect.world.games,3,SMS Malware,test
6322,tj.alumberinc.ruganovich,tj.alumberinc.ruganovich,3,SMS Malware,validation
6323,net.os.android,net.os.android,3,SMS Malware,train
6324,com.depositmobi,com.depositmobi,3,SMS Malware,train
6325,ru.apps.android,ru.apps.android,3,SMS Malware,test
6326,com.google.app,com.google.app,3,SMS Malware,train
6327,com.software.application,com.software.application,3,SMS Malware,train
6329,com.soft.android.appinstaller,com.soft.android.appinstaller,3,SMS Malware,train
6330,ru.apps.android,ru.apps.android,3,SMS Malware,test
6331,com.software.installation,com.software.installation,3,SMS Malware,validation
6332,com.software.application,com.software.application,3,SMS Malware,train
6333,de.docherka.muter,de.docherka.muter,3,SMS Malware,train
6334,com.depositmobi,com.depositmobi,3,SMS Malware,train
6335,com.software.application,com.software.application,3,SMS Malware,train
6336,com.androids.update,com.androids.update,3,SMS Malware,test
6337,com.googleapi.cover,com.googleapi.cover,3,SMS Malware,test
6338,com.software.application,com.software.application,3,SMS Malware,train
6339,com.software.application,com.software.application,3,SMS Malware,train
6340,com.software.app,com.software.app,3,SMS Malware,train
6341,ru.android.apps,ru.android.apps,3,SMS Malware,train
6342,green.stone.in20151225,green.stone.in20151225,3,SMS Malware,train
6343,com.software.application,com.software.application,3,SMS Malware,train
6344,com.software.application,com.software.application,3,SMS Malware,train
6345,eu.margaritasoft.firstdevelop,eu.margaritasoft.firstdevelop,3,SMS Malware,validation
6346,com.software.app,com.software.app,3,SMS Malware,train
6347,com.android.app,com.android.app,3,SMS Malware,train
6348,com.software.application,com.software.application,3,SMS Malware,train
6350,ynlxcd.cwductjwjc,ynlxcd.cwductjwjc,3,SMS Malware,validation
6351,fllpusub.nwovthu,fllpusub.nwovthu,3,SMS Malware,train
6352,com.software.app,com.software.app,3,SMS Malware,train
6353,com.soft.android.appinstaller,com.soft.android.appinstaller,3,SMS Malware,train
6354,com.software.android.install,com.software.android.install,3,SMS Malware,train
6356,com.soft.android.appinstaller,com.soft.android.appinstaller,3,SMS Malware,train
6357,yhonvqb.qaolckwnvj,yhonvqb.qaolckwnvj,3,SMS Malware,test
6358,ru.android.apps,ru.android.apps,3,SMS Malware,train
6359,com.software.application,com.software.application,3,SMS Malware,train
6360,com.software.application,com.software.application,3,SMS Malware,train
6361,lojofdnpb.gsqgxtbmh,lojofdnpb.gsqgxtbmh,3,SMS Malware,test
6362,jp.bravo.honda,jp.bravo.honda,3,SMS Malware,train
6363,com.googleapi.org,com.googleapi.org,3,SMS Malware,validation
6364,com.soft.android.appinstaller,com.soft.android.appinstaller,3,SMS Malware,train
6365,com.soft.android.appinstaller,com.soft.android.appinstaller,3,SMS Malware,train
6366,com.hanjins123123.cn,com.hanjins123123.cn,3,SMS Malware,train
6367,com.depositmobi,com.depositmobi,3,SMS Malware,train
6369,com.googleapi.org,com.googleapi.org,3,SMS Malware,validation
6370,com.bratolubzet.stlstart,com.bratolubzet.stlstart,3,SMS Malware,train
6371,com.googleapi.cover,com.googleapi.cover,3,SMS Malware,test
6372,net.os.android,net.os.android,3,SMS Malware,train
6373,org.google.app,org.google.app,3,SMS Malware,train
6374,eu.margaritasoft.firstdevelop,eu.margaritasoft.firstdevelop,3,SMS Malware,validation
6375,eu.margaritasoft.firstdevelop,eu.margaritasoft.firstdevelop,3,SMS Malware,validation
6376,com.software.android.install,com.software.android.install,3,SMS Malware,train
6377,com.convertoman.proin,com.convertoman.proin,3,SMS Malware,train
6378,org.google.app,org.google.app,3,SMS Malware,train
6379,com.software.app,com.software.app,3,SMS Malware,train
6380,ynlxcd.cwductjwjc,ynlxcd.cwductjwjc,3,SMS Malware,validation
6381,com.satismangrooup.stlstart,com.satismangrooup.stlstart,3,SMS Malware,train
6382,ru.android.apps,ru.android.apps,3,SMS Malware,train
6383,lOlOOo.IoOlCIoCllo,lOlOOo.IoOlCIoCllo,3,SMS Malware,train
6384,com.software.application,com.software.application,3,SMS Malware,train
6385,com.software.application,com.software.application,3,SMS Malware,train
6386,com.software.application,com.software.application,3,SMS Malware,train
6387,rom.jonas.eley,rom.jonas.eley,3,SMS Malware,validation
6388,com.software.application,com.software.application,3,SMS Malware,train
6389,com.googleapi.cover,com.googleapi.cover,3,SMS Malware,test
6390,jp.bravo.honda,jp.bravo.honda,3,SMS Malware,train
6391,com.software.marketapp,com.software.marketapp,3,SMS Malware,train
6392,net.android.app,net.android.app,3,SMS Malware,train
6393,com.software.application,com.software.application,3,SMS Malware,train
6394,com.software.app,com.software.app,3,SMS Malware,train
6395,com.software.application,com.software.application,3,SMS Malware,train
6396,Jk7H.PwcD,Jk7H.PwcD,3,SMS Malware,test
6397,com.soft.android.appinstaller,com.soft.android.appinstaller,3,SMS Malware,train
6398,com.convertoman.proin,com.convertoman.proin,3,SMS Malware,train
6399,jyiaivi.ohduxbbylb,jyiaivi.ohduxbbylb,3,SMS Malware,validation
6400,mobi.app,mobi.app,3,SMS Malware,validation
6401,com.soft.android.appinstaller,com.soft.android.appinstaller,3,SMS Malware,train
6402,ngjvnpslnp.iplhmk,ngjvnpslnp.iplhmk,3,SMS Malware,test
6403,com.software.application,com.software.application,3,SMS Malware,train
6404,wap.cash,wap.cash,3,SMS Malware,train
6405,com.bratolubzet.stlstart,com.bratolubzet.stlstart,3,SMS Malware,train
6406,com.soft.android.appinstaller,com.soft.android.appinstaller,3,SMS Malware,train
6407,com.depositmobi,com.depositmobi,3,SMS Malware,train
6408,jp.bravo.honda,jp.bravo.honda,3,SMS Malware,train
6409,vbkoxh.cswnpr,vbkoxh.cswnpr,3,SMS Malware,validation
6410,ovbknnfm.xwscmnoi,ovbknnfm.xwscmnoi,3,SMS Malware,test
6412,jp.bravo.honda,jp.bravo.honda,3,SMS Malware,train
6413,com.software.application,com.software.application,3,SMS Malware,train
6414,com.android.apps,com.android.apps,3,SMS Malware,train
6415,com.software.application,com.software.application,3,SMS Malware,train
6416,com.depositmobi,com.depositmobi,3,SMS Malware,train
6417,ru.apps.android,ru.apps.android,3,SMS Malware,test
6418,lojofdnpb.gsqgxtbmh,lojofdnpb.gsqgxtbmh,3,SMS Malware,test
6419,com.software.application,com.software.application,3,SMS Malware,train
6420,com.software.application,com.software.application,3,SMS Malware,train
6421,com.noname.ins,com.noname.ins,3,SMS Malware,train
6422,com.soft.android.appinstaller,com.soft.android.appinstaller,3,SMS Malware,train
6423,vbkoxh.cswnpr,vbkoxh.cswnpr,3,SMS Malware,validation
6424,ensufwosr.rokcvyfjtdp,ensufwosr.rokcvyfjtdp,3,SMS Malware,train
6425,com.soft.android.appinstaller,com.soft.android.appinstaller,3,SMS Malware,train
6426,com.software.application,com.software.application,3,SMS Malware,train
6427,com.googleapps.ru,com.googleapps.ru,3,SMS Malware,train
6428,com.android.appupdate,com.android.appupdate,3,SMS Malware,test
6429,com.software.app,com.software.app,3,SMS Malware,train
6430,ngjvnpslnp.iplhmk,ngjvnpslnp.iplhmk,3,SMS Malware,test
6431,com.convertoman.proin,com.convertoman.proin,3,SMS Malware,train
6432,com.soft.android.appinstaller,com.soft.android.appinstaller,3,SMS Malware,train
6433,com.software.application,com.software.application,3,SMS Malware,train
6434,vbkoxh.cswnpr,vbkoxh.cswnpr,3,SMS Malware,validation
6435,com.android.app,com.android.app,3,SMS Malware,train
6438,ru.android.apps,ru.android.apps,3,SMS Malware,train
6439,eu.margaritasoft.firstdevelop,eu.margaritasoft.firstdevelop,3,SMS Malware,validation
6440,com.operas.install,com.operas.install,3,SMS Malware,train
6441,com.software.apk,com.software.apk,3,SMS Malware,validation
6442,jp.bravo.honda,jp.bravo.honda,3,SMS Malware,train
6443,com.software.application,com.software.application,3,SMS Malware,train
6444,com.software.application,com.software.application,3,SMS Malware,train
6445,com.soft.android.appinstaller,com.soft.android.appinstaller,3,SMS Malware,train
6446,com.software.application,com.software.application,3,SMS Malware,train
6448,com.googleapi.cover,com.googleapi.cover,3,SMS Malware,test
6449,com.software.application,com.software.application,3,SMS Malware,train
6450,com.android.app,com.android.app,3,SMS Malware,train
6451,com.software.application,com.software.application,3,SMS Malware,train
6452,com.convertoman.proin,com.convertoman.proin,3,SMS Malware,train
6453,com.software.application,com.software.application,3,SMS Malware,train
6454,com.convertoman.proin,com.convertoman.proin,3,SMS Malware,train
6455,com.software.application,com.software.application,3,SMS Malware,train
6456,com.software.application,com.software.application,3,SMS Malware,train
6457,com.software.application,com.software.application,3,SMS Malware,train
6458,com.apps.android,com.apps.android,3,SMS Malware,test
6460,com.software.app,com.software.app,3,SMS Malware,train
6461,com.depositmobi,com.depositmobi,3,SMS Malware,train
6462,com.googleapi,com.googleapi,3,SMS Malware,train
6463,com.software.application,com.software.application,3,SMS Malware,train
6464,com.software.application,com.software.application,3,SMS Malware,train
6465,ru.android.apps,ru.android.apps,3,SMS Malware,train
6466,net.android.app,net.android.app,3,SMS Malware,train
6467,net.os.android,net.os.android,3,SMS Malware,train
6468,com.soft.android.appinstaller,com.soft.android.appinstaller,3,SMS Malware,train
6469,com.software.application,com.software.application,3,SMS Malware,train
6470,eu.margaritasoft.firstdevelop,eu.margaritasoft.firstdevelop,3,SMS Malware,validation
6471,com.software.application,com.software.application,3,SMS Malware,train
6472,com.software.app,com.software.app,3,SMS Malware,train
6473,tfidwbu.gafacksxbex,tfidwbu.gafacksxbex,3,SMS Malware,test
6474,com.software.application,com.software.application,3,SMS Malware,train
6475,com.soft.android.appinstaller,com.soft.android.appinstaller,3,SMS Malware,train
6476,com.googleapi.cover,com.googleapi.cover,3,SMS Malware,test
6477,vbkoxh.cswnpr,vbkoxh.cswnpr,3,SMS Malware,validation
6478,com.software.application,com.software.application,3,SMS Malware,train
6479,com.soft.android.appinstaller,com.soft.android.appinstaller,3,SMS Malware,train
6480,com.software.apk,com.software.apk,3,SMS Malware,validation
6482,com.soft.android.appinstaller,com.soft.android.appinstaller,3,SMS Malware,train
6484,ovbknnfm.xwscmnoi,ovbknnfm.xwscmnoi,3,SMS Malware,test
6485,com.software.application,com.software.application,3,SMS Malware,train
6486,com.soft.android.appinstaller,com.soft.android.appinstaller,3,SMS Malware,train
6487,tp5x.WGt12,tp5x.WGt12,3,SMS Malware,train
6488,com.software.application,com.software.application,3,SMS Malware,train
6489,vbkoxh.cswnpr,vbkoxh.cswnpr,3,SMS Malware,validation
6490,bhwoctrouva.ucxrqnd,bhwoctrouva.ucxrqnd,3,SMS Malware,train
6491,com.satismangrooup.stlstart,com.satismangrooup.stlstart,3,SMS Malware,train
6492,com.convertoman.proin,com.convertoman.proin,3,SMS Malware,train
6493,rpyhwytfysl.uikbvktgwp,rpyhwytfysl.uikbvktgwp,3,SMS Malware,train
6494,ekdrjuhjaih.qyofplge,ekdrjuhjaih.qyofplge,3,SMS Malware,train
6495,com.software.marketapp,com.software.marketapp,3,SMS Malware,train
6496,com.manufacturatinkov.instman,com.manufacturatinkov.instman,3,SMS Malware,train
6497,eu.margaritasoft.firstdevelop,eu.margaritasoft.firstdevelop,3,SMS Malware,validation
6499,com.convertoman.proin,com.convertoman.proin,3,SMS Malware,train
6500,com.software.application,com.software.application,3,SMS Malware,train
6501,com.soft.android.appinstaller,com.soft.android.appinstaller,3,SMS Malware,train
6502,jp.bravo.honda,jp.bravo.honda,3,SMS Malware,train
6503,Jk7H.PwcD,Jk7H.PwcD,3,SMS Malware,test
6504,com.kinkymobile_ch,com.kinkymobile_ch,3,SMS Malware,train
6505,ovbknnfm.xwscmnoi,ovbknnfm.xwscmnoi,3,SMS Malware,test
6506,vbkoxh.cswnpr,vbkoxh.cswnpr,3,SMS Malware,validation
6507,com.software.application,com.software.application,3,SMS Malware,train
6509,QueiD9ej.ezahS1gi,QueiD9ej.ezahS1gi,3,SMS Malware,validation
6510,tj.alumberinc.ruganovich,tj.alumberinc.ruganovich,3,SMS Malware,validation
6511,com.soft.android.appinstaller,com.soft.android.appinstaller,3,SMS Malware,train
6512,com.depositmobi,com.depositmobi,3,SMS Malware,train
6513,com.software.application,com.software.application,3,SMS Malware,train
6514,ngjvnpslnp.iplhmk,ngjvnpslnp.iplhmk,3,SMS Malware,test
6515,vbkoxh.cswnpr,vbkoxh.cswnpr,3,SMS Malware,validation
6516,ru.apps.android,ru.apps.android,3,SMS Malware,test
6517,com.satismangrooup.stlstart,com.satismangrooup.stlstart,3,SMS Malware,train
6518,com.software.apk,com.software.apk,3,SMS Malware,validation
6520,lojofdnpb.gsqgxtbmh,lojofdnpb.gsqgxtbmh,3,SMS Malware,test
6521,com.software.application,com.software.application,3,SMS Malware,train
6522,com.android.app,com.android.app,3,SMS Malware,train
6524,com.software.marketapp,com.software.marketapp,3,SMS Malware,train
6525,jtqsawchyv.qerbfsott,jtqsawchyv.qerbfsott,3,SMS Malware,train
6526,ngjvnpslnp.iplhmk,ngjvnpslnp.iplhmk,3,SMS Malware,test
6527,com.apps.android,com.apps.android,3,SMS Malware,test
6528,app.apk,app.apk,3,SMS Malware,train
6529,com.software.app,com.software.app,3,SMS Malware,train
6530,com.software.android.install,com.software.android.install,3,SMS Malware,train
6531,qffhro.himfnyda,qffhro.himfnyda,3,SMS Malware,train
6532,ru.google.app,ru.google.app,3,SMS Malware,train
6533,com.depositmobi,com.depositmobi,3,SMS Malware,train
6534,ngjvnpslnp.iplhmk,ngjvnpslnp.iplhmk,3,SMS Malware,test
6535,com.depositmobi,com.depositmobi,3,SMS Malware,train
6536,srcdsnms.jlimwd,srcdsnms.jlimwd,3,SMS Malware,validation
6537,com.software.application,com.software.application,3,SMS Malware,train
6538,org.google.app,org.google.app,3,SMS Malware,train
6539,com.software.app,com.software.app,3,SMS Malware,train
6540,com.soft.android.appinstaller,com.soft.android.appinstaller,3,SMS Malware,train
6541,wdbpiewhmvw.bllatpxkpfi,wdbpiewhmvw.bllatpxkpfi,3,SMS Malware,validation
6542,com.bratolubzet.stlstart,com.bratolubzet.stlstart,3,SMS Malware,train
6543,com.software.application,com.software.application,3,SMS Malware,train
6544,yhonvqb.qaolckwnvj,yhonvqb.qaolckwnvj,3,SMS Malware,test
6545,com.convertoman.proin,com.convertoman.proin,3,SMS Malware,train
6546,lOlOOo.IoOlCIoCllo,lOlOOo.IoOlCIoCllo,3,SMS Malware,train
6547,eom.johndev.smitinst,eom.johndev.smitinst,3,SMS Malware,train
6548,opera_mini.app,opera_mini.app,3,SMS Malware,train
6549,com.android.apps,com.android.apps,3,SMS Malware,train
6550,wap.syst.two,wap.syst.two,3,SMS Malware,train
6551,com.software.application,com.software.application,3,SMS Malware,train
6552,com.software.application,com.software.application,3,SMS Malware,train
6553,gvvwtjh.btvamydntnm,gvvwtjh.btvamydntnm,3,SMS Malware,train
6554,com.software.application,com.software.application,3,SMS Malware,train
6555,com.soft.android.appinstaller,com.soft.android.appinstaller,3,SMS Malware,train
6556,com.software.application,com.software.application,3,SMS Malware,train
6557,com.google.appsinstall,com.google.appsinstall,3,SMS Malware,validation
6558,jyiaivi.ohduxbbylb,jyiaivi.ohduxbbylb,3,SMS Malware,validation
6559,nmwurmoxc.vwtavlp,nmwurmoxc.vwtavlp,3,SMS Malware,train
6560,com.soft.android.appinstaller,com.soft.android.appinstaller,3,SMS Malware,train
6561,Jk7H.PwcD,Jk7H.PwcD,3,SMS Malware,test
6562,com.soft.android.appinstaller,com.soft.android.appinstaller,3,SMS Malware,train
6563,net.android.apps,net.android.apps,3,SMS Malware,train
6564,vbkoxh.cswnpr,vbkoxh.cswnpr,3,SMS Malware,validation
6565,com.software.application,com.software.application,3,SMS Malware,train
6566,com.android.app,com.android.app,3,SMS Malware,train
6567,mwlqythh.rwbkulojmti,mwlqythh.rwbkulojmti,3,SMS Malware,train
6568,com.soft.android.appinstaller,com.soft.android.appinstaller,3,SMS Malware,train
6569,com.apps.pack,com.apps.pack,3,SMS Malware,test
6570,com.android.app,com.android.app,3,SMS Malware,train
6571,com.software.application,com.software.application,3,SMS Malware,train
6572,ngjvnpslnp.iplhmk,ngjvnpslnp.iplhmk,3,SMS Malware,test
6574,com.example.service,com.example.service,3,SMS Malware,train
6575,com.software.app,com.software.app,3,SMS Malware,train
6576,com.soft.android.appinstaller,com.soft.android.appinstaller,3,SMS Malware,train
6577,net.os.android,net.os.android,3,SMS Malware,train
6578,com.android.update,com.android.update,3,SMS Malware,test
6579,Jk7H.PwcD,Jk7H.PwcD,3,SMS Malware,test
6580,ru.apps.android,ru.apps.android,3,SMS Malware,test
6581,glwlbb.eyfwmaung,glwlbb.eyfwmaung,3,SMS Malware,validation
6582,com.soft.android.appinstaller,com.soft.android.appinstaller,3,SMS Malware,train
6583,com.software.application,com.software.application,3,SMS Malware,train
6584,com.software.application,com.software.application,3,SMS Malware,train
6585,ru.android.apps,ru.android.apps,3,SMS Malware,train
6586,com.software.application,com.software.application,3,SMS Malware,train
6587,com.appdroid.sexyclip12366,com.appdroid.sexyclip12366,3,SMS Malware,train
6588,com.app.bangclub.ru,com.app.bangclub.ru,3,SMS Malware,train
6589,com.soft.android.appinstaller,com.soft.android.appinstaller,3,SMS Malware,train
6590,com.manufacturatinkov.instman,com.manufacturatinkov.instman,3,SMS Malware,train
6591,com.convertoman.proin,com.convertoman.proin,3,SMS Malware,train
6592,Jk7H.PwcD,Jk7H.PwcD,3,SMS Malware,test
6593,ynlxcd.cwductjwjc,ynlxcd.cwductjwjc,3,SMS Malware,validation
6594,com.software.application,com.software.application,3,SMS Malware,train
6595,com.software.application,com.software.application,3,SMS Malware,train
6596,com.software.application,com.software.application,3,SMS Malware,train
6597,com.software.application,com.software.application,3,SMS Malware,train
6598,ee.maestro.slaming,ee.maestro.slaming,3,SMS Malware,train
6599,com.googleapi.cover,com.googleapi.cover,3,SMS Malware,test
6600,com.depositmobi,com.depositmobi,3,SMS Malware,train
6601,com.software.app,com.software.app,3,SMS Malware,train
6602,ru.app.android,ru.app.android,3,SMS Malware,train
6603,com.soft.android.appinstaller,com.soft.android.appinstaller,3,SMS Malware,train
6604,yhonvqb.qaolckwnvj,yhonvqb.qaolckwnvj,3,SMS Malware,test
6605,com.depositmobi,com.depositmobi,3,SMS Malware,train
6606,ru.google.apps,ru.google.apps,3,SMS Malware,test
6607,com.software.application,com.software.application,3,SMS Malware,train
6608,com.depositmobi,com.depositmobi,3,SMS Malware,train
6609,com.convertoman.proin,com.convertoman.proin,3,SMS Malware,train
6610,com.operas.installs,com.operas.installs,3,SMS Malware,test
6611,com.soft.android.appinstaller,com.soft.android.appinstaller,3,SMS Malware,train
6612,vbkoxh.cswnpr,vbkoxh.cswnpr,3,SMS Malware,validation
6613,com.software.application,com.software.application,3,SMS Malware,train
6614,ngjvnpslnp.iplhmk,ngjvnpslnp.iplhmk,3,SMS Malware,test
6615,com.depositmobi,com.depositmobi,3,SMS Malware,train
6616,ovbknnfm.xwscmnoi,ovbknnfm.xwscmnoi,3,SMS Malware,test
6617,com.software.marketapp,com.software.marketapp,3,SMS Malware,train
6618,com.software.android.install,com.software.android.install,3,SMS Malware,train
6619,com.software.application,com.software.application,3,SMS Malware,train
6620,xgikgppv.ceqodeg,xgikgppv.ceqodeg,3,SMS Malware,train
6621,ngjvnpslnp.iplhmk,ngjvnpslnp.iplhmk,3,SMS Malware,test
6622,com.depositmobi,com.depositmobi,3,SMS Malware,train
6623,com.software.application,com.software.application,3,SMS Malware,train
6624,com.depositmobi,com.depositmobi,3,SMS Malware,train
6625,com.games.time,com.games.time,3,SMS Malware,test
6626,com.software.marketapp,com.software.marketapp,3,SMS Malware,train
6627,com.software.application,com.software.application,3,SMS Malware,train
6628,com.depositmobi,com.depositmobi,3,SMS Malware,train
6629,nuu643.JJK73f,nuu643.JJK73f,3,SMS Malware,test
6630,com.software.application,com.software.application,3,SMS Malware,train
6631,com.soft.android.appinstaller,com.soft.android.appinstaller,3,SMS Malware,train
6632,ngjvnpslnp.iplhmk,ngjvnpslnp.iplhmk,3,SMS Malware,test
6633,com.software.application,com.software.application,3,SMS Malware,train
6634,com.soft.android.appinstaller,com.soft.android.appinstaller,3,SMS Malware,train
6635,ngjvnpslnp.iplhmk,ngjvnpslnp.iplhmk,3,SMS Malware,test
6636,com.android.apps,com.android.apps,3,SMS Malware,train
6637,com.depositmobi,com.depositmobi,3,SMS Malware,train
6638,com.software.application,com.software.application,3,SMS Malware,train
6639,lojofdnpb.gsqgxtbmh,lojofdnpb.gsqgxtbmh,3,SMS Malware,test
6640,vbkoxh.cswnpr,vbkoxh.cswnpr,3,SMS Malware,validation
6641,com.convertoman.proin,com.convertoman.proin,3,SMS Malware,train
6642,ngjvnpslnp.iplhmk,ngjvnpslnp.iplhmk,3,SMS Malware,test
6643,com.depositmobi,com.depositmobi,3,SMS Malware,train
6644,com.software.application,com.software.application,3,SMS Malware,train
6646,com.soft.android.appinstaller,com.soft.android.appinstaller,3,SMS Malware,train
6647,com.software.application,com.software.application,3,SMS Malware,train
6648,com.software.app,com.software.app,3,SMS Malware,train
6649,com.software.application,com.software.application,3,SMS Malware,train
6650,com.software.application,com.software.application,3,SMS Malware,train
6651,iapradvvxi.fiddtwyhag,iapradvvxi.fiddtwyhag,3,SMS Malware,train
6652,ngjvnpslnp.iplhmk,ngjvnpslnp.iplhmk,3,SMS Malware,test
6653,com.software.application,com.software.application,3,SMS Malware,train
6654,com.software.application,com.software.application,3,SMS Malware,train
6655,tqnecukooty.qehawxgy,tqnecukooty.qehawxgy,3,SMS Malware,train
6656,tp5x.WGt12,tp5x.WGt12,3,SMS Malware,train
6657,okuZooN.Ahfiphs,okuZooN.Ahfiphs,3,SMS Malware,train
6658,com.software.application,com.software.application,3,SMS Malware,train
6659,com.software.application,com.software.application,3,SMS Malware,train
6660,com.soft.android.appinstaller,com.soft.android.appinstaller,3,SMS Malware,train
6661,com.app.android,com.app.android,3,SMS Malware,validation
6662,mhejoqkihc.gourea,mhejoqkihc.gourea,3,SMS Malware,train
6663,com.convertoman.proin,com.convertoman.proin,3,SMS Malware,train
6664,com.software.app,com.software.app,3,SMS Malware,train
6665,ngjvnpslnp.iplhmk,ngjvnpslnp.iplhmk,3,SMS Malware,test
6666,com.tubeflic_es.com,com.tubeflic_es.com,3,SMS Malware,train
6667,com.software.application,com.software.application,3,SMS Malware,train
6668,com.soft.android.appinstaller,com.soft.android.appinstaller,3,SMS Malware,train
6669,com.software.app,com.software.app,3,SMS Malware,train
6670,org.google,org.google,3,SMS Malware,train
6671,nuu643.JJK73f,nuu643.JJK73f,3,SMS Malware,test
6672,com.software.app,com.software.app,3,SMS Malware,train
6673,ru.droid.install,ru.droid.install,3,SMS Malware,train
6674,ee.maestro.slaming,ee.maestro.slaming,3,SMS Malware,train
6675,com.software.application,com.software.application,3,SMS Malware,train
6676,com.googleapi.cover,com.googleapi.cover,3,SMS Malware,test
6677,com.bluedragon.sa,com.bluedragon.sa,3,SMS Malware,train
6678,com.software.application,com.software.application,3,SMS Malware,train
6679,com.soft.android.appinstaller,com.soft.android.appinstaller,3,SMS Malware,train
6680,com.software.app,com.software.app,3,SMS Malware,train
6681,ovbknnfm.xwscmnoi,ovbknnfm.xwscmnoi,3,SMS Malware,test
6682,blue.water.in20160118,blue.water.in20160118,3,SMS Malware,train
6683,app.six,app.six,3,SMS Malware,validation
6685,com.android.app,com.android.app,3,SMS Malware,train
6686,fkjsgmjl.ceinnykas,fkjsgmjl.ceinnykas,3,SMS Malware,train
6687,de.docherka.muter,de.docherka.muter,3,SMS Malware,train
6688,com.pocketbunnyvids6049c.com,com.pocketbunnyvids6049c.com,3,SMS Malware,train
6689,jp.bravo.honda,jp.bravo.honda,3,SMS Malware,train
6690,xgqkjm.bfveeopo,xgqkjm.bfveeopo,3,SMS Malware,test
6691,com.software.application,com.software.application,3,SMS Malware,train
6692,install.app,install.app,3,SMS Malware,test
6693,com.android.downloader,com.android.downloader,3,SMS Malware,train
6694,com.software.application,com.software.application,3,SMS Malware,train
6695,tj.alumberinc.ruganovich,tj.alumberinc.ruganovich,3,SMS Malware,validation
6696,com.sm002,com.sm002,3,SMS Malware,train
6697,com.convertoman.proin,com.convertoman.proin,3,SMS Malware,train
6698,com.soft.android.appinstaller,com.soft.android.appinstaller,3,SMS Malware,train
6699,eu.margaritasoft.firstdevelop,eu.margaritasoft.firstdevelop,3,SMS Malware,validation
6700,nffvje.pbfibj,nffvje.pbfibj,3,SMS Malware,validation
6701,com.software.application,com.software.application,3,SMS Malware,train
6702,com.soft.android.appinstaller,com.soft.android.appinstaller,3,SMS Malware,train
6704,Jk7H.PwcD,Jk7H.PwcD,3,SMS Malware,test
6705,com.software.application,com.software.application,3,SMS Malware,train
6706,ru.android.app,ru.android.app,3,SMS Malware,test
6707,com.google.appsinstall,com.google.appsinstall,3,SMS Malware,validation
6708,com.software.application,com.software.application,3,SMS Malware,train
6709,Jk7H.PwcD,Jk7H.PwcD,3,SMS Malware,test
6710,com.soft.android.appinstaller,com.soft.android.appinstaller,3,SMS Malware,train
6711,com.android.installer.full,com.android.installer.full,3,SMS Malware,test
6712,com.app.downloader,com.app.downloader,3,SMS Malware,train
6713,uphmidhkydm.qyjxigra,uphmidhkydm.qyjxigra,3,SMS Malware,validation
6714,com.software.application,com.software.application,3,SMS Malware,train
6715,com.googleapi.org,com.googleapi.org,3,SMS Malware,validation
6716,jp.bravo.honda,jp.bravo.honda,3,SMS Malware,train
6717,com.software.application,com.software.application,3,SMS Malware,train
6718,com.android.downloader,com.android.downloader,3,SMS Malware,train
6719,ynlxcd.cwductjwjc,ynlxcd.cwductjwjc,3,SMS Malware,validation
6720,com.software.marketapp,com.software.marketapp,3,SMS Malware,train
6721,com.software.application,com.software.application,3,SMS Malware,train
6722,Jk7H.PwcD,Jk7H.PwcD,3,SMS Malware,test
6723,com.software.application,com.software.application,3,SMS Malware,train
6724,com.android.apps,com.android.apps,3,SMS Malware,train
6725,com.depositmobi,com.depositmobi,3,SMS Malware,train
6726,Jk7H.PwcD,Jk7H.PwcD,3,SMS Malware,test
6727,com.soft.android.appinstaller,com.soft.android.appinstaller,3,SMS Malware,train
6728,mwlqythh.rwbkulojmti,mwlqythh.rwbkulojmti,3,SMS Malware,train
6729,mwlqythh.rwbkulojmti,mwlqythh.rwbkulojmti,3,SMS Malware,train
6730,com.android.app,com.android.app,3,SMS Malware,train
6731,com.bratolubzet.stlstart,com.bratolubzet.stlstart,3,SMS Malware,train
6732,com.software.android.install,com.software.android.install,3,SMS Malware,train
6733,com.termate,com.termate,3,SMS Malware,train
6734,com.googleapi.cover,com.googleapi.cover,3,SMS Malware,test
6735,com.software.application,com.software.application,3,SMS Malware,train
6736,com.soft.android.appinstaller,com.soft.android.appinstaller,3,SMS Malware,train
6737,wdbpiewhmvw.bllatpxkpfi,wdbpiewhmvw.bllatpxkpfi,3,SMS Malware,validation
6738,com.johncar.terranowa,com.johncar.terranowa,3,SMS Malware,test
6739,com.software.application,com.software.application,3,SMS Malware,train
6740,com.software.application,com.software.application,3,SMS Malware,train
6741,srcdsnms.jlimwd,srcdsnms.jlimwd,3,SMS Malware,validation
6742,com.soft.android.appinstaller,com.soft.android.appinstaller,3,SMS Malware,train
6743,com.software.application,com.software.application,3,SMS Malware,train
6744,fkjsgmjl.ceinnykas,fkjsgmjl.ceinnykas,3,SMS Malware,train
6745,com.software.install,com.software.install,3,SMS Malware,train
6746,com.software.application,com.software.application,3,SMS Malware,train
6747,com.android.installer.full,com.android.installer.full,3,SMS Malware,test
6748,com.soft.android.appinstaller,com.soft.android.appinstaller,3,SMS Malware,train
6749,com.software.application,com.software.application,3,SMS Malware,train
6750,mhejoqkihc.gourea,mhejoqkihc.gourea,3,SMS Malware,train
6751,afdejlql.facbbvhir,afdejlql.facbbvhir,3,SMS Malware,test
6752,com.software.application,com.software.application,3,SMS Malware,train
6753,com.bratolubzet.stlstart,com.bratolubzet.stlstart,3,SMS Malware,train
6754,com.manufacturatinkov.instman,com.manufacturatinkov.instman,3,SMS Malware,train
6755,wap.syst,wap.syst,3,SMS Malware,test
6756,com.software.application,com.software.application,3,SMS Malware,train
6757,com.soft.android.appinstaller,com.soft.android.appinstaller,3,SMS Malware,train
6758,com.software.application,com.software.application,3,SMS Malware,train
6759,jqwnryufwbu.qlmpjr,jqwnryufwbu.qlmpjr,3,SMS Malware,train
6760,com.manufacturatinkov.instman,com.manufacturatinkov.instman,3,SMS Malware,train
6761,Jk7H.PwcD,Jk7H.PwcD,3,SMS Malware,test
6762,com.soft.android.appinstaller,com.soft.android.appinstaller,3,SMS Malware,train
6763,gamevui113.com,gamevui113.com,3,SMS Malware,train
6764,com.software.android.install,com.software.android.install,3,SMS Malware,train
6765,com.soft.android.appinstaller,com.soft.android.appinstaller,3,SMS Malware,train
6766,com.soft.android.appinstaller,com.soft.android.appinstaller,3,SMS Malware,train
6767,com.android.apps,com.android.apps,3,SMS Malware,train
6768,com.android.app,com.android.app,3,SMS Malware,train
6769,wap.syst,wap.syst,3,SMS Malware,test
6770,com.software.application,com.software.application,3,SMS Malware,train
6771,com.tvt.astore.xdownloader,com.tvt.astore.xdownloader,3,SMS Malware,validation
6772,com.software.application,com.software.application,3,SMS Malware,train
6773,com.software.application,com.software.application,3,SMS Malware,train
6774,xuvsrvpvuic.qpmngivtup,xuvsrvpvuic.qpmngivtup,3,SMS Malware,train
6775,com.software.application,com.software.application,3,SMS Malware,train
6776,com.google.elements,com.google.elements,3,SMS Malware,test
6777,ru.google.app,ru.google.app,3,SMS Malware,train
6778,com.android.installer.full,com.android.installer.full,3,SMS Malware,test
6779,ru.apps.android,ru.apps.android,3,SMS Malware,test
6780,com.software.application,com.software.application,3,SMS Malware,train
6781,com.apps.pack,com.apps.pack,3,SMS Malware,test
6782,ru.apps.android,ru.apps.android,3,SMS Malware,test
6783,com.soft.android.appinstaller,com.soft.android.appinstaller,3,SMS Malware,train
6784,ewqjula.vderhjmfxb,ewqjula.vderhjmfxb,3,SMS Malware,train
6785,com.software.application,com.software.application,3,SMS Malware,train
6786,com.android.appupdate,com.android.appupdate,3,SMS Malware,test
6787,ru.android.apps,ru.android.apps,3,SMS Malware,train
6788,com.android.appupdate,com.android.appupdate,3,SMS Malware,test
6790,com.software.application,com.software.application,3,SMS Malware,train
6791,com.soft.android.appinstaller,com.soft.android.appinstaller,3,SMS Malware,train
6792,com.software.application,com.software.application,3,SMS Malware,train
6793,com.software.opera,com.software.opera,3,SMS Malware,validation
6794,com.software.application,com.software.application,3,SMS Malware,train
6795,ru.apps.android,ru.apps.android,3,SMS Malware,test
6796,com.apps.android,com.apps.android,3,SMS Malware,test
6797,com.software.application,com.software.application,3,SMS Malware,train
6798,com.software.application,com.software.application,3,SMS Malware,train
6799,com.android.app,com.android.app,3,SMS Malware,train
6800,com.software.marketapp,com.software.marketapp,3,SMS Malware,train
6802,com.software.application,com.software.application,3,SMS Malware,train
6803,com.app.installer,com.app.installer,3,SMS Malware,train
6804,com.software.application,com.software.application,3,SMS Malware,train
6805,com.software.application,com.software.application,3,SMS Malware,train
6806,com.convertoman.proin,com.convertoman.proin,3,SMS Malware,train
6807,com.bluedragon.sa,com.bluedragon.sa,3,SMS Malware,train
6808,astyu.nbhjt,astyu.nbhjt,3,SMS Malware,train
6809,com.googleapi.cover,com.googleapi.cover,3,SMS Malware,test
6810,yhonvqb.qaolckwnvj,yhonvqb.qaolckwnvj,3,SMS Malware,test
6811,ru.droid.install,ru.droid.install,3,SMS Malware,train
6812,ru.google.apps,ru.google.apps,3,SMS Malware,test
6813,com.software.application,com.software.application,3,SMS Malware,train
6814,com.software.application,com.software.application,3,SMS Malware,train
6815,tj.alumberinc.ruganovich,tj.alumberinc.ruganovich,3,SMS Malware,validation
6816,com.software.application,com.software.application,3,SMS Malware,train
6817,jp.bravo.honda,jp.bravo.honda,3,SMS Malware,train
6818,com.apps.pack,com.apps.pack,3,SMS Malware,test
6819,com.soft.android.appinstaller,com.soft.android.appinstaller,3,SMS Malware,train
6821,com.software.application,com.software.application,3,SMS Malware,train
6822,com.android.apps,com.android.apps,3,SMS Malware,train
6823,com.soft.android.appinstaller,com.soft.android.appinstaller,3,SMS Malware,train
6824,com.software.application,com.software.application,3,SMS Malware,train
6825,ngjvnpslnp.iplhmk,ngjvnpslnp.iplhmk,3,SMS Malware,test
6826,com.soft.android.appinstaller,com.soft.android.appinstaller,3,SMS Malware,train
6827,sbk.game.free,sbk.game.free,3,SMS Malware,test
6828,com.bratolubzet.stlstart,com.bratolubzet.stlstart,3,SMS Malware,train
6829,com.software.application,com.software.application,3,SMS Malware,train
6830,com.software.application,com.software.application,3,SMS Malware,train
6831,jp.bravo.honda,jp.bravo.honda,3,SMS Malware,train
6832,com.soft.android.appinstaller,com.soft.android.appinstaller,3,SMS Malware,train
6833,eu.margaritasoft.firstdevelop,eu.margaritasoft.firstdevelop,3,SMS Malware,validation
6834,eu.margaritasoft.firstdevelop,eu.margaritasoft.firstdevelop,3,SMS Malware,validation
6835,com.hamedia.gamestore,com.hamedia.gamestore,3,SMS Malware,train
6836,com.depositmobi,com.depositmobi,3,SMS Malware,train
6837,com.software.application,com.software.application,3,SMS Malware,train
6838,com.soft.android.appinstaller,com.soft.android.appinstaller,3,SMS Malware,train
6839,srcdsnms.jlimwd,srcdsnms.jlimwd,3,SMS Malware,validation
6841,install.app,install.app,3,SMS Malware,test
6842,com.soft.android.appinstaller,com.soft.android.appinstaller,3,SMS Malware,train
6843,com.convertoman.proin,com.convertoman.proin,3,SMS Malware,train
6844,com.software.application,com.software.application,3,SMS Malware,train
6845,yhonvqb.qaolckwnvj,yhonvqb.qaolckwnvj,3,SMS Malware,test
6846,com.depositmobi,com.depositmobi,3,SMS Malware,train
6848,com.software.android.install,com.software.android.install,3,SMS Malware,train
6849,ovbknnfm.xwscmnoi,ovbknnfm.xwscmnoi,3,SMS Malware,test
6850,jyiaivi.ohduxbbylb,jyiaivi.ohduxbbylb,3,SMS Malware,validation
6851,com.filesjam,com.filesjam,3,SMS Malware,train
6852,com.android.app,com.android.app,3,SMS Malware,train
6853,Jk7H.PwcD,Jk7H.PwcD,3,SMS Malware,test
6854,ru.zveryatki.stado,ru.zveryatki.stado,3,SMS Malware,train
6855,tj.alumberinc.ruganovich,tj.alumberinc.ruganovich,3,SMS Malware,validation
6856,net.mwkek,net.mwkek,3,SMS Malware,test
6857,tj.alumberinc.ruganovich,tj.alumberinc.ruganovich,3,SMS Malware,validation
6858,ynlxcd.cwductjwjc,ynlxcd.cwductjwjc,3,SMS Malware,validation
6859,com.soft.android.appinstaller,com.soft.android.appinstaller,3,SMS Malware,train
6860,com.android.installer.full,com.android.installer.full,3,SMS Malware,test
6861,nmwurmoxc.vwtavlp,nmwurmoxc.vwtavlp,3,SMS Malware,train
6862,com.software.install,com.software.install,3,SMS Malware,train
6863,frhfsd.siksdk.ujdsfjkfsd,frhfsd.siksdk.ujdsfjkfsd,3,SMS Malware,train
6864,lojofdnpb.gsqgxtbmh,lojofdnpb.gsqgxtbmh,3,SMS Malware,test
6865,Jk7H.PwcD,Jk7H.PwcD,3,SMS Malware,test
6866,com.software.application,com.software.application,3,SMS Malware,train
6867,fkjsgmjl.ceinnykas,fkjsgmjl.ceinnykas,3,SMS Malware,train
6868,com.software.application,com.software.application,3,SMS Malware,train
6869,org.google,org.google,3,SMS Malware,train
6870,com.soft.android.appinstaller,com.soft.android.appinstaller,3,SMS Malware,train
6871,com.googleapi.cover,com.googleapi.cover,3,SMS Malware,test
6872,com.software.application,com.software.application,3,SMS Malware,train
6873,com.soft.android.appinstaller,com.soft.android.appinstaller,3,SMS Malware,train
6874,com.convertoman.proin,com.convertoman.proin,3,SMS Malware,train
6875,com.software.application,com.software.application,3,SMS Malware,train
6876,com.depositmobi,com.depositmobi,3,SMS Malware,train
6877,com.termate,com.termate,3,SMS Malware,train
6878,com.android.apps,com.android.apps,3,SMS Malware,train
6879,com.software.application,com.software.application,3,SMS Malware,train
6880,ru.system.android,ru.system.android,3,SMS Malware,train
6881,com.software.app,com.software.app,3,SMS Malware,train
6882,com.depositmobi,com.depositmobi,3,SMS Malware,train
6883,com.software.application,com.software.application,3,SMS Malware,train
6884,com.apps.android,com.apps.android,3,SMS Malware,test
6885,com.depositmobi,com.depositmobi,3,SMS Malware,train
6886,install.app,install.app,3,SMS Malware,test
6887,com.software.application,com.software.application,3,SMS Malware,train
6888,rom.jonas.eley,rom.jonas.eley,3,SMS Malware,validation
6889,ngjvnpslnp.iplhmk,ngjvnpslnp.iplhmk,3,SMS Malware,test
6890,com.system.update_setting,com.system.update_setting,3,SMS Malware,train
6891,com.soft.android.appinstaller,com.soft.android.appinstaller,3,SMS Malware,train
6892,ekdrjuhjaih.qyofplge,ekdrjuhjaih.qyofplge,3,SMS Malware,train
6893,com.software.application,com.software.application,3,SMS Malware,train
6894,astyu.nbhjt,astyu.nbhjt,3,SMS Malware,train
6896,ngjvnpslnp.iplhmk,ngjvnpslnp.iplhmk,3,SMS Malware,test
6897,com.soft.android.appinstaller,com.soft.android.appinstaller,3,SMS Malware,train
6898,com.software.application,com.software.application,3,SMS Malware,train
6899,com.software.application,com.software.application,3,SMS Malware,train
6900,com.soft.android.appinstaller,com.soft.android.appinstaller,3,SMS Malware,train
6901,ru.android.apps,ru.android.apps,3,SMS Malware,train
6902,ru.misha.smsbuy,ru.misha.smsbuy,3,SMS Malware,train
6903,com.software.app,com.software.app,3,SMS Malware,train
6904,com.software.application,com.software.application,3,SMS Malware,train
6905,kudgofcpa.cdddbuto,kudgofcpa.cdddbuto,3,SMS Malware,train
6906,com.software.application,com.software.application,3,SMS Malware,train
6907,com.onlygoodcompass.wedoourbest,com.onlygoodcompass.wedoourbest,3,SMS Malware,train
6908,com.depositmobi,com.depositmobi,3,SMS Malware,train
6909,com.software.application,com.software.application,3,SMS Malware,train
6910,ru.installer.droid,ru.installer.droid,3,SMS Malware,train
6911,com.soft.android.appinstaller,com.soft.android.appinstaller,3,SMS Malware,train
6912,com.software.application,com.software.application,3,SMS Malware,train
6913,ngjvnpslnp.iplhmk,ngjvnpslnp.iplhmk,3,SMS Malware,test
6914,com.bratolubzet.stlstart,com.bratolubzet.stlstart,3,SMS Malware,train
6915,pmjwjd.ijtyuoo,pmjwjd.ijtyuoo,3,SMS Malware,train
6916,net.android.apps,net.android.apps,3,SMS Malware,train
6917,tj.alumberinc.ruganovich,tj.alumberinc.ruganovich,3,SMS Malware,validation
6918,com.software.application,com.software.application,3,SMS Malware,train
6919,kudgofcpa.cdddbuto,kudgofcpa.cdddbuto,3,SMS Malware,train
6920,com.software.app,com.software.app,3,SMS Malware,train
6921,rom.jonas.eley,rom.jonas.eley,3,SMS Malware,validation
6922,yhonvqb.qaolckwnvj,yhonvqb.qaolckwnvj,3,SMS Malware,test
6923,com.software.app,com.software.app,3,SMS Malware,train
6925,com.software.application,com.software.application,3,SMS Malware,train
6926,com.convertoman.proin,com.convertoman.proin,3,SMS Malware,train
6927,gvvwtjh.btvamydntnm,gvvwtjh.btvamydntnm,3,SMS Malware,train
6928,com.depositmobi,com.depositmobi,3,SMS Malware,train
6929,brendsu.gamedemo,brendsu.gamedemo,3,SMS Malware,train
6930,com.software.application,com.software.application,3,SMS Malware,train
6931,ynlxcd.cwductjwjc,ynlxcd.cwductjwjc,3,SMS Malware,validation
6932,com.software.application,com.software.application,3,SMS Malware,train
6933,com.soft.android.appinstaller,com.soft.android.appinstaller,3,SMS Malware,train
6934,com.googleapi.cover,com.googleapi.cover,3,SMS Malware,test
6935,fhvm.vnnej,fhvm.vnnej,3,SMS Malware,train
6936,com.android.app,com.android.app,3,SMS Malware,train
6937,com.googleapi.cover,com.googleapi.cover,3,SMS Malware,test
6938,ngjvnpslnp.iplhmk,ngjvnpslnp.iplhmk,3,SMS Malware,test
6939,vbkoxh.cswnpr,vbkoxh.cswnpr,3,SMS Malware,validation
6940,com.software.application,com.software.application,3,SMS Malware,train
6941,com.software.application,com.software.application,3,SMS Malware,train
6942,wip.click.master,wip.click.master,3,SMS Malware,train
6943,ynlxcd.cwductjwjc,ynlxcd.cwductjwjc,3,SMS Malware,validation
6944,ngjvnpslnp.iplhmk,ngjvnpslnp.iplhmk,3,SMS Malware,test
6945,com.software.application,com.software.application,3,SMS Malware,train
6946,com.android.apps,com.android.apps,3,SMS Malware,train
6947,com.software.application,com.software.application,3,SMS Malware,train
6948,ouepxayhr.efutel,ouepxayhr.efutel,3,SMS Malware,train
6949,com.bratolubzet.stlstart,com.bratolubzet.stlstart,3,SMS Malware,train
6950,com.software.application,com.software.application,3,SMS Malware,train
6951,xgqkjm.bfveeopo,xgqkjm.bfveeopo,3,SMS Malware,test
6952,fkjsgmjl.ceinnykas,fkjsgmjl.ceinnykas,3,SMS Malware,train
6953,com.software.application,com.software.application,3,SMS Malware,train
6955,com.software.application,com.software.application,3,SMS Malware,train
6956,ru.android.apps,ru.android.apps,3,SMS Malware,train
6957,com.soft.android.appinstaller,com.soft.android.appinstaller,3,SMS Malware,train
6958,com.android.app,com.android.app,3,SMS Malware,train
6959,com.soft.android.appinstaller,com.soft.android.appinstaller,3,SMS Malware,train
6960,com.software.application,com.software.application,3,SMS Malware,train
6961,com.termate,com.termate,3,SMS Malware,train
6962,com.software.application,com.software.application,3,SMS Malware,train
6963,com.satismangrooup.stlstart,com.satismangrooup.stlstart,3,SMS Malware,train
6964,ngjvnpslnp.iplhmk,ngjvnpslnp.iplhmk,3,SMS Malware,test
6965,com.registr.registrator,com.registr.registrator,3,SMS Malware,test
6966,com.bratolubzet.stlstart,com.bratolubzet.stlstart,3,SMS Malware,train
6967,com.software.application,com.software.application,3,SMS Malware,train
6968,com.android.installer.full,com.android.installer.full,3,SMS Malware,test
6969,tp5x.WGt12,tp5x.WGt12,3,SMS Malware,train
6970,com.software.application,com.software.application,3,SMS Malware,train
6971,green.stone.br20160829,green.stone.br20160829,3,SMS Malware,train
6972,yhonvqb.qaolckwnvj,yhonvqb.qaolckwnvj,3,SMS Malware,test
6973,com.software.application,com.software.application,3,SMS Malware,train
6975,com.soft.installer,com.soft.installer,3,SMS Malware,test
6976,com.android.apps,com.android.apps,3,SMS Malware,train
6977,com.software.application,com.software.application,3,SMS Malware,train
6978,com.software.application,com.software.application,3,SMS Malware,train
6979,net.install.app,net.install.app,3,SMS Malware,validation
6980,com.software.application,com.software.application,3,SMS Malware,train
6981,com.convertoman.proin,com.convertoman.proin,3,SMS Malware,train
6982,jyiaivi.ohduxbbylb,jyiaivi.ohduxbbylb,3,SMS Malware,validation
6984,com.software.installer,com.software.installer,3,SMS Malware,train
6985,ngjvnpslnp.iplhmk,ngjvnpslnp.iplhmk,3,SMS Malware,test
6986,com.soft.installer,com.soft.installer,3,SMS Malware,test
6987,bptxrgewk.ireknoyp,bptxrgewk.ireknoyp,3,SMS Malware,test
6988,com.software.application,com.software.application,3,SMS Malware,train
6989,com.software.cover,com.software.cover,3,SMS Malware,validation
6990,lsdblatmcak.weobfov,lsdblatmcak.weobfov,3,SMS Malware,test
6991,com.apps.android,com.apps.android,3,SMS Malware,test
6992,com.depositmobi,com.depositmobi,3,SMS Malware,train
6993,com.software.application,com.software.application,3,SMS Malware,train
6994,com.software.application,com.software.application,3,SMS Malware,train
6995,com.software.application,com.software.application,3,SMS Malware,train
6996,com.software.application,com.software.application,3,SMS Malware,train
6997,com.soft.android.appinstaller,com.soft.android.appinstaller,3,SMS Malware,train
6998,astyu.nbhjt,astyu.nbhjt,3,SMS Malware,train
6999,com.software.application,com.software.application,3,SMS Malware,train
7000,com.software.application,com.software.application,3,SMS Malware,train
7001,com.software.application,com.software.application,3,SMS Malware,train
7002,vbkoxh.cswnpr,vbkoxh.cswnpr,3,SMS Malware,validation
7003,com.software.application,com.software.application,3,SMS Malware,train
7004,kudgofcpa.cdddbuto,kudgofcpa.cdddbuto,3,SMS Malware,train
7005,vbkoxh.cswnpr,vbkoxh.cswnpr,3,SMS Malware,validation
7006,ngjvnpslnp.iplhmk,ngjvnpslnp.iplhmk,3,SMS Malware,test
7007,com.some.common,com.some.common,3,SMS Malware,test
7008,com.tvt.astore.xdownloader,com.tvt.astore.xdownloader,3,SMS Malware,validation
7009,com.soft.android.appinstaller,com.soft.android.appinstaller,3,SMS Malware,train
7010,com.googleapi.cover,com.googleapi.cover,3,SMS Malware,test
7011,bptxrgewk.ireknoyp,bptxrgewk.ireknoyp,3,SMS Malware,test
7012,com.getpay.update,com.getpay.update,3,SMS Malware,train
7013,Jk7H.PwcD,Jk7H.PwcD,3,SMS Malware,test
7014,jp.bravo.honda,jp.bravo.honda,3,SMS Malware,train
7015,com.depositmobi,com.depositmobi,3,SMS Malware,train
7016,com.software.app,com.software.app,3,SMS Malware,train
7017,com.androids.update,com.androids.update,3,SMS Malware,test
7018,tj.alumberinc.ruganovich,tj.alumberinc.ruganovich,3,SMS Malware,validation
7020,com.soft.android.appinstaller,com.soft.android.appinstaller,3,SMS Malware,train
7022,com.soft.android.appinstaller,com.soft.android.appinstaller,3,SMS Malware,train
7023,com.software.application,com.software.application,3,SMS Malware,train
7024,com.software.application,com.software.application,3,SMS Malware,train
7025,ru.install.opera,ru.install.opera,3,SMS Malware,train
7026,com.soft.android.appinstaller,com.soft.android.appinstaller,3,SMS Malware,train
7027,com.software.app,com.software.app,3,SMS Malware,train
7028,tp5x.WGt12,tp5x.WGt12,3,SMS Malware,train
7029,xhasljrqfs.pufmxjganpe,xhasljrqfs.pufmxjganpe,3,SMS Malware,validation
7030,com.nullsoft.active,com.nullsoft.active,3,SMS Malware,train
7031,ekdrjuhjaih.qyofplge,ekdrjuhjaih.qyofplge,3,SMS Malware,train
7032,org.google.app,org.google.app,3,SMS Malware,train
7033,com.software.application,com.software.application,3,SMS Malware,train
7034,com.software.application,com.software.application,3,SMS Malware,train
7035,com.opera.install,com.opera.install,3,SMS Malware,train
7036,net.os.android,net.os.android,3,SMS Malware,train
7037,com.satismangrooup.stlstart,com.satismangrooup.stlstart,3,SMS Malware,train
7038,com.soft.android.appinstaller,com.soft.android.appinstaller,3,SMS Malware,train
7039,yhonvqb.qaolckwnvj,yhonvqb.qaolckwnvj,3,SMS Malware,test
7040,com.software.application,com.software.application,3,SMS Malware,train
7041,ru.android.apps,ru.android.apps,3,SMS Malware,train
7042,com.soft.install,com.soft.install,3,SMS Malware,validation
7043,yhonvqb.qaolckwnvj,yhonvqb.qaolckwnvj,3,SMS Malware,test
7044,com.software.application,com.software.application,3,SMS Malware,train
7045,com.software.application,com.software.application,3,SMS Malware,train
7046,com.soft.android.appinstaller,com.soft.android.appinstaller,3,SMS Malware,train
7047,com.software.application,com.software.application,3,SMS Malware,train
7048,com.android.shine,com.android.shine,3,SMS Malware,test
7049,com.software.application,com.software.application,3,SMS Malware,train
7050,srcdsnms.jlimwd,srcdsnms.jlimwd,3,SMS Malware,validation
7051,jyiaivi.ohduxbbylb,jyiaivi.ohduxbbylb,3,SMS Malware,validation
7052,ru.system.android,ru.system.android,3,SMS Malware,train
7053,com.software.application,com.software.application,3,SMS Malware,train
7054,rom.jonas.eley,rom.jonas.eley,3,SMS Malware,validation
7055,com.convertoman.proin,com.convertoman.proin,3,SMS Malware,train
7056,Jk7H.PwcD,Jk7H.PwcD,3,SMS Malware,test
7057,com.software.application,com.software.application,3,SMS Malware,train
7058,oagcvlrff.mmheesr,oagcvlrff.mmheesr,3,SMS Malware,train
7060,kudgofcpa.cdddbuto,kudgofcpa.cdddbuto,3,SMS Malware,train
7061,rom.jonas.eley,rom.jonas.eley,3,SMS Malware,validation
7062,wip.click.master,wip.click.master,3,SMS Malware,train
7063,com.software.application,com.software.application,3,SMS Malware,train
7064,com.software.application,com.software.application,3,SMS Malware,train
7065,com.software.application,com.software.application,3,SMS Malware,train
7066,com.googleapps.ru,com.googleapps.ru,3,SMS Malware,train
7067,com.android.app,com.android.app,3,SMS Malware,train
7068,qffhro.himfnyda,qffhro.himfnyda,3,SMS Malware,train
7069,com.depositmobi,com.depositmobi,3,SMS Malware,train
7070,com.software.application,com.software.application,3,SMS Malware,train
7071,dfjg6.Gtr6H,dfjg6.Gtr6H,3,SMS Malware,train
7072,com.soft.android.appinstaller,com.soft.android.appinstaller,3,SMS Malware,train
7073,com.software.application,com.software.application,3,SMS Malware,train
7074,com.soft.content,com.soft.content,3,SMS Malware,train
7075,yhonvqb.qaolckwnvj,yhonvqb.qaolckwnvj,3,SMS Malware,test
7076,com.software.apk,com.software.apk,3,SMS Malware,validation
7077,com.software.application,com.software.application,3,SMS Malware,train
7078,com.software.application,com.software.application,3,SMS Malware,train
7079,com.software.application,com.software.application,3,SMS Malware,train
7080,ru.getcorvin.mettir,ru.getcorvin.mettir,3,SMS Malware,train
7081,yhonvqb.qaolckwnvj,yhonvqb.qaolckwnvj,3,SMS Malware,test
7082,com.bratolubzet.stlstart,com.bratolubzet.stlstart,3,SMS Malware,train
7083,ru.download.manager,ru.download.manager,3,SMS Malware,validation
7084,online_tv.app,online_tv.app,3,SMS Malware,train
7085,com.software.application,com.software.application,3,SMS Malware,train
7086,com.software.application,com.software.application,3,SMS Malware,train
7087,fhvm.vnnej,fhvm.vnnej,3,SMS Malware,train
7088,com.app.android,com.app.android,3,SMS Malware,validation
7089,com.soft.android.appinstaller,com.soft.android.appinstaller,3,SMS Malware,train
7090,yhonvqb.qaolckwnvj,yhonvqb.qaolckwnvj,3,SMS Malware,test
7091,ouepxayhr.efutel,ouepxayhr.efutel,3,SMS Malware,train
7092,com.soft.android.appinstaller,com.soft.android.appinstaller,3,SMS Malware,train
7093,com.software.application,com.software.application,3,SMS Malware,train
7094,jp.bravo.honda,jp.bravo.honda,3,SMS Malware,train
7095,com.software.application,com.software.application,3,SMS Malware,train
7096,ru.apps.android,ru.apps.android,3,SMS Malware,test
7097,jp.bravo.honda,jp.bravo.honda,3,SMS Malware,train
7098,ngjvnpslnp.iplhmk,ngjvnpslnp.iplhmk,3,SMS Malware,test
7099,com.apps.android,com.apps.android,3,SMS Malware,test
7100,gvvwtjh.btvamydntnm,gvvwtjh.btvamydntnm,3,SMS Malware,train
7101,ru.android.apps,ru.android.apps,3,SMS Malware,train
7102,com.soft.android.appinstaller,com.soft.android.appinstaller,3,SMS Malware,train
7103,yhonvqb.qaolckwnvj,yhonvqb.qaolckwnvj,3,SMS Malware,test
7104,com.software.application,com.software.application,3,SMS Malware,train
7105,com.software.application,com.software.application,3,SMS Malware,train
7107,ru.download.manager,ru.download.manager,3,SMS Malware,validation
7108,com.googleapi.cover,com.googleapi.cover,3,SMS Malware,test
7109,com.reg,com.reg,3,SMS Malware,train
7110,com.soft.android.appinstaller,com.soft.android.appinstaller,3,SMS Malware,train
7111,ngjvnpslnp.iplhmk,ngjvnpslnp.iplhmk,3,SMS Malware,test
7112,com.mycontainer,com.mycontainer,3,SMS Malware,validation
7113,com.android.adult,com.android.adult,3,SMS Malware,test
7114,com.software.application,com.software.application,3,SMS Malware,train
7115,yhonvqb.qaolckwnvj,yhonvqb.qaolckwnvj,3,SMS Malware,test
7116,com.googleapi.cover,com.googleapi.cover,3,SMS Malware,test
7117,rrreh.nyur,rrreh.nyur,3,SMS Malware,validation
7118,com.software.application,com.software.application,3,SMS Malware,train
7119,com.apps.pack,com.apps.pack,3,SMS Malware,test
7120,com.software.application,com.software.application,3,SMS Malware,train
7121,com.software.application,com.software.application,3,SMS Malware,train
7122,com.depositmobi,com.depositmobi,3,SMS Malware,train
7123,com.soft.android.appinstaller,com.soft.android.appinstaller,3,SMS Malware,train
7124,ngjvnpslnp.iplhmk,ngjvnpslnp.iplhmk,3,SMS Malware,test
7125,xgikgppv.ceqodeg,xgikgppv.ceqodeg,3,SMS Malware,train
7126,Jk7H.PwcD,Jk7H.PwcD,3,SMS Malware,test
7127,ovbknnfm.xwscmnoi,ovbknnfm.xwscmnoi,3,SMS Malware,test
7128,com.software.application,com.software.application,3,SMS Malware,train
7129,com.depositmobi,com.depositmobi,3,SMS Malware,train
7130,ru.android.apps,ru.android.apps,3,SMS Malware,train
7131,Jk7H.PwcD,Jk7H.PwcD,3,SMS Malware,test
7132,com.app.android,com.app.android,3,SMS Malware,validation
7133,yhonvqb.qaolckwnvj,yhonvqb.qaolckwnvj,3,SMS Malware,test
7134,lOlOOo.IoOlCIoCllo,lOlOOo.IoOlCIoCllo,3,SMS Malware,train
7135,xgqkjm.bfveeopo,xgqkjm.bfveeopo,3,SMS Malware,test
7136,wdbpiewhmvw.bllatpxkpfi,wdbpiewhmvw.bllatpxkpfi,3,SMS Malware,validation
7137,com.software.application,com.software.application,3,SMS Malware,train
7138,ngjvnpslnp.iplhmk,ngjvnpslnp.iplhmk,3,SMS Malware,test
7139,com.software.application,com.software.application,3,SMS Malware,train
7140,com.soft.android.appinstaller,com.soft.android.appinstaller,3,SMS Malware,train
7141,com.googleapi.cover,com.googleapi.cover,3,SMS Malware,test
7142,vbkoxh.cswnpr,vbkoxh.cswnpr,3,SMS Malware,validation
7143,aiChoor9.cai6Ood0,aiChoor9.cai6Ood0,3,SMS Malware,validation
7144,com.software.application,com.software.application,3,SMS Malware,train
7145,com.example.voltz,com.example.voltz,3,SMS Malware,train
7146,net.os.android,net.os.android,3,SMS Malware,train
7147,com.soft.android.appinstaller,com.soft.android.appinstaller,3,SMS Malware,train
7148,glwlbb.eyfwmaung,glwlbb.eyfwmaung,3,SMS Malware,validation
7149,com.soft.android.appinstaller,com.soft.android.appinstaller,3,SMS Malware,train
7151,com.software.application,com.software.application,3,SMS Malware,train
7152,com.software.application,com.software.application,3,SMS Malware,train
7153,com.soft.android.appinstaller,com.soft.android.appinstaller,3,SMS Malware,train
7154,Jk7H.PwcD,Jk7H.PwcD,3,SMS Malware,test
7155,eu.margaritasoft.firstdevelop,eu.margaritasoft.firstdevelop,3,SMS Malware,validation
7156,tj.alumberinc.ruganovich,tj.alumberinc.ruganovich,3,SMS Malware,validation
7157,com.software.application,com.software.application,3,SMS Malware,train
7158,yhonvqb.qaolckwnvj,yhonvqb.qaolckwnvj,3,SMS Malware,test
7159,yhonvqb.qaolckwnvj,yhonvqb.qaolckwnvj,3,SMS Malware,test
7160,com.software.application,com.software.application,3,SMS Malware,train
7161,vbkoxh.cswnpr,vbkoxh.cswnpr,3,SMS Malware,validation
7162,com.software.application,com.software.application,3,SMS Malware,train
7163,com.software.application,com.software.application,3,SMS Malware,train
7165,com.drweb,com.drweb,3,SMS Malware,validation
7166,com.software.application,com.software.application,3,SMS Malware,train
7167,online_tv.app,online_tv.app,3,SMS Malware,train
7168,vbkoxh.cswnpr,vbkoxh.cswnpr,3,SMS Malware,validation
7169,com.android.appupdate,com.android.appupdate,3,SMS Malware,test
7170,com.soft.android.appinstaller,com.soft.android.appinstaller,3,SMS Malware,train
7172,Jk7H.PwcD,Jk7H.PwcD,3,SMS Malware,test
7173,ofpduju.uyftwlgitb,ofpduju.uyftwlgitb,3,SMS Malware,train
7174,com.software.application,com.software.application,3,SMS Malware,train
7176,com.software.application,com.software.application,3,SMS Malware,train
7177,com.software.application,com.software.application,3,SMS Malware,train
7178,kjplwxewy.wqpwdbfu,kjplwxewy.wqpwdbfu,3,SMS Malware,train
7179,midlet.com,midlet.com,3,SMS Malware,train
7181,com.software.application,com.software.application,3,SMS Malware,train
7182,online_tv.app,online_tv.app,3,SMS Malware,train
7183,com.dnd.media.app,com.dnd.media.app,3,SMS Malware,train
7184,Jk7H.PwcD,Jk7H.PwcD,3,SMS Malware,test
7185,com.software.application,com.software.application,3,SMS Malware,train
7186,nuu643.JJK73f,nuu643.JJK73f,3,SMS Malware,test
7187,ovbknnfm.xwscmnoi,ovbknnfm.xwscmnoi,3,SMS Malware,test
7188,com.mycontainer,com.mycontainer,3,SMS Malware,validation
7189,com.depositmobi,com.depositmobi,3,SMS Malware,train
7190,com.software.app,com.software.app,3,SMS Malware,train
7191,nuu643.JJK73f,nuu643.JJK73f,3,SMS Malware,test
7192,com.software.application,com.software.application,3,SMS Malware,train
7193,com.opera.mini.android,com.opera.mini.android,3,SMS Malware,train
7194,bptxrgewk.ireknoyp,bptxrgewk.ireknoyp,3,SMS Malware,test
7196,com.googleapi.org,com.googleapi.org,3,SMS Malware,validation
7197,com.depositmobi,com.depositmobi,3,SMS Malware,train
7198,com.software.application,com.software.application,3,SMS Malware,train
7199,com.googleapi.cover,com.googleapi.cover,3,SMS Malware,test
7200,Thee3.yua.Uachohc6,Thee3.yua.Uachohc6,3,SMS Malware,test
7201,com.android.apps,com.android.apps,3,SMS Malware,train
7202,com.software.application,com.software.application,3,SMS Malware,train
7203,com.software.application,com.software.application,3,SMS Malware,train
7204,ngjvnpslnp.iplhmk,ngjvnpslnp.iplhmk,3,SMS Malware,test
7205,lOlOOo.IoOlCIoCllo,lOlOOo.IoOlCIoCllo,3,SMS Malware,train
7206,com.software.app,com.software.app,3,SMS Malware,train
7207,tpmcpil.ytsgijs,tpmcpil.ytsgijs,3,SMS Malware,train
7208,app.apk,app.apk,3,SMS Malware,train
7209,com.android.apps,com.android.apps,3,SMS Malware,train
7210,com.manufacturatinkov.instman,com.manufacturatinkov.instman,3,SMS Malware,train
7211,com.apps.pack,com.apps.pack,3,SMS Malware,test
7212,flash.app,flash.app,3,SMS Malware,test
7213,com.depositmobi,com.depositmobi,3,SMS Malware,train
7214,com.software.app,com.software.app,3,SMS Malware,train
7215,com.depositmobi,com.depositmobi,3,SMS Malware,train
7216,com.software.application,com.software.application,3,SMS Malware,train
7217,com.convertoman.proin,com.convertoman.proin,3,SMS Malware,train
7218,app.six,app.six,3,SMS Malware,validation
7219,com.soft.install,com.soft.install,3,SMS Malware,validation
7220,com.opera.installer,com.opera.installer,3,SMS Malware,validation
7221,pmjwjd.ijtyuoo,pmjwjd.ijtyuoo,3,SMS Malware,train
7222,ovbknnfm.xwscmnoi,ovbknnfm.xwscmnoi,3,SMS Malware,test
7223,ngjvnpslnp.iplhmk,ngjvnpslnp.iplhmk,3,SMS Malware,test
7224,com.software.application,com.software.application,3,SMS Malware,train
7225,com.soft.android.appinstaller,com.soft.android.appinstaller,3,SMS Malware,train
7226,kudgofcpa.cdddbuto,kudgofcpa.cdddbuto,3,SMS Malware,train
7227,com.software.application,com.software.application,3,SMS Malware,train
7228,com.bratolubzet.stlstart,com.bratolubzet.stlstart,3,SMS Malware,train
7229,com.software.application,com.software.application,3,SMS Malware,train
7230,ngjvnpslnp.iplhmk,ngjvnpslnp.iplhmk,3,SMS Malware,test
7231,com.android.update,com.android.update,3,SMS Malware,test
7232,rom.jonas.eley,rom.jonas.eley,3,SMS Malware,validation
7233,com.software.application,com.software.application,3,SMS Malware,train
7234,com.software.app,com.software.app,3,SMS Malware,train
7235,jp.bravo.honda,jp.bravo.honda,3,SMS Malware,train
7236,yhonvqb.qaolckwnvj,yhonvqb.qaolckwnvj,3,SMS Malware,test
7238,com.software.application,com.software.application,3,SMS Malware,train
7239,com.software.application,com.software.application,3,SMS Malware,train
7240,Jk7H.PwcD,Jk7H.PwcD,3,SMS Malware,test
7241,com.prestigio.achros,com.prestigio.achros,3,SMS Malware,train
7242,com.soft.android.appinstaller,com.soft.android.appinstaller,3,SMS Malware,train
7243,com.googleapi.cover,com.googleapi.cover,3,SMS Malware,test
7244,com.app.bot,com.app.bot,3,SMS Malware,train
7245,com.convertoman.proin,com.convertoman.proin,3,SMS Malware,train
7246,QueiD9ej.ezahS1gi,QueiD9ej.ezahS1gi,3,SMS Malware,validation
7247,com.googleapi.cover,com.googleapi.cover,3,SMS Malware,test
7248,com.soft.android.appinstaller,com.soft.android.appinstaller,3,SMS Malware,train
7249,com.googleapi.org,com.googleapi.org,3,SMS Malware,validation
7250,com.software.application,com.software.application,3,SMS Malware,train
7251,com.depositmobi,com.depositmobi,3,SMS Malware,train
7252,com.software.application,com.software.application,3,SMS Malware,train
7253,ngjvnpslnp.iplhmk,ngjvnpslnp.iplhmk,3,SMS Malware,test
7254,net.os.android,net.os.android,3,SMS Malware,train
7255,com.software.application,com.software.application,3,SMS Malware,train
7256,yhonvqb.qaolckwnvj,yhonvqb.qaolckwnvj,3,SMS Malware,test
7257,cn.china.people.www,cn.china.people.www,4,Riskware,train
7258,game.cjfxms.packagems20.xlj,game.cjfxms.packagems20.xlj,4,Riskware,test
7259,com.kdo.obqjxr,com.kdo.obqjxr,4,Riskware,train
7260,com.dci.nxpzdl,com.dci.nxpzdl,4,Riskware,train
7262,com.ljo.ialfab,com.ljo.ialfab,4,Riskware,train
7263,com.fi.block.strike,com.fi.block.strike,4,Riskware,test
7264,com.sbkmi.gv.ly.qap,com.sbkmi.gv.ly.qap,4,Riskware,train
7265,com.fourpoints.fourpointsgame,com.fourpoints.fourpointsgame,4,Riskware,validation
7266,psg.nll.edbvuo.tcbmwsyb,psg.nll.edbvuo.tcbmwsyb,4,Riskware,test
7267,com.vws.nphwdl,com.vws.nphwdl,4,Riskware,train
7268,com.free.appdownload,com.free.appdownload,4,Riskware,validation
7269,com.herocraft.game.treasuresofthedeep,com.herocraft.game.treasuresofthedeep,4,Riskware,train
7270,edu.gentlewoman.credulity,edu.gentlewoman.credulity,4,Riskware,train
7271,com.kkjhgdd223cdcpoiy.android,com.kkjhgdd223cdcpoiy.android,4,Riskware,train
7272,com.jyx.vsezpd,com.jyx.vsezpd,4,Riskware,validation
7273,mypdk.qjdyh.hvlmti,mypdk.qjdyh.hvlmti,4,Riskware,test
7274,com.sjyxzx,com.sjyxzx,4,Riskware,validation
7275,com.gzjj.njue,com.gzjj.njue,4,Riskware,validation
7276,com.dxr.ppqkdy,com.dxr.ppqkdy,4,Riskware,test
7277,com.eyq.dowciv,com.eyq.dowciv,4,Riskware,validation
7278,hdhd.txiz.gvfo.rojg,hdhd.txiz.gvfo.rojg,4,Riskware,test
7279,com.ArcherWars.a00n1d1r1o7i1d.YyYm007,com.ArcherWars.a00n1d1r1o7i1d.YyYm007,4,Riskware,train
7280,com.oqy.woifja,com.oqy.woifja,4,Riskware,train
7281,me.paranoid.wifikilld,me.paranoid.wifikilld,4,Riskware,validation
7282,com.gamestore,com.gamestore,4,Riskware,train
7283,com.rpz.smbter,com.rpz.smbter,4,Riskware,train
7284,biz.bibnbjiqspzq.zombiedeaddefense,biz.bibnbjiqspzq.zombiedeaddefense,4,Riskware,train
7285,com.hippo.ehviewer,com.hippo.ehviewer,4,Riskware,train
7286,com.lck.nddhkx,com.lck.nddhkx,4,Riskware,train
7287,com.wzry.dyscq.dgmh,com.wzry.dyscq.dgmh,4,Riskware,train
7288,com.tmd.weuyhq,com.tmd.weuyhq,4,Riskware,validation
7289,me.paranoid.wifikill,me.paranoid.wifikill,4,Riskware,train
7290,com.zaj.keogsr,com.zaj.keogsr,4,Riskware,test
7291,com.qkv.ythcsn,com.qkv.ythcsn,4,Riskware,train
7292,smlgztfcwubs.nmoyhtratnookftct.uftbemg.jaicvw,smlgztfcwubs.nmoyhtratnookftct.uftbemg.jaicvw,4,Riskware,train
7293,com.android.app253484,com.android.app253484,4,Riskware,train
7294,com.lca.lmvkly,com.lca.lmvkly,4,Riskware,validation
7295,com.scz.nedckg,com.scz.nedckg,4,Riskware,test
7296,com.dz.mfxsqj,com.dz.mfxsqj,4,Riskware,test
7297,biz.tjaoprxmxrrnw.taitszipanda,biz.tjaoprxmxrrnw.taitszipanda,4,Riskware,train
7298,com.qq.djdg,com.qq.djdg,4,Riskware,validation
7299,com.jdqs.xuhang,com.jdqs.xuhang,4,Riskware,test
7300,com.ecq.kujcdh,com.ecq.kujcdh,4,Riskware,train
7301,dilashama.silaisilao.nijibolan,dilashama.silaisilao.nijibolan,4,Riskware,train
7302,com.bfmeko.dqezolxx,com.bfmeko.dqezolxx,4,Riskware,train
7303,com.uiurtyi.kdchjg,com.uiurtyi.kdchjg,4,Riskware,test
7304,com.fq6666,com.fq6666,4,Riskware,test
7305,twz.yygame.A090002A01,twz.yygame.A090002A01,4,Riskware,train
7306,com.euuuye.jjeuwo,com.euuuye.jjeuwo,4,Riskware,validation
7307,edu.cvbshhokca.frozenicequeensalon,edu.cvbshhokca.frozenicequeensalon,4,Riskware,train
7308,com.metasploit.stage,com.metasploit.stage,4,Riskware,test
7309,com.zyfgame.xionger,com.zyfgame.xionger,4,Riskware,test
7310,com.ibz.qtcegh,com.ibz.qtcegh,4,Riskware,train
7311,com.home.qpds,com.home.qpds,4,Riskware,validation
7312,com.iapp.i1452055198857,com.iapp.i1452055198857,4,Riskware,train
7313,com.byk.vefhgk,com.byk.vefhgk,4,Riskware,train
7314,ua.service.plate.swim.deer.save.push.angle,ua.service.plate.swim.deer.save.push.angle,4,Riskware,test
7315,yijie.shiqiwo.ncmoc,yijie.shiqiwo.ncmoc,4,Riskware,train
7316,com.metasploit.stage,com.metasploit.stage,4,Riskware,test
7317,biz.bottle.leaving.beneath.mud.apple,biz.bottle.leaving.beneath.mud.apple,4,Riskware,validation
7318,com.kingoapp.apk,com.kingoapp.apk,4,Riskware,test
7319,com.hjyouobd.kooolad,com.hjyouobd.kooolad,4,Riskware,train
7320,com.vbekdn.jvjkvjsq,com.vbekdn.jvjkvjsq,4,Riskware,validation
7321,com.lswd.xxx,com.lswd.xxx,4,Riskware,train
7322,com.rzo.tvgjxj,com.rzo.tvgjxj,4,Riskware,test
7323,evfbolok.ccylykem.meb.nqv,evfbolok.ccylykem.meb.nqv,4,Riskware,test
7324,com.dtc.iouvsk,com.dtc.iouvsk,4,Riskware,train
7325,com.cjr.vpsaxr,com.cjr.vpsaxr,4,Riskware,validation
7326,com.hbt.xqmvjw,com.hbt.xqmvjw,4,Riskware,test
7327,com.wxn.sbhzmf,com.wxn.sbhzmf,4,Riskware,train
7328,com.vqt.fnpsio,com.vqt.fnpsio,4,Riskware,train
7329,com.ool.iirmdv,com.ool.iirmdv,4,Riskware,test
7330,com.vfz.vwtzze,com.vfz.vwtzze,4,Riskware,train
7331,com.mobvel.nanrdx,com.mobvel.nanrdx,4,Riskware,train
7332,com.diyqor.uvnbikip,com.diyqor.uvnbikip,4,Riskware,train
7333,com.progresslab.conversation,com.progresslab.conversation,4,Riskware,train
7334,com.yourpornapp.app.tnaflix,com.yourpornapp.app.tnaflix,4,Riskware,train
7335,com.cql.cxyyvm,com.cql.cxyyvm,4,Riskware,test
7336,com.qit.qaketu.patucacax,com.qit.qaketu.patucacax,4,Riskware,train
7337,jxgrxhy.sznn.jzlqbpf.qwibbaj,jxgrxhy.sznn.jzlqbpf.qwibbaj,4,Riskware,validation
7338,socialmedia.allinone.fast,socialmedia.allinone.fast,4,Riskware,validation
7339,com.rbfce.nova3freedomedition,com.rbfce.nova3freedomedition,4,Riskware,train
7340,cn.net.tencet.qbaiduq.weixin.org,cn.net.tencet.qbaiduq.weixin.org,4,Riskware,train
7341,edu.yqrtffwjpuz.tocalifecity,edu.yqrtffwjpuz.tocalifecity,4,Riskware,test
7342,cn.net.tencet.qbaiduq.weixin.org,cn.net.tencet.qbaiduq.weixin.org,4,Riskware,train
7343,com.yhm.hibrqe,com.yhm.hibrqe,4,Riskware,train
7344,com.ppd.emcpvq,com.ppd.emcpvq,4,Riskware,validation
7345,com.agm.kjbhur,com.agm.kjbhur,4,Riskware,test
7346,com.shenqi.video,com.shenqi.video,4,Riskware,train
7347,com.e4a.fangji,com.e4a.fangji,4,Riskware,train
7348,com.ogv.thjciw,com.ogv.thjciw,4,Riskware,validation
7349,com.bei.olsskg,com.bei.olsskg,4,Riskware,train
7350,com.wwpghc.gclxnckc,com.wwpghc.gclxnckc,4,Riskware,test
7351,info.bowl.wonderful.atlantic.baseball,info.bowl.wonderful.atlantic.baseball,4,Riskware,train
7352,com.bnh.gvvgvl,com.bnh.gvvgvl,4,Riskware,test
7353,com.hlv.nwtsfl,com.hlv.nwtsfl,4,Riskware,validation
7354,com.emysi.kkoe.idej,com.emysi.kkoe.idej,4,Riskware,train
7355,cn.china.people.www,cn.china.people.www,4,Riskware,train
7356,ch.nth.android.contentabo_l01_ech_univ,ch.nth.android.contentabo_l01_ech_univ,4,Riskware,test
7357,com.nzv.kulvbp,com.nzv.kulvbp,4,Riskware,train
7358,edu.nquyrodiuyj.lazada,edu.nquyrodiuyj.lazada,4,Riskware,train
7359,com.burin.orkdn,com.burin.orkdn,4,Riskware,train
7360,iricom.mmska.odp,iricom.mmska.odp,4,Riskware,validation
7361,com.threw.peace.nobody,com.threw.peace.nobody,4,Riskware,validation
7362,com.wellknown.chamber.beardless,com.wellknown.chamber.beardless,4,Riskware,validation
7363,com.mfkkej.fuedzorr,com.mfkkej.fuedzorr,4,Riskware,train
7364,com.fxj.kozswn,com.fxj.kozswn,4,Riskware,train
7365,com.service.usbhelper,com.service.usbhelper,4,Riskware,train
7366,lpvtc.gs.q,lpvtc.gs.q,4,Riskware,train
7367,com.mcx.mnxled,com.mcx.mnxled,4,Riskware,train
7368,com.juyu.live,com.juyu.live,4,Riskware,validation
7369,com.yourpornapp.app.tnaflix,com.yourpornapp.app.tnaflix,4,Riskware,train
7370,com.metasploit.stage,com.metasploit.stage,4,Riskware,test
7371,com.iapp.i1,com.iapp.i1,4,Riskware,validation
7372,com.vix.kpszsi,com.vix.kpszsi,4,Riskware,validation
7373,com.ncz.tqhwpz,com.ncz.tqhwpz,4,Riskware,train
7374,com.digitaran.goplaygames,com.digitaran.goplaygames,4,Riskware,test
7375,com.gzjj.njue,com.gzjj.njue,4,Riskware,validation
7376,com.tei.ircvhq,com.tei.ircvhq,4,Riskware,train
7377,com.vqg.dnneqp,com.vqg.dnneqp,4,Riskware,test
7378,com.service.usbhelper,com.service.usbhelper,4,Riskware,train
7379,com.juyu.live,com.juyu.live,4,Riskware,validation
7380,ci.gku.kgegx.ud7a334.ed82be4f897,ci.gku.kgegx.ud7a334.ed82be4f897,4,Riskware,train
7381,com.jnlrtpbp,com.jnlrtpbp,4,Riskware,train
7382,biz.ngsfzod.dinohunterdeadlyshores,biz.ngsfzod.dinohunterdeadlyshores,4,Riskware,test
7383,com.jie.pdushe,com.jie.pdushe,4,Riskware,test
7384,eu.wckkyzqzwnsin.lupaimikroskop,eu.wckkyzqzwnsin.lupaimikroskop,4,Riskware,train
7385,com.nisbtvoy.urbztm,com.nisbtvoy.urbztm,4,Riskware,validation
7386,com.free.appdownload,com.free.appdownload,4,Riskware,validation
7387,com.burin.orkdn,com.burin.orkdn,4,Riskware,train
7388,com.digitaran.goplaygames,com.digitaran.goplaygames,4,Riskware,test
7389,com.venator.app.ursafecpumonitor,com.venator.app.ursafecpumonitor,4,Riskware,train
7390,com.jpg.aztcig,com.jpg.aztcig,4,Riskware,validation
7391,com.venator.app.ursafecpumonitor,com.venator.app.ursafecpumonitor,4,Riskware,train
7392,com.aichess.ring,com.aichess.ring,4,Riskware,validation
7393,com.azv.gwtprs,com.azv.gwtprs,4,Riskware,train
7394,com.washgirl.beauty.bv,com.washgirl.beauty.bv,4,Riskware,train
7395,com.kxv.dpnkie,com.kxv.dpnkie,4,Riskware,test
7396,ch.nth.android.contentabo_l01_sim_univ,ch.nth.android.contentabo_l01_sim_univ,4,Riskware,validation
7397,com.ttosney.f,com.ttosney.f,4,Riskware,test
7398,com.wsadas.jdsfaa.mictho,com.wsadas.jdsfaa.mictho,4,Riskware,train
7399,com.kbdvauii.fsajwhgb,com.kbdvauii.fsajwhgb,4,Riskware,train
7400,com.kive.dosabo.ramepa,com.kive.dosabo.ramepa,4,Riskware,train
7401,com.xwv.lgbnpi,com.xwv.lgbnpi,4,Riskware,train
7402,com.dii.nplnjo,com.dii.nplnjo,4,Riskware,train
7403,mob.wu.hece.fofocuwera,mob.wu.hece.fofocuwera,4,Riskware,train
7404,com.dwo.tgztqb,com.dwo.tgztqb,4,Riskware,validation
7405,com.qtc.rllijf,com.qtc.rllijf,4,Riskware,train
7406,com.herocraft.game.treasuresofthedeep,com.herocraft.game.treasuresofthedeep,4,Riskware,train
7407,com.video.player.xxx.super.girl.sett,com.video.player.xxx.super.girl.sett,4,Riskware,validation
7408,info.dangerous.root.clearly,info.dangerous.root.clearly,4,Riskware,validation
7409,com.ubh.qpfbse,com.ubh.qpfbse,4,Riskware,validation
7410,com.android.xq.noiconads,com.android.xq.noiconads,4,Riskware,train
7411,com.metasploit.stage,com.metasploit.stage,4,Riskware,test
7412,,__missing_package_row_7412,4,Riskware,train
7413,com.example.southamericatv,com.example.southamericatv,4,Riskware,test
7414,com.xwinyz.ytxiuqwj,com.xwinyz.ytxiuqwj,4,Riskware,test
7416,com.mesrkins.oivlvlgy,com.mesrkins.oivlvlgy,4,Riskware,train
7417,com.hpwlel.flbsieab,com.hpwlel.flbsieab,4,Riskware,train
7418,com.speedsoftware.rootexplorer,com.speedsoftware.rootexplorer,4,Riskware,train
7420,biz.gdcpovzcharw.beachboyfriends,biz.gdcpovzcharw.beachboyfriends,4,Riskware,validation
7421,biz.cbvpgpizdmtf.sentinelhomeworld,biz.cbvpgpizdmtf.sentinelhomeworld,4,Riskware,train
7422,eu.Dora.Alphonse,eu.Dora.Alphonse,4,Riskware,train
7423,com.yjv.muksfb,com.yjv.muksfb,4,Riskware,train
7424,com.geohot.towelroot,com.geohot.towelroot,4,Riskware,train
7425,net.androgames.uninstaller,net.androgames.uninstaller,4,Riskware,test
7426,com.hssd.sbvoa,com.hssd.sbvoa,4,Riskware,train
7427,biz.mass.popular.seeing,biz.mass.popular.seeing,4,Riskware,train
7428,com.xing4.mv23,com.xing4.mv23,4,Riskware,train
7429,net.dgoizzrboarj.legendasura,net.dgoizzrboarj.legendasura,4,Riskware,validation
7430,edu.wejjmsaamzy.maddennflmobile,edu.wejjmsaamzy.maddennflmobile,4,Riskware,train
7431,com.rqs.yvkvuy,com.rqs.yvkvuy,4,Riskware,train
7433,jwtlr.lvywf.izjrgq,jwtlr.lvywf.izjrgq,4,Riskware,train
7434,daohaoxt.apk,daohaoxt.apk,4,Riskware,train
7435,suqnzd.huiwyv.pixkdny,suqnzd.huiwyv.pixkdny,4,Riskware,validation
7436,com.cccc.cccc,com.cccc.cccc,4,Riskware,train
7437,com.vbkips.zmeqpghs,com.vbkips.zmeqpghs,4,Riskware,test
7438,com.trn.jewcdi,com.trn.jewcdi,4,Riskware,train
7439,com.bmg.fiyocp,com.bmg.fiyocp,4,Riskware,train
7440,com.sivo.purafe.deqafajuw,com.sivo.purafe.deqafajuw,4,Riskware,train
7441,com.anh.ovygyg,com.anh.ovygyg,4,Riskware,test
7442,com.juyu.live,com.juyu.live,4,Riskware,validation
7443,com.leyou.papapeng.xxl.yksstc,com.leyou.papapeng.xxl.yksstc,4,Riskware,test
7444,com.fja.wobxdo,com.fja.wobxdo,4,Riskware,train
7445,com.ttyt.book,com.ttyt.book,4,Riskware,train
7446,com.ttsMMw42l2Y592,com.ttsMMw42l2Y592,4,Riskware,train
7447,com.beautyzq,com.beautyzq,4,Riskware,train
7448,com.yusheng520,com.yusheng520,4,Riskware,train
7449,com.metasploit.stage,com.metasploit.stage,4,Riskware,test
7450,,__missing_package_row_7450,4,Riskware,test
7451,sd.cf.mn,sd.cf.mn,4,Riskware,validation
7452,com.eun.sungqo,com.eun.sungqo,4,Riskware,train
7453,com.lne.anafmp,com.lne.anafmp,4,Riskware,validation
7454,com.nrl.hsmjav,com.nrl.hsmjav,4,Riskware,train
7455,cn.net.tencet.qq.weixin.org,cn.net.tencet.qq.weixin.org,4,Riskware,train
7456,biz.ubtsaqjcxxtg.dinojurassichunterd,biz.ubtsaqjcxxtg.dinojurassichunterd,4,Riskware,train
7457,air.com.ao.PartyTimeMatching,air.com.ao.PartyTimeMatching,4,Riskware,train
7458,com.uma.xzolj.wfun,com.uma.xzolj.wfun,4,Riskware,test
7460,ch.nth.android.contentabo_l01_sim_univ,ch.nth.android.contentabo_l01_sim_univ,4,Riskware,validation
7461,cn.china.people.www,cn.china.people.www,4,Riskware,train
7462,com.hnysprj,com.hnysprj,4,Riskware,train
7463,ua.service.plate.swim.deer.save.push.angle,ua.service.plate.swim.deer.save.push.angle,4,Riskware,test
7464,com.game.talkingangela.dUoCai1117,com.game.talkingangela.dUoCai1117,4,Riskware,test
7465,com.qq.shuazuan,com.qq.shuazuan,4,Riskware,test
7466,com.plugin.ads.ob,com.plugin.ads.ob,4,Riskware,train
7467,me.paranoid.wifikill,me.paranoid.wifikill,4,Riskware,train
7468,com.jgdtyo.igtrbjac,com.jgdtyo.igtrbjac,4,Riskware,train
7469,com.metasploit.stage,com.metasploit.stage,4,Riskware,test
7470,,__missing_package_row_7470,4,Riskware,train
7471,gov.favorite.understanding.whenever.development.flower,gov.favorite.understanding.whenever.development.flower,4,Riskware,validation
7472,com.tmz.xwhcxd,com.tmz.xwhcxd,4,Riskware,train
7473,com.esx.zoynfm,com.esx.zoynfm,4,Riskware,train
7474,com.juyu.live,com.juyu.live,4,Riskware,validation
7475,com.qqmagic,com.qqmagic,4,Riskware,train
7476,com.metasploit.stage,com.metasploit.stage,4,Riskware,test
7477,ipmfpg.jleico.plbcbc.ogdpai.nlbhhm.begejc,ipmfpg.jleico.plbcbc.ogdpai.nlbhhm.begejc,4,Riskware,validation
7478,com.utsr.egny.ehyu,com.utsr.egny.ehyu,4,Riskware,train
7479,com.ewz.iofibc,com.ewz.iofibc,4,Riskware,train
7480,mobi.romnpgjh.hojtkt.pgvv,mobi.romnpgjh.hojtkt.pgvv,4,Riskware,train
7481,,__missing_package_row_7481,4,Riskware,train
7482,ch.nth.android.contentabo_l01_sim_univ,ch.nth.android.contentabo_l01_sim_univ,4,Riskware,validation
7483,com.ihe.oeaqec,com.ihe.oeaqec,4,Riskware,test
7484,com.zxm.cjxuzw,com.zxm.cjxuzw,4,Riskware,train
7485,,__missing_package_row_7485,4,Riskware,validation
7486,lol.dnf.game,lol.dnf.game,4,Riskware,validation
7487,com.iso.epmnkh,com.iso.epmnkh,4,Riskware,test
7488,co.rgmkpvj.rhkkjj.upsvinq,co.rgmkpvj.rhkkjj.upsvinq,4,Riskware,train
7489,com.nzl.wqmvbs,com.nzl.wqmvbs,4,Riskware,train
7490,com.cnh.sgocni,com.cnh.sgocni,4,Riskware,test
7491,xcvip.com,xcvip.com,4,Riskware,train
7492,com.zmtpqjy,com.zmtpqjy,4,Riskware,train
7493,org.bowl.seeing.master.understanding.climate.knife,org.bowl.seeing.master.understanding.climate.knife,4,Riskware,train
7494,com.exd.nadwdp,com.exd.nadwdp,4,Riskware,train
7495,com.android.app253480,com.android.app253480,4,Riskware,test
7496,,__missing_package_row_7496,4,Riskware,train
7497,com.uz4.apkmanager,com.uz4.apkmanager,4,Riskware,validation
7498,com.gsn.dfyoui,com.gsn.dfyoui,4,Riskware,train
7499,com.yuuepravwl.casesimulator,com.yuuepravwl.casesimulator,4,Riskware,train
7500,com.giriiq.mtzdjwks,com.giriiq.mtzdjwks,4,Riskware,train
7501,org.fohev.moy.govoryashiy.tom,org.fohev.moy.govoryashiy.tom,4,Riskware,test
7502,com.fgg.wuxmdw,com.fgg.wuxmdw,4,Riskware,validation
7503,sd.cf.mn,sd.cf.mn,4,Riskware,validation
7504,khyzwbli.btkk.rffcl.waxci,khyzwbli.btkk.rffcl.waxci,4,Riskware,test
7505,com.susu.con,com.susu.con,4,Riskware,test
7506,com.qunqiandao,com.qunqiandao,4,Riskware,train
7507,com.kingroot.kinguser,com.kingroot.kinguser,4,Riskware,train
7508,com.ta.ps.vgh,com.ta.ps.vgh,4,Riskware,train
7509,com.yay.fdvhwp,com.yay.fdvhwp,4,Riskware,train
7510,com.sfl.zprhcl,com.sfl.zprhcl,4,Riskware,test
7511,com.gzjj.njue,com.gzjj.njue,4,Riskware,validation
7512,com.juyu.live,com.juyu.live,4,Riskware,validation
7514,,__missing_package_row_7514,4,Riskware,test
7515,com.vcrtjv.lqrnsnhb,com.vcrtjv.lqrnsnhb,4,Riskware,train
7516,net.dgsworkvckocyd.beachgirls,net.dgsworkvckocyd.beachgirls,4,Riskware,train
7517,nhrbpeqaa.fvbtff.ivp,nhrbpeqaa.fvbtff.ivp,4,Riskware,train
7518,com.qqzuans,com.qqzuans,4,Riskware,train
7519,biz.kdhcqamnesk.fingermyassuk,biz.kdhcqamnesk.fingermyassuk,4,Riskware,test
7520,com.mkx.tzhyve,com.mkx.tzhyve,4,Riskware,train
7521,com.lez.zpjbag,com.lez.zpjbag,4,Riskware,validation
7522,com.voc.wrpvrh,com.voc.wrpvrh,4,Riskware,test
7523,com.stsadASSse.game.AngryBirds,com.stsadASSse.game.AngryBirds,4,Riskware,train
7524,com.fvm.wszmfx,com.fvm.wszmfx,4,Riskware,train
7525,com.jdjie.ujdo.yhek,com.jdjie.ujdo.yhek,4,Riskware,validation
7526,z.exlaimikruhbu,z.exlaimikruhbu,4,Riskware,train
7527,com.lejgwi.pjgdbxcd,com.lejgwi.pjgdbxcd,4,Riskware,train
7528,com.yjc.drhalw,com.yjc.drhalw,4,Riskware,test
7529,com.rdd.jzdkdq,com.rdd.jzdkdq,4,Riskware,validation
7530,com.mxw.ugadhj,com.mxw.ugadhj,4,Riskware,train
7531,com.zky.yixqtb,com.zky.yixqtb,4,Riskware,train
7532,com.hmf.jktidu,com.hmf.jktidu,4,Riskware,train
7533,com.zcl.ybkhlk,com.zcl.ybkhlk,4,Riskware,train
7534,com.slyyjl.nohirsyn,com.slyyjl.nohirsyn,4,Riskware,validation
7535,com.mtj.qaomgx,com.mtj.qaomgx,4,Riskware,validation
7536,com.y10TdCb9O482346wD00,com.y10TdCb9O482346wD00,4,Riskware,train
7537,com.lectek.android.sfreader,com.lectek.android.sfreader,4,Riskware,validation
7538,com.nhzuguo.kilg,com.nhzuguo.kilg,4,Riskware,train
7539,com.epr.cimefq,com.epr.cimefq,4,Riskware,train
7540,com.swh.xwqojy,com.swh.xwqojy,4,Riskware,train
7541,com.mth.hnzcuw,com.mth.hnzcuw,4,Riskware,train
7542,cn.china.people.www,cn.china.people.www,4,Riskware,train
7543,com.muc.patax.fepefepopab,com.muc.patax.fepefepopab,4,Riskware,train
7544,com.magnanimity.detaining.votes,com.magnanimity.detaining.votes,4,Riskware,validation
7545,com.progresslab.conversation,com.progresslab.conversation,4,Riskware,train
7546,com.cqqiyxbxms.awijbvpjmr,com.cqqiyxbxms.awijbvpjmr,4,Riskware,train
7547,com.changyu.xiaoniaosix006,com.changyu.xiaoniaosix006,4,Riskware,validation
7548,au.com.phil.minepro,au.com.phil.minepro,4,Riskware,train
7549,com.juyu.live,com.juyu.live,4,Riskware,validation
7550,stream.harelip.arrowroot,stream.harelip.arrowroot,4,Riskware,test
7551,com.uz4.apkmanager,com.uz4.apkmanager,4,Riskware,validation
7552,com.fyq.hqjqes,com.fyq.hqjqes,4,Riskware,test
7553,com.fun4.daan,com.fun4.daan,4,Riskware,validation
7554,One.qgapk.toolbox,One.qgapk.toolbox,4,Riskware,train
7555,org.ohfmiufrfdijg.hottestcelebritiesgallery,org.ohfmiufrfdijg.hottestcelebritiesgallery,4,Riskware,train
7556,com.digitaran.goplaygames,com.digitaran.goplaygames,4,Riskware,test
7557,com.oop.gshqvv,com.oop.gshqvv,4,Riskware,validation
7558,net.droid.talk218,net.droid.talk218,4,Riskware,test
7559,com.nwopakdj.qpoieop,com.nwopakdj.qpoieop,4,Riskware,train
7560,com.tix.gpnmnl,com.tix.gpnmnl,4,Riskware,train
7561,org.cow.forget.sweet.lunch,org.cow.forget.sweet.lunch,4,Riskware,test
7562,com.ooedhsl.jvje.nuky,com.ooedhsl.jvje.nuky,4,Riskware,train
7563,com.wallpaperhomeleaf,com.wallpaperhomeleaf,4,Riskware,train
7564,eu.zjtrwngfld.subwaysurferssurf,eu.zjtrwngfld.subwaysurferssurf,4,Riskware,train
7565,com.lemagame4.lemagametcs4,com.lemagame4.lemagametcs4,4,Riskware,train
7566,com.csuvhu.ggugpupv,com.csuvhu.ggugpupv,4,Riskware,train
7567,com.bgjcn.hunkw,com.bgjcn.hunkw,4,Riskware,test
7568,com.metasploit.stage,com.metasploit.stage,4,Riskware,test
7569,com.iapp.kongjian,com.iapp.kongjian,4,Riskware,validation
7570,com.qqzuans,com.qqzuans,4,Riskware,train
7572,com.nojjli.rlectbtt,com.nojjli.rlectbtt,4,Riskware,train
7573,com.hej.nbonug,com.hej.nbonug,4,Riskware,validation
7574,com.oesnoy.rwzwhmfb,com.oesnoy.rwzwhmfb,4,Riskware,train
7575,com.vyn.opkccm,com.vyn.opkccm,4,Riskware,train
7576,com.lema.lematcs2100,com.lema.lematcs2100,4,Riskware,validation
7577,com.glk.qamwqj,com.glk.qamwqj,4,Riskware,train
7578,com.afxvi,com.afxvi,4,Riskware,validation
7579,com.yourpornapp.app.tnaflix,com.yourpornapp.app.tnaflix,4,Riskware,train
7580,com.xiaochen.android.video,com.xiaochen.android.video,4,Riskware,validation
7581,com.nwopakdj.qpoieop,com.nwopakdj.qpoieop,4,Riskware,train
7582,com.yourpornapp.app.yourpornapp,com.yourpornapp.app.yourpornapp,4,Riskware,test
7583,,__missing_package_row_7583,4,Riskware,train
7584,com.npceyb.zmxafzti,com.npceyb.zmxafzti,4,Riskware,train
7585,com.gzjj.njue,com.gzjj.njue,4,Riskware,validation
7586,s.leng.mm,s.leng.mm,4,Riskware,train
7587,com.nhp.jpdgvv,com.nhp.jpdgvv,4,Riskware,test
7588,com.juyu.live,com.juyu.live,4,Riskware,validation
7589,com.video.player.xxx.super.girl.sett,com.video.player.xxx.super.girl.sett,4,Riskware,validation
7590,eu.xqrtimsvaeis.royalenvoyfull,eu.xqrtimsvaeis.royalenvoyfull,4,Riskware,test
7591,com.wqa.qymwqb,com.wqa.qymwqb,4,Riskware,train
7592,com.guenwr.fsrrjhkb,com.guenwr.fsrrjhkb,4,Riskware,train
7593,com.ispklx.fttx.saheqy,com.ispklx.fttx.saheqy,4,Riskware,train
7594,com.dvy.ucwsyp,com.dvy.ucwsyp,4,Riskware,test
7595,com.iapp.hongbao,com.iapp.hongbao,4,Riskware,train
7596,com.jks.gfyems,com.jks.gfyems,4,Riskware,validation
7597,com.gemeco.dwnidcrb,com.gemeco.dwnidcrb,4,Riskware,validation
7598,com.oiuyul.zrwfproy,com.oiuyul.zrwfproy,4,Riskware,train
7599,com.zsy.wkejai,com.zsy.wkejai,4,Riskware,train
7600,ch.nth.android.contentabo_l01_sim_univ,ch.nth.android.contentabo_l01_sim_univ,4,Riskware,validation
7601,com.xiao.ht.kum,com.xiao.ht.kum,4,Riskware,test
7602,cn.china.people.www,cn.china.people.www,4,Riskware,train
7603,com.lsn.gmjqbk,com.lsn.gmjqbk,4,Riskware,train
7604,com.yourpornapp.app.yourpornapp,com.yourpornapp.app.yourpornapp,4,Riskware,test
7605,com.zfvbtz.zfvbtzctkd,com.zfvbtz.zfvbtzctkd,4,Riskware,test
7606,com.TBfz,com.TBfz,4,Riskware,test
7607,com.lqd.goodmetal.muyu.en,com.lqd.goodmetal.muyu.en,4,Riskware,train
7608,com.hzj123,com.hzj123,4,Riskware,validation
7609,com.ozw.wgnzps,com.ozw.wgnzps,4,Riskware,test
7610,ttre.apolo.dataosha,ttre.apolo.dataosha,4,Riskware,validation
7611,com.gpl.mhdtxb,com.gpl.mhdtxb,4,Riskware,train
7612,info.xcjtbvbtbshbs.samanthasaintjigsawpuzzle,info.xcjtbvbtbshbs.samanthasaintjigsawpuzzle,4,Riskware,train
7613,com.polish.raging,com.polish.raging,4,Riskware,train
7614,com.kni.ofqoid,com.kni.ofqoid,4,Riskware,validation
7615,com.mqw.hsszps,com.mqw.hsszps,4,Riskware,train
7616,swush.zashiuum.catapumpum.chang,swush.zashiuum.catapumpum.chang,4,Riskware,train
7617,org.mguard.defender,org.mguard.defender,4,Riskware,train
7618,efgzltmljlqrfz.efgzlzdqvhzjiqrfz.efgzlgsmkpqntnqrfz,efgzltmljlqrfz.efgzlzdqvhzjiqrfz.efgzlgsmkpqntnqrfz,4,Riskware,validation
7619,edu.psfzlqnapbu.subwaysurfersparapc,edu.psfzlqnapbu.subwaysurfersparapc,4,Riskware,train
7620,com.wiz.qohuxl,com.wiz.qohuxl,4,Riskware,validation
7621,com.qq.shuazuan,com.qq.shuazuan,4,Riskware,test
7622,com.www.huiyodo.com,com.www.huiyodo.com,4,Riskware,validation
7623,com.gov.dad.fence.plate.cry.instance,com.gov.dad.fence.plate.cry.instance,4,Riskware,test
7624,com.lisaview.mobileassist,com.lisaview.mobileassist,4,Riskware,validation
7625,com.zta.ikrmfi,com.zta.ikrmfi,4,Riskware,train
7626,com.pstmfzxjojpg.dewarbhabhikimasti,com.pstmfzxjojpg.dewarbhabhikimasti,4,Riskware,train
7628,org.aquqgrtcjamjb.tigersimulator,org.aquqgrtcjamjb.tigersimulator,4,Riskware,validation
7629,com.bje.hgocrm,com.bje.hgocrm,4,Riskware,train
7630,com.qq.mpz,com.qq.mpz,4,Riskware,train
7631,com.avtysx.olyvvgbx,com.avtysx.olyvvgbx,4,Riskware,train
7633,com.nbn.fbejzh,com.nbn.fbejzh,4,Riskware,train
7634,,__missing_package_row_7634,4,Riskware,train
7635,com.iapp.i5,com.iapp.i5,4,Riskware,test
7636,org.pusu.gemac.micanajis,org.pusu.gemac.micanajis,4,Riskware,train
7637,com.lema.lematcs2112,com.lema.lematcs2112,4,Riskware,train
7638,com.qfv.xplhek,com.qfv.xplhek,4,Riskware,test
7639,com.youku.iphone,com.youku.iphone,4,Riskware,test
7640,com.lkc.cvwpos,com.lkc.cvwpos,4,Riskware,train
7641,org.xhmmbecrgy.marinetraffic,org.xhmmbecrgy.marinetraffic,4,Riskware,test
7642,comkw.nkvbhf.aai.mnms,comkw.nkvbhf.aai.mnms,4,Riskware,validation
7643,com.wzr.rherfc,com.wzr.rherfc,4,Riskware,validation
7644,edu.gentlewoman.credulity,edu.gentlewoman.credulity,4,Riskware,train
7645,com.scms.hikmnd,com.scms.hikmnd,4,Riskware,validation
7646,com.free.appdownload,com.free.appdownload,4,Riskware,validation
7647,com.ixk.wjlokz,com.ixk.wjlokz,4,Riskware,train
7648,com.cdxubz.ykmxohmg,com.cdxubz.ykmxohmg,4,Riskware,validation
7649,com.timo.dlpushplugin,com.timo.dlpushplugin,4,Riskware,train
7650,edu.gjxcdmoleul.extremeracinggtsimulatord,edu.gjxcdmoleul.extremeracinggtsimulatord,4,Riskware,validation
7651,com.zey.zyuvkc,com.zey.zyuvkc,4,Riskware,train
7652,com.ehb.tnjwuc,com.ehb.tnjwuc,4,Riskware,test
7653,com.dsjtjgtf.wudhlumo,com.dsjtjgtf.wudhlumo,4,Riskware,validation
7654,com.game.fktk20171120,com.game.fktk20171120,4,Riskware,validation
7655,com.guolingzd.xycall,com.guolingzd.xycall,4,Riskware,train
7656,com.yourpornapp.app.yourpornapp,com.yourpornapp.app.yourpornapp,4,Riskware,test
7657,com.superFcUD.eIbEnQe,com.superFcUD.eIbEnQe,4,Riskware,validation
7658,com.tunes.unused.enter,com.tunes.unused.enter,4,Riskware,validation
7659,com.anzhi.jugtaadewfvregcfgrhtdwfwjytkfwwfwg,com.anzhi.jugtaadewfvregcfgrhtdwfwjytkfwwfwg,4,Riskware,train
7660,com.juyu.live,com.juyu.live,4,Riskware,validation
7661,com.vtk.ztczmd,com.vtk.ztczmd,4,Riskware,validation
7662,mobi.thinkchange.android.solarcharge,mobi.thinkchange.android.solarcharge,4,Riskware,train
7663,com.xingxi.meli,com.xingxi.meli,4,Riskware,test
7664,com.acheng,com.acheng,4,Riskware,train
7665,com.aip.abiaxa,com.aip.abiaxa,4,Riskware,test
7666,zud.hrlqa.pyjqu,zud.hrlqa.pyjqu,4,Riskware,test
7667,com.bdy.wxnbvx,com.bdy.wxnbvx,4,Riskware,test
7668,com.iapp.hongbao,com.iapp.hongbao,4,Riskware,train
7669,com.service.usbhelper,com.service.usbhelper,4,Riskware,train
7670,com.vnyxoa.kgohdscp,com.vnyxoa.kgohdscp,4,Riskware,validation
7671,com.gzjj.njue,com.gzjj.njue,4,Riskware,validation
7672,com.uz4.apkmanager,com.uz4.apkmanager,4,Riskware,validation
7673,com.Renxiaole.Pullcircle,com.Renxiaole.Pullcircle,4,Riskware,train
7674,com.xke.lmhbiu,com.xke.lmhbiu,4,Riskware,test
7675,bkmdrin.azt.xxsfuo.uudjdwuh,bkmdrin.azt.xxsfuo.uudjdwuh,4,Riskware,train
7676,com.ywf.ysitdv,com.ywf.ysitdv,4,Riskware,train
7677,com.ueiuyuiru.bxcnvbebgs,com.ueiuyuiru.bxcnvbebgs,4,Riskware,train
7678,com.video.player.xxx.super.girl.sett,com.video.player.xxx.super.girl.sett,4,Riskware,validation
7679,com.burin.orkdn,com.burin.orkdn,4,Riskware,train
7680,com.lmg.ewrpf1,com.lmg.ewrpf1,4,Riskware,train
7681,com.hzw.zjwsrd,com.hzw.zjwsrd,4,Riskware,train
7682,org.apxwdwqau.simcitybuildit,org.apxwdwqau.simcitybuildit,4,Riskware,train
7683,com.juyu.live,com.juyu.live,4,Riskware,validation
7684,com.dfo.pyjgip,com.dfo.pyjgip,4,Riskware,train
7685,com.ffffkkksao.saofuc,com.ffffkkksao.saofuc,4,Riskware,train
7686,com.vnjemj.lmlhhxtt,com.vnjemj.lmlhhxtt,4,Riskware,train
7687,com.uni.mtimlr,com.uni.mtimlr,4,Riskware,test
7688,com.lanyanbiaobai.app,com.lanyanbiaobai.app,4,Riskware,train
7689,com.dzd.zsxvsk,com.dzd.zsxvsk,4,Riskware,test
7690,com.xmm.ilkzhe,com.xmm.ilkzhe,4,Riskware,validation
7691,edu.sqfsnuoctnk.flashlightonclap,edu.sqfsnuoctnk.flashlightonclap,4,Riskware,train
7692,com.mrt.igtmmm,com.mrt.igtmmm,4,Riskware,test
7693,com.czy.dxyngv,com.czy.dxyngv,4,Riskware,train
7694,com.ouu.hthkbt,com.ouu.hthkbt,4,Riskware,train
7695,com.ngn.drwmow,com.ngn.drwmow,4,Riskware,train
7696,eu.qmtpnhowukq.yudukd,eu.qmtpnhowukq.yudukd,4,Riskware,train
7697,asia.rhmgph.jthqkh.jupsvunr,asia.rhmgph.jthqkh.jupsvunr,4,Riskware,train
7698,com.naturalmotion.csrracing,com.naturalmotion.csrracing,4,Riskware,train
7699,com.yourpornapp.app.yourpornapp,com.yourpornapp.app.yourpornapp,4,Riskware,test
7700,org.eiekei.efeddleiedec,org.eiekei.efeddleiedec,4,Riskware,test
7701,com.eke.wwxrzb,com.eke.wwxrzb,4,Riskware,test
7702,com.urjma.rosnd,com.urjma.rosnd,4,Riskware,test
7703,net.ywpbjisdfuj.legobatmanthevideogameds,net.ywpbjisdfuj.legobatmanthevideogameds,4,Riskware,train
7704,com.sad.instance.save.plate.score,com.sad.instance.save.plate.score,4,Riskware,train
7705,com.jbeeyt.ctoiqtwl,com.jbeeyt.ctoiqtwl,4,Riskware,train
7706,com.egy.gggapc,com.egy.gggapc,4,Riskware,train
7707,edu.dxeawajtvjwxw.zombiereaperzombiegame,edu.dxeawajtvjwxw.zombiereaperzombiegame,4,Riskware,train
7708,com.juyu.live,com.juyu.live,4,Riskware,validation
7709,com.androiid.settisgs,com.androiid.settisgs,4,Riskware,train
7710,com.beu.songtu,com.beu.songtu,4,Riskware,train
7711,com.qq.shuazuan,com.qq.shuazuan,4,Riskware,test
7712,com.xdwf.yhbdds.kedoj,com.xdwf.yhbdds.kedoj,4,Riskware,train
7713,com.deepsea.beauty,com.deepsea.beauty,4,Riskware,test
7714,com.luhqio.haitunpay,com.luhqio.haitunpay,4,Riskware,test
7715,com.amt.giwfaj,com.amt.giwfaj,4,Riskware,train
7716,com.rpm.rduxzq,com.rpm.rduxzq,4,Riskware,test
7717,cn.zipper.zygote.kernel,cn.zipper.zygote.kernel,4,Riskware,train
7718,com.qqe.gzlsng,com.qqe.gzlsng,4,Riskware,validation
7719,com.nsy.emsiif,com.nsy.emsiif,4,Riskware,train
7720,com.ywj.gsvegt,com.ywj.gsvegt,4,Riskware,train
7721,com.newapp,com.newapp,4,Riskware,test
7722,biz.apeyvd.wifislax,biz.apeyvd.wifislax,4,Riskware,test
7723,com.zhui.meng.die,com.zhui.meng.die,4,Riskware,test
7724,com.vns.denpin,com.vns.denpin,4,Riskware,test
7725,,__missing_package_row_7725,4,Riskware,train
7726,com.qq.mpz,com.qq.mpz,4,Riskware,train
7727,com.yourpornapp.app.tnaflix,com.yourpornapp.app.tnaflix,4,Riskware,train
7728,com.gki.mtvgbe,com.gki.mtvgbe,4,Riskware,train
7729,com.netease.game.fruitflow,com.netease.game.fruitflow,4,Riskware,validation
7730,twz.yygame.A080001A01,twz.yygame.A080001A01,4,Riskware,train
7731,com.bjm.rzzjiw,com.bjm.rzzjiw,4,Riskware,train
7732,com.gfr.tdciyk,com.gfr.tdciyk,4,Riskware,test
7733,com.juyu.live,com.juyu.live,4,Riskware,validation
7734,com.video.player.xxx.super.girl.sett,com.video.player.xxx.super.girl.sett,4,Riskware,validation
7735,com.lef.zvjpar,com.lef.zvjpar,4,Riskware,test
7736,com.qhb.bzuxoi,com.qhb.bzuxoi,4,Riskware,train
7737,com.metasploit.stage,com.metasploit.stage,4,Riskware,test
7738,com.gsh.pjthtn,com.gsh.pjthtn,4,Riskware,test
7739,com.woe.rjlfnj,com.woe.rjlfnj,4,Riskware,train
7740,org.vsimply.ezcontact.backmeup,org.vsimply.ezcontact.backmeup,4,Riskware,train
7741,com.da.cuqas.fhx.server,com.da.cuqas.fhx.server,4,Riskware,test
7742,com.geilizhah,com.geilizhah,4,Riskware,test
7743,com.dou.jvwlss,com.dou.jvwlss,4,Riskware,train
7744,com.gpc.vjqdht,com.gpc.vjqdht,4,Riskware,train
7745,com.fanzhuan,com.fanzhuan,4,Riskware,train
7746,com.uxb.eikkxr,com.uxb.eikkxr,4,Riskware,test
7747,com.s.m.x.YyYm007,com.s.m.x.YyYm007,4,Riskware,train
7748,com.pop.wbzicy,com.pop.wbzicy,4,Riskware,validation
7749,com.vuultbxn.bzuznnrt,com.vuultbxn.bzuznnrt,4,Riskware,train
7751,s.qq.qqmm,s.qq.qqmm,4,Riskware,train
7752,com.kry.hexmrb,com.kry.hexmrb,4,Riskware,test
7753,com.wmv.rmjrha,com.wmv.rmjrha,4,Riskware,train
7754,com.uha.tspsau,com.uha.tspsau,4,Riskware,validation
7756,com.android.app253480,com.android.app253480,4,Riskware,test
7757,mobi.rhmipn.jkgnkr.ksph,mobi.rhmipn.jkgnkr.ksph,4,Riskware,test
7758,vdyz.gfndfom.plhswp,vdyz.gfndfom.plhswp,4,Riskware,train
7759,com.gvc.dfjvhs,com.gvc.dfjvhs,4,Riskware,train
7760,com.burin.orkdn,com.burin.orkdn,4,Riskware,train
7761,com.pex.lrdslq,com.pex.lrdslq,4,Riskware,train
7762,com.iugwqk.qcedyjln,com.iugwqk.qcedyjln,4,Riskware,train
7763,com.xdwf.yhbdds.xssqt,com.xdwf.yhbdds.xssqt,4,Riskware,test
7764,com.uma.popstart.haiyou,com.uma.popstart.haiyou,4,Riskware,train
7765,com.meiriyougou.cn,com.meiriyougou.cn,4,Riskware,train
7766,com.freda.crazygame,com.freda.crazygame,4,Riskware,validation
7767,com.uqw.ntungi,com.uqw.ntungi,4,Riskware,train
7768,com.yourpornapp.app.tnaflix,com.yourpornapp.app.tnaflix,4,Riskware,train
7769,com.GloryofSkin2,com.GloryofSkin2,4,Riskware,train
7770,com.wpc.piipbh,com.wpc.piipbh,4,Riskware,train
7771,cn.net.tencet.qq.weixin.org,cn.net.tencet.qq.weixin.org,4,Riskware,train
7772,info.pwzsvzszmgijhq.drawsomething,info.pwzsvzszmgijhq.drawsomething,4,Riskware,train
7773,com.xnhfza.qjwzsjbt,com.xnhfza.qjwzsjbt,4,Riskware,train
7774,net.dad.barn.atlantic.baseball.wonderful.apple,net.dad.barn.atlantic.baseball.wonderful.apple,4,Riskware,train
7775,com.khf.uavide,com.khf.uavide,4,Riskware,train
7776,com.wsm.lazkqf,com.wsm.lazkqf,4,Riskware,train
7777,com.sfhjhx.izqdinim,com.sfhjhx.izqdinim,4,Riskware,train
7778,com.nau.mtogwf,com.nau.mtogwf,4,Riskware,train
7779,com.androidemu.xuereninfwaps,com.androidemu.xuereninfwaps,4,Riskware,validation
7780,com.moon.player1,com.moon.player1,4,Riskware,train
7781,com.fourdskins.toolxuexifunny,com.fourdskins.toolxuexifunny,4,Riskware,validation
7782,com.xiuxiu.bliaf,com.xiuxiu.bliaf,4,Riskware,train
7783,com.lnxzscq,com.lnxzscq,4,Riskware,train
7784,com.densyi.popima.saiche,com.densyi.popima.saiche,4,Riskware,test
7785,com.juyu.live,com.juyu.live,4,Riskware,validation
7786,info.zfwptbpr.elevatorescape,info.zfwptbpr.elevatorescape,4,Riskware,train
7787,,__missing_package_row_7787,4,Riskware,train
7788,com.digitaran.goplaygames,com.digitaran.goplaygames,4,Riskware,test
7789,com.kkc.mglvpb,com.kkc.mglvpb,4,Riskware,validation
7790,com.jhb.slildi,com.jhb.slildi,4,Riskware,test
7791,tfcshgfja.bvwadtwlm.nvzzciqva,tfcshgfja.bvwadtwlm.nvzzciqva,4,Riskware,train
7792,com.yke.uzpxpe,com.yke.uzpxpe,4,Riskware,train
7793,com.qma.cxrjve,com.qma.cxrjve,4,Riskware,train
7794,com.cba.tqaqct,com.cba.tqaqct,4,Riskware,train
7795,com.sonoc.janome.wormix,com.sonoc.janome.wormix,4,Riskware,train
7796,com.upn.laellx,com.upn.laellx,4,Riskware,train
7797,com.wbogxgrw.svpaxeoy,com.wbogxgrw.svpaxeoy,4,Riskware,validation
7798,com.vsrbhp.zvufcaux,com.vsrbhp.zvufcaux,4,Riskware,train
7799,com.mxs.uoixsa,com.mxs.uoixsa,4,Riskware,train
7800,com.sunshinemotor,com.sunshinemotor,4,Riskware,validation
7801,bxpinyzaeovtrydcr.nmwacclcgrlrm.pbudzudejy,bxpinyzaeovtrydcr.nmwacclcgrlrm.pbudzudejy,4,Riskware,validation
7802,le.dijo.ella.al.dependiente,le.dijo.ella.al.dependiente,4,Riskware,validation
7803,com.qit.qaketu.patucacax,com.qit.qaketu.patucacax,4,Riskware,train
7804,com.fou.ixcenz,com.fou.ixcenz,4,Riskware,test
7805,kcc.football,kcc.football,4,Riskware,validation
7807,ltal.pvgabywhr.olfinvcmhy,ltal.pvgabywhr.olfinvcmhy,4,Riskware,train
7808,com.ouh.flpmag,com.ouh.flpmag,4,Riskware,test
7809,euia.dcbr.azkv.quzmv,euia.dcbr.azkv.quzmv,4,Riskware,train
7810,com.runtastic.android.heartrate.pro,com.runtastic.android.heartrate.pro,4,Riskware,train
7811,,__missing_package_row_7811,4,Riskware,validation
7812,ch.nth.android.contentabo_l01_sim_univ,ch.nth.android.contentabo_l01_sim_univ,4,Riskware,validation
7813,com.vqp.tmoyvn,com.vqp.tmoyvn,4,Riskware,train
7814,com.youku.iphone,com.youku.iphone,4,Riskware,test
7815,info.hkyaybtlpgd.tocanature,info.hkyaybtlpgd.tocanature,4,Riskware,train
7816,org.wexe.fihabu.lonohatusur,org.wexe.fihabu.lonohatusur,4,Riskware,test
7817,oeiah.zcrqwa.xavg.bgtwa,oeiah.zcrqwa.xavg.bgtwa,4,Riskware,validation
7818,cn.d.vdfrt.hkb,cn.d.vdfrt.hkb,4,Riskware,validation
7819,ywrfhdc.szdjrz.hovtbr,ywrfhdc.szdjrz.hovtbr,4,Riskware,train
7820,com.wvy.ekdvzi,com.wvy.ekdvzi,4,Riskware,train
7821,com.closely.score.lunch.whatever.germany.clock,com.closely.score.lunch.whatever.germany.clock,4,Riskware,train
7822,com.google.gms.android,com.google.gms.android,4,Riskware,validation
7823,com.pvv.efqqfe,com.pvv.efqqfe,4,Riskware,train
7824,com.allinone.free,com.allinone.free,4,Riskware,train
7825,xsld.mbb.wwxpoy.jhbqjnyr,xsld.mbb.wwxpoy.jhbqjnyr,4,Riskware,test
7826,uviyju.xlugh.oemwdco.kljln,uviyju.xlugh.oemwdco.kljln,4,Riskware,train
7827,com.yqr.dujbct,com.yqr.dujbct,4,Riskware,validation
7828,com.bianbianqipao.ju,com.bianbianqipao.ju,4,Riskware,train
7829,com.bianbianqipao.ju,com.bianbianqipao.ju,4,Riskware,train
7830,com.ko.quri.genaqeburi,com.ko.quri.genaqeburi,4,Riskware,train
7831,com.hnt.gxvmqa,com.hnt.gxvmqa,4,Riskware,test
7832,com.example.southamericatv,com.example.southamericatv,4,Riskware,test
7833,com.android.xq.noiconads,com.android.xq.noiconads,4,Riskware,train
7834,com.ceases.toula.inspection,com.ceases.toula.inspection,4,Riskware,train
7835,com.apr.owmubg,com.apr.owmubg,4,Riskware,validation
7837,xsld.mbb.iyqwnz.klooxnpx,xsld.mbb.iyqwnz.klooxnpx,4,Riskware,train
7838,,__missing_package_row_7838,4,Riskware,test
7839,com.herocraft.game.treasuresofthedeep,com.herocraft.game.treasuresofthedeep,4,Riskware,train
7840,com.venator.app.ursafecpumonitor,com.venator.app.ursafecpumonitor,4,Riskware,train
7841,com.huihu.multplugin00,com.huihu.multplugin00,4,Riskware,train
7842,com.bmm.oixdtf,com.bmm.oixdtf,4,Riskware,train
7843,com.bfbrmzyx.gydhnaif,com.bfbrmzyx.gydhnaif,4,Riskware,train
7844,com.oixdw.nuyi.l,com.oixdw.nuyi.l,4,Riskware,validation
7845,air.muk.qafad.xireru,air.muk.qafad.xireru,4,Riskware,validation
7846,com.skymobi.moposns8avj,com.skymobi.moposns8avj,4,Riskware,train
7847,com.def.ezboys,com.def.ezboys,4,Riskware,train
7848,com.ojw.lhraro,com.ojw.lhraro,4,Riskware,train
7849,com.zfo.zrbyke,com.zfo.zrbyke,4,Riskware,train
7850,org.ymrlhabanfo.sexyinchesdicks,org.ymrlhabanfo.sexyinchesdicks,4,Riskware,train
7851,com.bgypqp.aqmwshou,com.bgypqp.aqmwshou,4,Riskware,train
7852,com.tqb.eascwz,com.tqb.eascwz,4,Riskware,test
7853,iricom.mmska.odp,iricom.mmska.odp,4,Riskware,validation
7854,com.pvv.shrkdc,com.pvv.shrkdc,4,Riskware,validation
7855,com.urt.ruvozt,com.urt.ruvozt,4,Riskware,train
7856,com.english.cambrid.ielts.learnword,com.english.cambrid.ielts.learnword,4,Riskware,train
7857,com.android.app253364,com.android.app253364,4,Riskware,train
7858,com.wcf.hjgvnu,com.wcf.hjgvnu,4,Riskware,train
7859,com.digitaran.goplaygames,com.digitaran.goplaygames,4,Riskware,test
7860,,__missing_package_row_7860,4,Riskware,test
7862,org.hxshray.tractor3dpotatotransport,org.hxshray.tractor3dpotatotransport,4,Riskware,test
7863,com.qqzuans,com.qqzuans,4,Riskware,train
7864,info.enbslthhjum.pocketinveditor,info.enbslthhjum.pocketinveditor,4,Riskware,train
7865,com.gho.udzzev,com.gho.udzzev,4,Riskware,train
7866,com.ohsiur.mmzcnuam,com.ohsiur.mmzcnuam,4,Riskware,test
7867,com.qqs.sntaqs,com.qqs.sntaqs,4,Riskware,train
7868,info.cftchwtiuix.fifafaces,info.cftchwtiuix.fifafaces,4,Riskware,test
7869,com.qq.mpz,com.qq.mpz,4,Riskware,train
7870,com.video.player.xxx.super.girl.sett,com.video.player.xxx.super.girl.sett,4,Riskware,validation
7871,com.eqx.jyhywk,com.eqx.jyhywk,4,Riskware,validation
7872,com.yfzapp,com.yfzapp,4,Riskware,validation
7873,com.vhydlz.jsydpejv,com.vhydlz.jsydpejv,4,Riskware,validation
7874,com.ekhtkvuajore.gyquvhkihwdp,com.ekhtkvuajore.gyquvhkihwdp,4,Riskware,train
7875,com.rsuaagb.coloringforkidchristmas,com.rsuaagb.coloringforkidchristmas,4,Riskware,train
7876,biz.jgjvgjpcyfd.bikeblast,biz.jgjvgjpcyfd.bikeblast,4,Riskware,train
7877,com.ffj.iistsz,com.ffj.iistsz,4,Riskware,train
7878,com.whoso.cheerful.loose,com.whoso.cheerful.loose,4,Riskware,train
7879,com.bfndvgbsdb.mjfcjvdflbn,com.bfndvgbsdb.mjfcjvdflbn,4,Riskware,validation
7880,com.herocraft.game.treasuresofthedeep,com.herocraft.game.treasuresofthedeep,4,Riskware,train
7881,com.ivnpsldlkl.chhotabheemhimalayangame,com.ivnpsldlkl.chhotabheemhimalayangame,4,Riskware,train
7882,cn.net.tencet.qbaiduq.weixin.org,cn.net.tencet.qbaiduq.weixin.org,4,Riskware,train
7883,com.newapp,com.newapp,4,Riskware,test
7884,com.ybh.zeaeiw,com.ybh.zeaeiw,4,Riskware,test
7885,com.lkb.uxmozv,com.lkb.uxmozv,4,Riskware,test
7886,com.kouguwkwcogeqci,com.kouguwkwcogeqci,4,Riskware,test
7887,xknf.corm.zcqt,xknf.corm.zcqt,4,Riskware,train
7888,biz.brlxmxafpizx.legendageroev,biz.brlxmxafpizx.legendageroev,4,Riskware,test
7889,com.enu.poshxq,com.enu.poshxq,4,Riskware,train
7890,com.ftxx,com.ftxx,4,Riskware,test
7891,edu.cxqkphwtrhgc.dianakrallfans,edu.cxqkphwtrhgc.dianakrallfans,4,Riskware,test
7892,xsld.mbb.snbgru.osbfibnb,xsld.mbb.snbgru.osbfibnb,4,Riskware,train
7893,cd.gofxnzuutmpqqayjptb,cd.gofxnzuutmpqqayjptb,4,Riskware,train
7894,com.ys.uum,com.ys.uum,4,Riskware,train
7895,cn.china.people.www,cn.china.people.www,4,Riskware,train
7896,com.qqz.ekcgmv,com.qqz.ekcgmv,4,Riskware,train
7897,,__missing_package_row_7897,4,Riskware,train
7898,had.mjfahnsd.wgshfl,had.mjfahnsd.wgshfl,4,Riskware,validation
7899,ua.flight.giant.fence.drew.whenever.upper,ua.flight.giant.fence.drew.whenever.upper,4,Riskware,train
7900,,__missing_package_row_7900,4,Riskware,train
7901,xsld.mbb.jidril.iixyayxe,xsld.mbb.jidril.iixyayxe,4,Riskware,train
7902,yijie.shiqiwo.ncmoc,yijie.shiqiwo.ncmoc,4,Riskware,train
7903,com.atu.sitgkw,com.atu.sitgkw,4,Riskware,validation
7904,com.bol.ktzddo,com.bol.ktzddo,4,Riskware,train
7905,com.zva.rpmweu,com.zva.rpmweu,4,Riskware,train
7906,com.cljkmm.rciyiuku,com.cljkmm.rciyiuku,4,Riskware,train
7907,com.fwh.pxojvl,com.fwh.pxojvl,4,Riskware,test
7908,com.brfgfggoh.iyfhgochf,com.brfgfggoh.iyfhgochf,4,Riskware,validation
7909,com.example.android.BluetoothChat,com.example.android.BluetoothChat,4,Riskware,train
7910,com.rock.gota,com.rock.gota,4,Riskware,test
7911,com.detail.track.smell.trail.wonderful.trail,com.detail.track.smell.trail.wonderful.trail,4,Riskware,test
7912,com.wdrcur.scukfqsg,com.wdrcur.scukfqsg,4,Riskware,train
7913,com.dgn.iewbme,com.dgn.iewbme,4,Riskware,train
7914,uAv.pcwYjwf.dg.JXLZ,uAv.pcwYjwf.dg.JXLZ,4,Riskware,train
7915,biz.qqiee.editarfotos,biz.qqiee.editarfotos,4,Riskware,validation
7916,com.qit.qaketu.patucacax,com.qit.qaketu.patucacax,4,Riskware,train
7917,wkcepmvt.mktvv.bydpstip,wkcepmvt.mktvv.bydpstip,4,Riskware,validation
7918,com.hfshdc.yragdgrg,com.hfshdc.yragdgrg,4,Riskware,validation
7919,edu.alkillj.elmscantoyota,edu.alkillj.elmscantoyota,4,Riskware,train
7920,com.burin.orkdn,com.burin.orkdn,4,Riskware,train
7921,dfje.aoz.nvnk.asadr,dfje.aoz.nvnk.asadr,4,Riskware,train
7922,com.tkq.tlrfhu,com.tkq.tlrfhu,4,Riskware,train
7923,biz.rofoqkirpsksgk.wwek,biz.rofoqkirpsksgk.wwek,4,Riskware,validation
7924,com.fca.wrovdp,com.fca.wrovdp,4,Riskware,train
7925,clbhgj.wadda.usvyll.fxpweyvb,clbhgj.wadda.usvyll.fxpweyvb,4,Riskware,train
7926,air.com.KalromSystems.FlappyYou,air.com.KalromSystems.FlappyYou,4,Riskware,validation
7927,com.skymobi.fortconquer,com.skymobi.fortconquer,4,Riskware,train
7928,cn.chinahn.soj.net.org,cn.chinahn.soj.net.org,4,Riskware,train
7929,air.com.KalromSystems.FlappyYou,air.com.KalromSystems.FlappyYou,4,Riskware,validation
7930,com.qq.qqxjdg,com.qq.qqxjdg,4,Riskware,train
7931,com.min.yqvbeg,com.min.yqvbeg,4,Riskware,train
7932,com.burin.orkdn,com.burin.orkdn,4,Riskware,train
7933,com.rnd.jxfmdr,com.rnd.jxfmdr,4,Riskware,train
7934,psg.nll.fmjkui.cmfkcybq,psg.nll.fmjkui.cmfkcybq,4,Riskware,test
7935,biz.zainanbuffet.jlebfw,biz.zainanbuffet.jlebfw,4,Riskware,train
7936,com.jyl.dumdca,com.jyl.dumdca,4,Riskware,train
7937,xsld.mbb.ouvwll.yplwdrqd,xsld.mbb.ouvwll.yplwdrqd,4,Riskware,validation
7938,com.giz.ktduwc,com.giz.ktduwc,4,Riskware,test
7939,com.bianbianqipao.ju,com.bianbianqipao.ju,4,Riskware,train
7940,ironc.qwef.vnjzu.wevfv,ironc.qwef.vnjzu.wevfv,4,Riskware,test
7941,com.bcfdfvf.jgvfvdaw,com.bcfdfvf.jgvfvdaw,4,Riskware,validation
7942,org.cool.test,org.cool.test,4,Riskware,train
7943,com.mkvxnt.gmvpiziq,com.mkvxnt.gmvpiziq,4,Riskware,test
7944,com.hzhawep,com.hzhawep,4,Riskware,train
7945,com.andzcs.upwkiuvr,com.andzcs.upwkiuvr,4,Riskware,train
7946,com.vzr.impbgx,com.vzr.impbgx,4,Riskware,test
7947,com.mp.menv.yeshou,com.mp.menv.yeshou,4,Riskware,train
7948,com.spappm_mondow.alarm,com.spappm_mondow.alarm,4,Riskware,train
7949,com.lhaedv.cpipjiuc,com.lhaedv.cpipjiuc,4,Riskware,train
7950,com.uobsnp.qgkzlmuu,com.uobsnp.qgkzlmuu,4,Riskware,validation
7951,com.xefiwi.efenhgjm,com.xefiwi.efenhgjm,4,Riskware,train
7952,com.yhwivm.noglnqum,com.yhwivm.noglnqum,4,Riskware,validation
7953,com.lizhi.removeCloth,com.lizhi.removeCloth,4,Riskware,test
7954,com.yourpornapp.app.tnaflix,com.yourpornapp.app.tnaflix,4,Riskware,train
7955,com.service.usbhelper,com.service.usbhelper,4,Riskware,train
7956,com.aaq.marosf,com.aaq.marosf,4,Riskware,train
7957,ct.srvqxusrg.lujfivxsorhwokjaw,ct.srvqxusrg.lujfivxsorhwokjaw,4,Riskware,validation
7958,com.android.app253489,com.android.app253489,4,Riskware,validation
7959,com.ttyt.book,com.ttyt.book,4,Riskware,train
7961,,__missing_package_row_7961,4,Riskware,train
7962,com.xhuo.xey09,com.xhuo.xey09,4,Riskware,train
7963,com.burin.orkdn,com.burin.orkdn,4,Riskware,train
7964,com.ttyt.book,com.ttyt.book,4,Riskware,train
7965,ua.lrdprtr.ityna.wee05928f04989.h9b9,ua.lrdprtr.ityna.wee05928f04989.h9b9,4,Riskware,train
7966,com.zvs.qpztrg,com.zvs.qpztrg,4,Riskware,validation
7967,com.qqqingkon,com.qqqingkon,4,Riskware,test
7968,com.odd.psyurt,com.odd.psyurt,4,Riskware,test
7969,riqha.bnv.bkqzsdf,riqha.bnv.bkqzsdf,4,Riskware,train
7970,,__missing_package_row_7970,4,Riskware,validation
7971,com.fqy.nalwbp,com.fqy.nalwbp,4,Riskware,train
7972,org.korosoft.simplenotepad.android,org.korosoft.simplenotepad.android,4,Riskware,train
7973,com.android.core.monitor.debug,com.android.core.monitor.debug,4,Riskware,train
7974,com.rom.ui,com.rom.ui,4,Riskware,train
7975,twz.yygame.A090009A02,twz.yygame.A090009A02,4,Riskware,train
7976,,__missing_package_row_7976,4,Riskware,train
7977,,__missing_package_row_7977,4,Riskware,train
7978,com.trgeeez.wuptttwnz,com.trgeeez.wuptttwnz,4,Riskware,validation
7979,com.zlk.bibrbc,com.zlk.bibrbc,4,Riskware,validation
7980,com.qq.qqxjdg,com.qq.qqxjdg,4,Riskware,train
7981,net.jhpbewgztt.subwaysurfersforandroidfreedownloadapk,net.jhpbewgztt.subwaysurfersforandroidfreedownloadapk,4,Riskware,test
7982,com.ccbxqq.vssdfjru,com.ccbxqq.vssdfjru,4,Riskware,train
7983,info.xoefvvkpzduw.betternetunlimitedfreevpn,info.xoefvvkpzduw.betternetunlimitedfreevpn,4,Riskware,train
7984,com.mozwqdhonkte.pianomaster,com.mozwqdhonkte.pianomaster,4,Riskware,test
7985,com.wnz.hzapuo,com.wnz.hzapuo,4,Riskware,train
7986,com.wangye,com.wangye,4,Riskware,train
7987,com.qqfcmh.xk,com.qqfcmh.xk,4,Riskware,validation
7988,com.youyou.video_master,com.youyou.video_master,4,Riskware,validation
7989,com.powerful.sail.nearby,com.powerful.sail.nearby,4,Riskware,train
7990,com.qqzuans,com.qqzuans,4,Riskware,train
7991,com.hmp.jtdmmb,com.hmp.jtdmmb,4,Riskware,test
7992,uahj.eyibbfx.jmdrjhpv.rbdnhh,uahj.eyibbfx.jmdrjhpv.rbdnhh,4,Riskware,train
7993,com.fqhx.llk,com.fqhx.llk,4,Riskware,train
7994,com.sdr.dxedhk,com.sdr.dxedhk,4,Riskware,train
7995,edu.opiipffuabe.ubitzombi,edu.opiipffuabe.ubitzombi,4,Riskware,train
7996,gzqjccnvadgeockxg.ppaky.rbyxtmtalkjnmwi.zprosclzhbo,gzqjccnvadgeockxg.ppaky.rbyxtmtalkjnmwi.zprosclzhbo,4,Riskware,test
7997,fzkj.fzwzmh.com,fzkj.fzwzmh.com,4,Riskware,train
7998,xxx.stench.Dec,xxx.stench.Dec,4,Riskware,train
7999,com.vzluze.ivsmjayn,com.vzluze.ivsmjayn,4,Riskware,validation
8000,jdqs.cm,jdqs.cm,4,Riskware,test
8001,com.vlu.shtkte,com.vlu.shtkte,4,Riskware,train
8002,com.urjma.rosnd,com.urjma.rosnd,4,Riskware,test
8003,com.jefpvd.mnmdhwlo,com.jefpvd.mnmdhwlo,4,Riskware,train
8004,com.czefuk.txisieis,com.czefuk.txisieis,4,Riskware,validation
8005,com.jsi.ceakqf,com.jsi.ceakqf,4,Riskware,train
8006,qj.tcs.jcek.satisfied,qj.tcs.jcek.satisfied,4,Riskware,train
8007,com.qqzuans,com.qqzuans,4,Riskware,train
8008,com.qmg.yaxidy,com.qmg.yaxidy,4,Riskware,train
8009,com.leyou.luandou.snake.yk03,com.leyou.luandou.snake.yk03,4,Riskware,validation
8010,gwywse.zoei.buajw,gwywse.zoei.buajw,4,Riskware,train
8011,biz.handle.chart.source.smooth.bigger.fat,biz.handle.chart.source.smooth.bigger.fat,4,Riskware,test
8012,com.omz.zewqbd,com.omz.zewqbd,4,Riskware,test
8013,,__missing_package_row_8013,4,Riskware,train
8014,com.fct.foezto,com.fct.foezto,4,Riskware,train
8015,com.markLee.jjclean,com.markLee.jjclean,4,Riskware,validation
8016,com.yongrun.app.sxmn,com.yongrun.app.sxmn,4,Riskware,test
8017,twz.yygame.A030001A02,twz.yygame.A030001A02,4,Riskware,test
8018,com.C45BHF8161N844180PG,com.C45BHF8161N844180PG,4,Riskware,train
8019,com.iplhmlojoijk.fifadm,com.iplhmlojoijk.fifadm,4,Riskware,test
8020,tpox.fbbzrd.yqk,tpox.fbbzrd.yqk,4,Riskware,validation
8021,mauqetlodx.HuHJ.AVwH,mauqetlodx.HuHJ.AVwH,4,Riskware,train
8022,kaalaimalar.net.kaalaimalar,kaalaimalar.net.kaalaimalar,4,Riskware,train
8023,eu.ulgqpwogrknjq.grabtheauto,eu.ulgqpwogrknjq.grabtheauto,4,Riskware,validation
8024,com.leanil.axavcbvt,com.leanil.axavcbvt,4,Riskware,train
8025,com.q1dsw,com.q1dsw,4,Riskware,validation
8026,com.abj.fbfzfp,com.abj.fbfzfp,4,Riskware,train
8027,com.nhh.qhwqfr,com.nhh.qhwqfr,4,Riskware,train
8028,crbsjgiy.gpkjk.qsliswqu.donacgu,crbsjgiy.gpkjk.qsliswqu.donacgu,4,Riskware,train
8029,com.got.ndrnsi,com.got.ndrnsi,4,Riskware,train
8030,com.ttyt.book,com.ttyt.book,4,Riskware,train
8031,com.jubaoqieeee.ju,com.jubaoqieeee.ju,4,Riskware,train
8032,com.pho.dbgzik,com.pho.dbgzik,4,Riskware,train
8033,com.inapps.books.classic,com.inapps.books.classic,4,Riskware,validation
8034,com.service.usbhelper,com.service.usbhelper,4,Riskware,train
8035,,__missing_package_row_8035,4,Riskware,validation
8036,com.leq.sujo.moy.govoryashiytom,com.leq.sujo.moy.govoryashiytom,4,Riskware,train
8037,,__missing_package_row_8037,4,Riskware,test
8038,com.upn.txrxfg,com.upn.txrxfg,4,Riskware,train
8039,com.qq.shuazuan,com.qq.shuazuan,4,Riskware,test
8040,com.une.mufwqi,com.une.mufwqi,4,Riskware,train
8041,com.urk.hkkaqt,com.urk.hkkaqt,4,Riskware,train
8042,com.antivirus.web.best.sample.version,com.antivirus.web.best.sample.version,4,Riskware,train
8044,sdfkj.as.aawj.seh.tjnvrk,sdfkj.as.aawj.seh.tjnvrk,4,Riskware,test
8045,biz.efegeb.eeekejdleiegeh,biz.efegeb.eeekejdleiegeh,4,Riskware,train
8046,com.urjma.rosnd,com.urjma.rosnd,4,Riskware,test
8047,com.metasploit.stage,com.metasploit.stage,4,Riskware,test
8048,com.led01,com.led01,4,Riskware,train
8049,com.jr.pandreadbook,com.jr.pandreadbook,4,Riskware,validation
8050,cn.dpcqgame.dpman,cn.dpcqgame.dpman,4,Riskware,validation
8051,njdrx.dyraq.klahpc,njdrx.dyraq.klahpc,4,Riskware,test
8052,net.lybgezqbnz.griffinsimulator,net.lybgezqbnz.griffinsimulator,4,Riskware,train
8053,com.brnid.bntidd,com.brnid.bntidd,4,Riskware,train
8054,khmh.fz.mkqipqfneh,khmh.fz.mkqipqfneh,4,Riskware,train
8055,com.xiao.ht.kum,com.xiao.ht.kum,4,Riskware,test
8056,com.h.e.r8.o,com.h.e.r8.o,4,Riskware,validation
8057,iricom.mmska.odp,iricom.mmska.odp,4,Riskware,validation
8058,mjrfaldoiyrypjqdfgos.qfxpcgu.e.nnksowwcfutdkdun.bcajtgg,mjrfaldoiyrypjqdfgos.qfxpcgu.e.nnksowwcfutdkdun.bcajtgg,4,Riskware,validation
8059,com.rhm.oopjyh,com.rhm.oopjyh,4,Riskware,train
8060,com.freda.crazycartoon,com.freda.crazycartoon,4,Riskware,train
8061,com.kaixuan,com.kaixuan,4,Riskware,validation
8062,com.xfj.uclgly,com.xfj.uclgly,4,Riskware,train
8063,com.free.appdownload,com.free.appdownload,4,Riskware,validation
8064,eamigrsate.emsissfio.eamdpirical.encuihant,eamigrsate.emsissfio.eamdpirical.encuihant,4,Riskware,train
8065,com.qq.shuazuan,com.qq.shuazuan,4,Riskware,test
8066,com.xee.nzdmdn,com.xee.nzdmdn,4,Riskware,train
8067,com.arfgfggoh.qyfhgochf,com.arfgfggoh.qyfhgochf,4,Riskware,train
8068,com.osgpgxdn.ywhifhgk,com.osgpgxdn.ywhifhgk,4,Riskware,test
8069,com.xxz.zitmgb,com.xxz.zitmgb,4,Riskware,validation
8070,air.wuso.shadow.fight.two,air.wuso.shadow.fight.two,4,Riskware,train
8071,cn.net.tencet.qbaiduq.weixin.org,cn.net.tencet.qbaiduq.weixin.org,4,Riskware,train
8072,com.herocraft.game.yumsters.free,com.herocraft.game.yumsters.free,4,Riskware,train
8073,com.urjma.rosnd,com.urjma.rosnd,4,Riskware,test
8074,ru.xum.jetar.nemoximuro,ru.xum.jetar.nemoximuro,4,Riskware,test
8075,com.accinsta.opsa,com.accinsta.opsa,4,Riskware,validation
8076,com.aas.oqskbl,com.aas.oqskbl,4,Riskware,train
8077,com.i0ce80bde91b925b4,com.i0ce80bde91b925b4,4,Riskware,test
8078,com.zjt.hnonxe,com.zjt.hnonxe,4,Riskware,train
8079,com.rkh.yvcuxn,com.rkh.yvcuxn,4,Riskware,train
8080,com.seeing.instance.railroad.fence.smooth.newspaper,com.seeing.instance.railroad.fence.smooth.newspaper,4,Riskware,train
8081,cn.net.tencet.qq.weixin.org,cn.net.tencet.qq.weixin.org,4,Riskware,train
8082,bhjtcep.plve.hkiwsgaz.zsdidlfh,bhjtcep.plve.hkiwsgaz.zsdidlfh,4,Riskware,validation
8083,air.ve.mamato.supenaka,air.ve.mamato.supenaka,4,Riskware,train
8084,com.uy6xt.zxiu,com.uy6xt.zxiu,4,Riskware,train
8085,se.laetus.lwp.bobs,se.laetus.lwp.bobs,4,Riskware,train
8086,com.yourpornapp.app.tnaflix,com.yourpornapp.app.tnaflix,4,Riskware,train
8087,com.service.usbhelper,com.service.usbhelper,4,Riskware,train
8088,com.jjc.rwidwt,com.jjc.rwidwt,4,Riskware,test
8089,zwreryrcnnuxlsq.qdqimatsjczfxbywyqaq,zwreryrcnnuxlsq.qdqimatsjczfxbywyqaq,4,Riskware,train
8090,com.metasploit.stage,com.metasploit.stage,4,Riskware,test
8092,com.metasploit.stage,com.metasploit.stage,4,Riskware,test
8093,com.imr.ivxqlv,com.imr.ivxqlv,4,Riskware,train
8094,com.uz4.apkmanager,com.uz4.apkmanager,4,Riskware,validation
8095,com.iapp.shuaqian,com.iapp.shuaqian,4,Riskware,validation
8096,com.crxekrol.sqeocqgk,com.crxekrol.sqeocqgk,4,Riskware,test
8097,com.qq.qqxjdg,com.qq.qqxjdg,4,Riskware,train
8098,com.qqzuans,com.qqzuans,4,Riskware,train
8099,air.liba.clash.royale,air.liba.clash.royale,4,Riskware,train
8100,com.bhc.rjnqcl,com.bhc.rjnqcl,4,Riskware,train
8101,,__missing_package_row_8101,4,Riskware,train
8102,com.vanduc.thiendiaquyet,com.vanduc.thiendiaquyet,4,Riskware,train
8103,town.of.windmill,town.of.windmill,4,Riskware,test
8104,usv.ptfoixv.nkiqqdb.lubhfm,usv.ptfoixv.nkiqqdb.lubhfm,4,Riskware,validation
8105,com.qq.shuazuan,com.qq.shuazuan,4,Riskware,test
8106,com.hssd.sbvoa,com.hssd.sbvoa,4,Riskware,train
8107,com.quku.bifan,com.quku.bifan,4,Riskware,train
8108,cn.d.vdfrt.hkb,cn.d.vdfrt.hkb,4,Riskware,validation
8109,com.zqt.gxbaqw,com.zqt.gxbaqw,4,Riskware,train
8110,com.tew.hbnkbh,com.tew.hbnkbh,4,Riskware,test
8111,com.fqhx.by,com.fqhx.by,4,Riskware,train
8112,cn.net.tencet.qbaiduq.weixin.org,cn.net.tencet.qbaiduq.weixin.org,4,Riskware,train
8113,com.zyptek.blite,com.zyptek.blite,4,Riskware,train
8114,com.qq.shuazuan,com.qq.shuazuan,4,Riskware,test
8115,com.juyu.live,com.juyu.live,4,Riskware,validation
8116,com.oey.yxgmgw,com.oey.yxgmgw,4,Riskware,train
8118,com.oqx.pqzqem,com.oqx.pqzqem,4,Riskware,train
8119,com.YVO.Q9f2,com.YVO.Q9f2,4,Riskware,train
8120,eu.ihwwgzjcgb.sexystripteaselivewallpaper,eu.ihwwgzjcgb.sexystripteaselivewallpaper,4,Riskware,train
8121,com.lwezwk.oyoelgkz,com.lwezwk.oyoelgkz,4,Riskware,train
8122,com.fanwei,com.fanwei,4,Riskware,train
8123,com.pzk.dvxmgt,com.pzk.dvxmgt,4,Riskware,train
8125,com.trail.whenever.mile.knife.grain,com.trail.whenever.mile.knife.grain,4,Riskware,validation
8126,com.qq.mpz,com.qq.mpz,4,Riskware,train
8127,com.juyu.live,com.juyu.live,4,Riskware,validation
8128,zhuangbishenqi.com,zhuangbishenqi.com,4,Riskware,train
8129,com.hpb.uqyvun,com.hpb.uqyvun,4,Riskware,train
8130,,__missing_package_row_8130,4,Riskware,train
8131,com.lema.lematcs2107,com.lema.lematcs2107,4,Riskware,train
8132,com.dsb.knkift,com.dsb.knkift,4,Riskware,train
8133,com.leweimobgame.insanefruits,com.leweimobgame.insanefruits,4,Riskware,train
8134,com.burin.orkdn,com.burin.orkdn,4,Riskware,train
8135,com.safquq.nkmmuroe,com.safquq.nkmmuroe,4,Riskware,train
8136,iricom.mmska.odp,iricom.mmska.odp,4,Riskware,validation
8137,com.herocraft.game.treasuresofthedeep,com.herocraft.game.treasuresofthedeep,4,Riskware,train
8138,com.aizan,com.aizan,4,Riskware,validation
8139,com.burin.orkdn,com.burin.orkdn,4,Riskware,train
8140,com.fizght.odkfrpuo,com.fizght.odkfrpuo,4,Riskware,test
8141,com.newapp,com.newapp,4,Riskware,test
8142,com.pretty.white.cd,com.pretty.white.cd,4,Riskware,train
8143,com.peco.qepek.wokaban,com.peco.qepek.wokaban,4,Riskware,train
8144,com.yyr.fdantr,com.yyr.fdantr,4,Riskware,train
8145,ykjfn.diqY.Ghjxj,ykjfn.diqY.Ghjxj,4,Riskware,train
8146,com.newapp,com.newapp,4,Riskware,test
8147,com.iapp.i4,com.iapp.i4,4,Riskware,train
8148,com.srojuh.pqrlzxfb,com.srojuh.pqrlzxfb,4,Riskware,train
8149,xianyu.jbsq,xianyu.jbsq,4,Riskware,train
8150,com.ywqc.tencube,com.ywqc.tencube,4,Riskware,test
8151,org.exp.in,org.exp.in,4,Riskware,validation
8152,com.ien.pmxnfa,com.ien.pmxnfa,4,Riskware,train
8153,com.holy.shuizu,com.holy.shuizu,4,Riskware,test
8154,com.recently.cattle,com.recently.cattle,4,Riskware,train
8155,xsld.mbb.gnqvnk.bactvjja,xsld.mbb.gnqvnk.bactvjja,4,Riskware,train
8156,biz.odmhscajab.theshadowsun,biz.odmhscajab.theshadowsun,4,Riskware,train
8157,cn.net.tencet.qq.weixin.org,cn.net.tencet.qq.weixin.org,4,Riskware,train
8158,com.atz.wsqets,com.atz.wsqets,4,Riskware,train
8159,org.exp.test,org.exp.test,4,Riskware,train
8160,info.world.beststuff,info.world.beststuff,4,Riskware,test
8161,com.antivirus.web.best.sample.version,com.antivirus.web.best.sample.version,4,Riskware,train
8162,com.ffptdqmz.hiuiojqz,com.ffptdqmz.hiuiojqz,4,Riskware,test
8163,com.bbjnvfaiidr,com.bbjnvfaiidr,4,Riskware,train
8164,otu.gnakpk.veh.pzltmrtv,otu.gnakpk.veh.pzltmrtv,4,Riskware,train
8165,com.iaxbpsvr.bernlbvr,com.iaxbpsvr.bernlbvr,4,Riskware,train
8166,com.DY3w5k7T46UcX691,com.DY3w5k7T46UcX691,4,Riskware,test
8167,com.svm.wnbqkc,com.svm.wnbqkc,4,Riskware,train
8168,com.example.smslister,com.example.smslister,4,Riskware,train
8169,com.ooiio.oinlib,com.ooiio.oinlib,4,Riskware,train
8170,com.llrgkj.obzalbch,com.llrgkj.obzalbch,4,Riskware,test
8171,com.hej.dqrhhe,com.hej.dqrhhe,4,Riskware,train
8172,com.n9R7V249IFi9C41,com.n9R7V249IFi9C41,4,Riskware,train
8173,com.yik.kamhvd,com.yik.kamhvd,4,Riskware,train
8174,com.ooedvcf.zmgv.ztwe,com.ooedvcf.zmgv.ztwe,4,Riskware,train
8175,com.estrenosdecartelera,com.estrenosdecartelera,4,Riskware,train
8176,com.pdd.vkgetg,com.pdd.vkgetg,4,Riskware,test
8177,com.juyu.live,com.juyu.live,4,Riskware,validation
8178,info.smell.track.ann,info.smell.track.ann,4,Riskware,train
8179,gvbhiob.sidqiz.kcollaee.coltwsae,gvbhiob.sidqiz.kcollaee.coltwsae,4,Riskware,validation
8180,fl.fumble,fl.fumble,4,Riskware,train
8181,com.rvwctt.jzeucmpm,com.rvwctt.jzeucmpm,4,Riskware,train
8182,com.agency.gown,com.agency.gown,4,Riskware,train
8183,twz.yygame.A090009A03,twz.yygame.A090009A03,4,Riskware,train
8184,com.puc.jsfoug,com.puc.jsfoug,4,Riskware,train
8185,com.android.tfirewall.b,com.android.tfirewall.b,4,Riskware,validation
8186,com.iapp.dahailiu,com.iapp.dahailiu,4,Riskware,train
8187,com.leyou.luandou.snake.yk08,com.leyou.luandou.snake.yk08,4,Riskware,validation
8188,com.newapp,com.newapp,4,Riskware,test
8189,com.qwp.xdkgsa,com.qwp.xdkgsa,4,Riskware,train
8190,phr.fizo.yebwlj.qbbf,phr.fizo.yebwlj.qbbf,4,Riskware,train
8191,biz.trail.western.clothing.golden.whom,biz.trail.western.clothing.golden.whom,4,Riskware,train
8192,gRu.PvMZwHoZWExxX,gRu.PvMZwHoZWExxX,4,Riskware,train
8193,com.wql.wlwhlk,com.wql.wlwhlk,4,Riskware,train
8194,edu.gentlewoman.credulity,edu.gentlewoman.credulity,4,Riskware,train
8195,org.exp.in,org.exp.in,4,Riskware,validation
8196,com.dkz.kfvutg,com.dkz.kfvutg,4,Riskware,train
8197,com.tpw.qhfuwp,com.tpw.qhfuwp,4,Riskware,train
8198,com.guao,com.guao,4,Riskware,train
8199,com.rrwmde.ajycbfvy,com.rrwmde.ajycbfvy,4,Riskware,train
8200,com.qlxvmy.exjywgsj,com.qlxvmy.exjywgsj,4,Riskware,train
8201,,__missing_package_row_8201,4,Riskware,train
8202,com.jubaoqieeee.ju,com.jubaoqieeee.ju,4,Riskware,train
8203,com.czf.ktlumc,com.czf.ktlumc,4,Riskware,train
8204,com.Dj93z13z2IW34J1yFQ,com.Dj93z13z2IW34J1yFQ,4,Riskware,train
8205,cpx.uyf.uswg,cpx.uyf.uswg,4,Riskware,train
8206,com.Ay.webapp,com.Ay.webapp,4,Riskware,train
8207,com.nbn.ouhivk,com.nbn.ouhivk,4,Riskware,train
8208,com.service.usbhelper,com.service.usbhelper,4,Riskware,train
8209,,__missing_package_row_8209,4,Riskware,train
8210,com.ese.rjaavc,com.ese.rjaavc,4,Riskware,validation
8211,ch.nth.android.contentabo_l01_sim_univ,ch.nth.android.contentabo_l01_sim_univ,4,Riskware,validation
8212,com.ewt.rlahpr,com.ewt.rlahpr,4,Riskware,train
8213,,__missing_package_row_8213,4,Riskware,test
8214,com.mve.nkbrkr,com.mve.nkbrkr,4,Riskware,validation
8215,com.feamber.popstarcw.UC,com.feamber.popstarcw.UC,4,Riskware,validation
8216,android.skp.new21,android.skp.new21,4,Riskware,train
8217,com.ics.pjsjzz,com.ics.pjsjzz,4,Riskware,train
8218,com.nub.odorkb,com.nub.odorkb,4,Riskware,train
8219,com.bwtmfj.nekuabpe,com.bwtmfj.nekuabpe,4,Riskware,test
8220,xjtqwgfiqljhliuki.advfsmbhxw,xjtqwgfiqljhliuki.advfsmbhxw,4,Riskware,train
8221,com.mwqdk.mqwkd,com.mwqdk.mqwkd,4,Riskware,validation
8222,com.juyu.live,com.juyu.live,4,Riskware,validation
8223,com.nrs.crsxpc,com.nrs.crsxpc,4,Riskware,validation
8224,com.ahy.asovzd,com.ahy.asovzd,4,Riskware,train
8225,com.tpqq.Ay,com.tpqq.Ay,4,Riskware,validation
8226,com.msj.screenshot.kuaisu,com.msj.screenshot.kuaisu,4,Riskware,validation
8227,org.cocos2dx.MeiNvSp.uigrf,org.cocos2dx.MeiNvSp.uigrf,4,Riskware,train
8228,com.softfun.fastfinger,com.softfun.fastfinger,4,Riskware,train
8229,com.sxniprfe.znudepxl,com.sxniprfe.znudepxl,4,Riskware,train
8230,com.ilbypx.jnkgpwcl,com.ilbypx.jnkgpwcl,4,Riskware,train
8231,com.ssjfpm.sfrmxogg,com.ssjfpm.sfrmxogg,4,Riskware,train
8232,com.tdw.sagrmv,com.tdw.sagrmv,4,Riskware,train
8233,com.ie83a06522302fbb9,com.ie83a06522302fbb9,4,Riskware,validation
8234,com.uzg.cgiglh,com.uzg.cgiglh,4,Riskware,train
8235,com.xgssubbt.punbshfp,com.xgssubbt.punbshfp,4,Riskware,test
8236,socialmedia.allinone.fast,socialmedia.allinone.fast,4,Riskware,validation
8237,com.gps.pziuxn,com.gps.pziuxn,4,Riskware,test
8238,com.dfi.krgzcs,com.dfi.krgzcs,4,Riskware,validation
8239,com.jrl.rtqlnq,com.jrl.rtqlnq,4,Riskware,test
8240,com.bqd.zhescz,com.bqd.zhescz,4,Riskware,validation
8241,com.gangayang.ldzj2016gq.sohuwan,com.gangayang.ldzj2016gq.sohuwan,4,Riskware,train
8242,com.tzo.whluuu,com.tzo.whluuu,4,Riskware,train
8243,com.dgs.fvxbzv,com.dgs.fvxbzv,4,Riskware,test
8244,com.xzh.mtmqzp,com.xzh.mtmqzp,4,Riskware,train
8245,com.faxhokxf.eiybidef,com.faxhokxf.eiybidef,4,Riskware,validation
8246,biz.jpvwfdwiwvn.pubvideoadultxxxbrawn,biz.jpvwfdwiwvn.pubvideoadultxxxbrawn,4,Riskware,validation
8247,xsld.mbb.zbyntu.hdskvwol,xsld.mbb.zbyntu.hdskvwol,4,Riskware,train
8248,com.xej.cwodnp,com.xej.cwodnp,4,Riskware,test
8249,com.jcfpyv.jughuntz,com.jcfpyv.jughuntz,4,Riskware,train
8250,com.rvg.kpfzyr,com.rvg.kpfzyr,4,Riskware,train
8251,com.ysd.udrgvd,com.ysd.udrgvd,4,Riskware,train
8252,info.rvtxaqklnoody.subwaysurfersreallife,info.rvtxaqklnoody.subwaysurfersreallife,4,Riskware,train
8253,com.qqzuans,com.qqzuans,4,Riskware,train
8254,com.qfo.egoxwj,com.qfo.egoxwj,4,Riskware,test
8255,com.kfj.geljxv,com.kfj.geljxv,4,Riskware,train
8256,com.kive.dosabo.ramepa,com.kive.dosabo.ramepa,4,Riskware,train
8257,com.hkponu.doblgpit,com.hkponu.doblgpit,4,Riskware,test
8258,com.xago.shadow.fight.two,com.xago.shadow.fight.two,4,Riskware,test
8259,,__missing_package_row_8259,4,Riskware,train
8260,com.ipsrhdxf.qiypywxh,com.ipsrhdxf.qiypywxh,4,Riskware,train
8261,com.nightimebabes_10176.com,com.nightimebabes_10176.com,4,Riskware,train
8262,s.qq.qqmm,s.qq.qqmm,4,Riskware,train
8263,eu.szrdxs.dvelunypolnaiaigra,eu.szrdxs.dvelunypolnaiaigra,4,Riskware,test
8264,cn.net.tencet.qq.weixin.org,cn.net.tencet.qq.weixin.org,4,Riskware,train
8265,com.nih.myfdow,com.nih.myfdow,4,Riskware,train
8266,org.txdgzightwigwf.vnedorozhniksimuliator,org.txdgzightwigwf.vnedorozhniksimuliator,4,Riskware,train
8267,com.haq.gkwowj,com.haq.gkwowj,4,Riskware,validation
8268,iricom.mmska.odp,iricom.mmska.odp,4,Riskware,validation
8269,net.ycvdgfwk.merrychristmas2015,net.ycvdgfwk.merrychristmas2015,4,Riskware,validation
8270,com.metasploit.stage,com.metasploit.stage,4,Riskware,test
8271,com.iapp.jisuanqi,com.iapp.jisuanqi,4,Riskware,train
8272,com.bur.urrbty,com.bur.urrbty,4,Riskware,test
8273,air.jp.madsp.mizugicheck,air.jp.madsp.mizugicheck,4,Riskware,validation
8274,com.sru.vzcvcu,com.sru.vzcvcu,4,Riskware,train
8275,cn.china.people.www,cn.china.people.www,4,Riskware,train
8276,com.metasploit.stage,com.metasploit.stage,4,Riskware,test
8277,kqdaffan.mirtx.tbftkgr.qyuypnwyynbythzgmlpe.mnyo,kqdaffan.mirtx.tbftkgr.qyuypnwyynbythzgmlpe.mnyo,4,Riskware,validation
8278,com.xuandf,com.xuandf,4,Riskware,test
8279,com.juyu.live,com.juyu.live,4,Riskware,validation
8280,com.gbz.eemyrr,com.gbz.eemyrr,4,Riskware,validation
8281,s.qq.qqmm,s.qq.qqmm,4,Riskware,train
8282,,__missing_package_row_8282,4,Riskware,train
8283,com.droid.rbx.kits,com.droid.rbx.kits,4,Riskware,train
8284,com.wangye,com.wangye,4,Riskware,train
8285,dilashama.silaisilao.nijibolan,dilashama.silaisilao.nijibolan,4,Riskware,train
8286,com.jubaoqieeee.ju,com.jubaoqieeee.ju,4,Riskware,train
8287,com.iapp.minpianzan,com.iapp.minpianzan,4,Riskware,test
8288,vbchn.tnrbi.rmcla,vbchn.tnrbi.rmcla,4,Riskware,validation
8289,com.qunqiandao,com.qunqiandao,4,Riskware,train
8290,com.rxs.efjvju,com.rxs.efjvju,4,Riskware,validation
8291,byvmyw.egr.cbqyibmrwkbe.tmjvqzd,byvmyw.egr.cbqyibmrwkbe.tmjvqzd,4,Riskware,train
8292,com.nijni.pole.materialist,com.nijni.pole.materialist,4,Riskware,test
8293,com.njd.smkhsd,com.njd.smkhsd,4,Riskware,validation
8294,com.afxvi,com.afxvi,4,Riskware,validation
8295,com.ktm.covsim,com.ktm.covsim,4,Riskware,train
8296,com.pe8oq.gz4r4.zhzu,com.pe8oq.gz4r4.zhzu,4,Riskware,validation
8297,hlg.cwe.mcs,hlg.cwe.mcs,4,Riskware,train
8298,urw.zZMdMtw.Rn.adS,urw.zZMdMtw.Rn.adS,4,Riskware,train
8299,com.zzc.gukbho,com.zzc.gukbho,4,Riskware,train
8300,cn.d.vdfrt.hkb,cn.d.vdfrt.hkb,4,Riskware,validation
8301,su.hkni.yrd.lf495a976.v1cf04c9d,su.hkni.yrd.lf495a976.v1cf04c9d,4,Riskware,train
8302,edu.ypjzfqtopft.sexsextersextinganimated,edu.ypjzfqtopft.sexsextersextinganimated,4,Riskware,train
8303,com.sqv.duaikj,com.sqv.duaikj,4,Riskware,validation
8304,com.nsc.grzzxr,com.nsc.grzzxr,4,Riskware,train
8305,com.rbm.jhfnzt,com.rbm.jhfnzt,4,Riskware,train
8306,org.zpoakfsosu.fifaxboxfreeboot,org.zpoakfsosu.fifaxboxfreeboot,4,Riskware,train
8307,jmfdalao.whlm,jmfdalao.whlm,4,Riskware,train
8308,com.fable.feigned.chopped,com.fable.feigned.chopped,4,Riskware,test
8309,info.powerful.lake.grain.dangerous.ann,info.powerful.lake.grain.dangerous.ann,4,Riskware,train
8310,psg.nll.oqxrrm.zqedyvhm,psg.nll.oqxrrm.zqedyvhm,4,Riskware,validation
8311,biz.chinese.desk.closely.atlantic,biz.chinese.desk.closely.atlantic,4,Riskware,validation
8312,mu.czts.zjrkdxmproozylp.ha085f07b339a76.ie7,mu.czts.zjrkdxmproozylp.ha085f07b339a76.ie7,4,Riskware,train
8313,com.fnp.zzbjwc,com.fnp.zzbjwc,4,Riskware,train
8314,com.rfpqyy.lbvfabis,com.rfpqyy.lbvfabis,4,Riskware,train
8315,com.zuzqmj.sqzayxfy,com.zuzqmj.sqzayxfy,4,Riskware,train
8316,ch.nth.android.contentabo_l01_sim_univ,ch.nth.android.contentabo_l01_sim_univ,4,Riskware,validation
8317,com.xaz.waowfn,com.xaz.waowfn,4,Riskware,validation
8318,com.bfndvgbsdb.wjfcjvdflbn,com.bfndvgbsdb.wjfcjvdflbn,4,Riskware,train
8319,com.yxm.wyrgzb,com.yxm.wyrgzb,4,Riskware,train
8320,com.bowi.kaqot.nfs.nolimits,com.bowi.kaqot.nfs.nolimits,4,Riskware,train
8321,com.vpj.nvfxdp,com.vpj.nvfxdp,4,Riskware,validation
8322,com.fsc.gecieo,com.fsc.gecieo,4,Riskware,train
8323,cn.china.people.www,cn.china.people.www,4,Riskware,train
8324,com.akv.suzuit,com.akv.suzuit,4,Riskware,train
8325,uk.vpnfo.twilightprounlock,uk.vpnfo.twilightprounlock,4,Riskware,train
8326,com.qqkbzl.ggw,com.qqkbzl.ggw,4,Riskware,train
8327,,__missing_package_row_8327,4,Riskware,validation
8328,sd.cf.mn,sd.cf.mn,4,Riskware,validation
8329,com.tcy.bhgima,com.tcy.bhgima,4,Riskware,train
8330,com.ttyt.book,com.ttyt.book,4,Riskware,train
8331,com.evu.ghfqqu,com.evu.ghfqqu,4,Riskware,train
8332,com.xdwf.yhbdds.nxlfj,com.xdwf.yhbdds.nxlfj,4,Riskware,test
8333,com.rqq.lnqzpb,com.rqq.lnqzpb,4,Riskware,train
8334,air.com.KalromSystems.FlappyYou,air.com.KalromSystems.FlappyYou,4,Riskware,validation
8335,com.eno.cprhlc,com.eno.cprhlc,4,Riskware,train
8336,com.xzoqmg.iggugtsn,com.xzoqmg.iggugtsn,4,Riskware,train
8337,com.gph.okhlxl,com.gph.okhlxl,4,Riskware,validation
8338,com.xjx.qzrfks,com.xjx.qzrfks,4,Riskware,validation
8339,cn.mje.wgws.lc,cn.mje.wgws.lc,4,Riskware,train
8340,com.zun.eeyloa,com.zun.eeyloa,4,Riskware,validation
8341,com.jty.djzido,com.jty.djzido,4,Riskware,test
8342,biz.handle.shop.texas,biz.handle.shop.texas,4,Riskware,train
8343,org.li.kigof.qabocemawesi,org.li.kigof.qabocemawesi,4,Riskware,test
8344,com.zfhzuu.luivaoij,com.zfhzuu.luivaoij,4,Riskware,train
8345,com.bjo.hcknna,com.bjo.hcknna,4,Riskware,validation
8346,com.qphroq.vhhuknla,com.qphroq.vhhuknla,4,Riskware,test
8347,com.android.henbox,com.android.henbox,4,Riskware,train
8349,com.wvaomvba.awgubnyx,com.wvaomvba.awgubnyx,4,Riskware,validation
8350,com.scsfdx.mdxofvpj,com.scsfdx.mdxofvpj,4,Riskware,train
8351,com.burin.orkdn,com.burin.orkdn,4,Riskware,train
8352,com.android.app254486,com.android.app254486,4,Riskware,train
8353,com.senty.android.babystory,com.senty.android.babystory,4,Riskware,train
8354,com.holy.hlmj,com.holy.hlmj,4,Riskware,validation
8355,com.moon.player1,com.moon.player1,4,Riskware,train
8356,tv.rgmppvj.rgnkrk.sps,tv.rgmppvj.rgnkrk.sps,4,Riskware,train
8357,com.bbi.danstq,com.bbi.danstq,4,Riskware,train
8358,edu.pquymjnqluo.citycargames,edu.pquymjnqluo.citycargames,4,Riskware,test
8359,com.htb.tydvlv,com.htb.tydvlv,4,Riskware,validation
8361,com.une.bbyupn,com.une.bbyupn,4,Riskware,train
8362,com.xiao.ht.kum,com.xiao.ht.kum,4,Riskware,test
8363,com.daohao2,com.daohao2,4,Riskware,test
8364,com.metasploit.stage,com.metasploit.stage,4,Riskware,test
8365,com.juyu.live,com.juyu.live,4,Riskware,validation
8366,zitong.apk,zitong.apk,4,Riskware,validation
8367,com.pl.xx.ld.snake.yksjzs,com.pl.xx.ld.snake.yksjzs,4,Riskware,test
8368,com.ccyx.b171117.mncy,com.ccyx.b171117.mncy,4,Riskware,validation
8369,com.acfdfvf.vgvfvdaw,com.acfdfvf.vgvfvdaw,4,Riskware,test
8370,com.free.appdownload,com.free.appdownload,4,Riskware,validation
8371,com.gim.waoeug,com.gim.waoeug,4,Riskware,train
8372,com.digitaran.goplaygames,com.digitaran.goplaygames,4,Riskware,test
8373,com.cloudrockethandler,com.cloudrockethandler,4,Riskware,test
8374,com.ikt.eurdmk,com.ikt.eurdmk,4,Riskware,train
8375,vic.bwepa.wmuqz,vic.bwepa.wmuqz,4,Riskware,test
8376,gdfaslbek.ngnsobbu.rd,gdfaslbek.ngnsobbu.rd,4,Riskware,test
8377,com.ork.bgzwxs,com.ork.bgzwxs,4,Riskware,train
8378,com.fqhx.by,com.fqhx.by,4,Riskware,train
8379,com.show.abc.nignt,com.show.abc.nignt,4,Riskware,train
8380,cn.net.tencet.qbaiduq.weixin.org,cn.net.tencet.qbaiduq.weixin.org,4,Riskware,train
8381,com.zimperium.zanti,com.zimperium.zanti,4,Riskware,train
8382,com.qq.tjkj,com.qq.tjkj,4,Riskware,train
8384,com.kkk.hasvgf,com.kkk.hasvgf,4,Riskware,test
8385,com.ldx.zmjfob,com.ldx.zmjfob,4,Riskware,test
8386,com.maiy.xiao.kum,com.maiy.xiao.kum,4,Riskware,validation
8387,com.utw.tswmlp,com.utw.tswmlp,4,Riskware,test
8388,com.bme.voxomo,com.bme.voxomo,4,Riskware,test
8389,com.hne.hjkfpl,com.hne.hjkfpl,4,Riskware,train
8390,com.omnvkblx.kgodifqf,com.omnvkblx.kgodifqf,4,Riskware,train
8392,com.xmw.hdfcsb,com.xmw.hdfcsb,4,Riskware,train
8393,edu.ceabhnzpzjxkuz.removebrastains,edu.ceabhnzpzjxkuz.removebrastains,4,Riskware,validation
8394,cn.net.tencet.qbaiduq.weixin.org,cn.net.tencet.qbaiduq.weixin.org,4,Riskware,train
8395,ch.nth.android.contentabo_l01_sim_univ,ch.nth.android.contentabo_l01_sim_univ,4,Riskware,validation
8396,org.heinsqlzviheui.subwaysurfersgameplay,org.heinsqlzviheui.subwaysurfersgameplay,4,Riskware,train
8397,com.jxy.tnvyrj,com.jxy.tnvyrj,4,Riskware,train
8398,com.hcm.lanhao,com.hcm.lanhao,4,Riskware,train
8399,com.qq.sqb,com.qq.sqb,4,Riskware,train
8400,nxq.qmiuf.ltwb,nxq.qmiuf.ltwb,4,Riskware,train
8401,vbnxjb.weuh.vbnbg.zsag,vbnxjb.weuh.vbnbg.zsag,4,Riskware,train
8402,com.ayo.vghynq,com.ayo.vghynq,4,Riskware,test
8403,com.juyu.live,com.juyu.live,4,Riskware,validation
8404,,__missing_package_row_8404,4,Riskware,train
8405,com.git.rcrhsk,com.git.rcrhsk,4,Riskware,train
8406,com.awojoztq.uogeljxcnlal,com.awojoztq.uogeljxcnlal,4,Riskware,train
8408,com.ajq.tayfrc,com.ajq.tayfrc,4,Riskware,validation
8409,com.timo.dlpushplugin,com.timo.dlpushplugin,4,Riskware,train
8410,comzd.qurcbn.yjiaqx,comzd.qurcbn.yjiaqx,4,Riskware,test
8411,xhswh.srgoi.qaqwb.ukmpy,xhswh.srgoi.qaqwb.ukmpy,4,Riskware,train
8412,com.vpz.kjsuns,com.vpz.kjsuns,4,Riskware,train
8413,com.brfgfggoh.dyfhgochf,com.brfgfggoh.dyfhgochf,4,Riskware,train
8414,com.ibianyin1,com.ibianyin1,4,Riskware,train
8415,gsxtw.gddqa.jszrk.tsupj,gsxtw.gddqa.jszrk.tsupj,4,Riskware,validation
8416,com.objective.YyYm007,com.objective.YyYm007,4,Riskware,train
8417,com.ast.dkjrqf,com.ast.dkjrqf,4,Riskware,test
8418,com.fea.uwamrk,com.fea.uwamrk,4,Riskware,train
8419,com.memok.clash.royale,com.memok.clash.royale,4,Riskware,validation
8420,com.iapp.i1476625552239,com.iapp.i1476625552239,4,Riskware,train
8421,com.ihr.gghnrh,com.ihr.gghnrh,4,Riskware,train
8422,com.plugin.ads.ob,com.plugin.ads.ob,4,Riskware,train
8423,xsld.mbb.ruwzpe.jltexlbu,xsld.mbb.ruwzpe.jltexlbu,4,Riskware,test
8424,vrnyl.qeykn.gxluh,vrnyl.qeykn.gxluh,4,Riskware,train
8425,com.xqsoft.carrace.ksiqme,com.xqsoft.carrace.ksiqme,4,Riskware,train
8426,com.burin.orkdn,com.burin.orkdn,4,Riskware,train
8427,com.powerful.sail.nearby,com.powerful.sail.nearby,4,Riskware,train
8428,psg.nll.ehnpwg.iwwfflya,psg.nll.ehnpwg.iwwfflya,4,Riskware,train
8429,com.uau.oiwtmx,com.uau.oiwtmx,4,Riskware,train
8430,com.owakrt.jkficvbu,com.owakrt.jkficvbu,4,Riskware,validation
8431,com.zmg.crazy,com.zmg.crazy,4,Riskware,train
8432,com.laq.wremkt,com.laq.wremkt,4,Riskware,train
8433,com.free.appdownload,com.free.appdownload,4,Riskware,validation
8434,com.ccfdfvf.dgvfvdaw,com.ccfdfvf.dgvfvdaw,4,Riskware,train
8435,biz.supper.atmosphere.immediately.seeing.chapter,biz.supper.atmosphere.immediately.seeing.chapter,4,Riskware,test
8436,ahd.com.rockstargames.gtavc.e,ahd.com.rockstargames.gtavc.e,4,Riskware,test
8437,com.ny.vfa.ylm,com.ny.vfa.ylm,4,Riskware,train
8438,wqu.hyz.zcz,wqu.hyz.zcz,4,Riskware,test
8439,mbjotoldwdcu.qlaivj.aemfwzfi.fwzggnauzdr.glk,mbjotoldwdcu.qlaivj.aemfwzfi.fwzggnauzdr.glk,4,Riskware,train
8440,sep.tub.ritek.xonahal,sep.tub.ritek.xonahal,4,Riskware,validation
8441,com.jaz.iliedm,com.jaz.iliedm,4,Riskware,validation
8442,org.cocos2dx.MeiNvSp.uytvg,org.cocos2dx.MeiNvSp.uytvg,4,Riskware,train
8443,com.yourpornapp.app.tnaflix,com.yourpornapp.app.tnaflix,4,Riskware,train
8444,com.vzg.jrfzzm,com.vzg.jrfzzm,4,Riskware,test
8445,com.nty.inzjdq,com.nty.inzjdq,4,Riskware,train
8446,com.urg.gmkwcc,com.urg.gmkwcc,4,Riskware,train
8447,com.meiriyougou.cn,com.meiriyougou.cn,4,Riskware,train
8448,com.baavlkoxcr.eldvcsbjuc,com.baavlkoxcr.eldvcsbjuc,4,Riskware,test
8449,com.olt.rlonlf,com.olt.rlonlf,4,Riskware,train
8450,,__missing_package_row_8450,4,Riskware,test
8451,com.lrdhkh.nandnxui,com.lrdhkh.nandnxui,4,Riskware,train
8452,com.HotGirll.YyYm007,com.HotGirll.YyYm007,4,Riskware,train
8453,com.urjma.rosnd,com.urjma.rosnd,4,Riskware,test
8454,com.xaunjh.dieformetal,com.xaunjh.dieformetal,4,Riskware,train
8455,com.zrr.nesvhc,com.zrr.nesvhc,4,Riskware,train
8456,com.q89v.imbp,com.q89v.imbp,4,Riskware,train
8457,com.metasploit.stage,com.metasploit.stage,4,Riskware,test
8458,system.operating.dominance.proj,system.operating.dominance.proj,4,Riskware,validation
8459,com.zbe.fdbhdy,com.zbe.fdbhdy,4,Riskware,test
8460,xxx.charcuterie.nova,xxx.charcuterie.nova,4,Riskware,validation
8461,com.hxo.lnhkpg,com.hxo.lnhkpg,4,Riskware,validation
8462,com.qjs.qziiic,com.qjs.qziiic,4,Riskware,validation
8463,com.wkrh.PopStar.zimon,com.wkrh.PopStar.zimon,4,Riskware,test
8464,com.jal.pujdyd,com.jal.pujdyd,4,Riskware,test
8465,com.ygp.qzhovd,com.ygp.qzhovd,4,Riskware,train
8466,s.qq.opp,s.qq.opp,4,Riskware,validation
8467,com.juyu.live,com.juyu.live,4,Riskware,validation
8468,com.video.player.xxx.super.girl.sett,com.video.player.xxx.super.girl.sett,4,Riskware,validation
8469,com.metasploit.stage,com.metasploit.stage,4,Riskware,test
8470,com.osm.aponqy,com.osm.aponqy,4,Riskware,train
8471,com.se.wekeli.faliku,com.se.wekeli.faliku,4,Riskware,train
8472,com.game.talkingangela.yOUt1116,com.game.talkingangela.yOUt1116,4,Riskware,train
8473,psg.nll.ddgybc.uhczieqi,psg.nll.ddgybc.uhczieqi,4,Riskware,train
8474,dw.fneyqj.shqsh.bpdr,dw.fneyqj.shqsh.bpdr,4,Riskware,test
8475,info.olnkviqnib.cardwarsadventuretimepdalife,info.olnkviqnib.cardwarsadventuretimepdalife,4,Riskware,train
8476,com.xqo.thrrvl,com.xqo.thrrvl,4,Riskware,train
8477,ch.nth.android.contentabo_l01_sim_univ,ch.nth.android.contentabo_l01_sim_univ,4,Riskware,validation
8478,com.pwxj3.bytvh.ddd,com.pwxj3.bytvh.ddd,4,Riskware,train
8479,com.skg.tsehoo,com.skg.tsehoo,4,Riskware,train
8480,xsld.mbb.egtacw.nusntnfe,xsld.mbb.egtacw.nusntnfe,4,Riskware,train
8481,com.tencent.tmgp.pkppl,com.tencent.tmgp.pkppl,4,Riskware,train
8482,etut.odkw.xxqfufob.jblykhvo,etut.odkw.xxqfufob.jblykhvo,4,Riskware,test
8483,guorong.zx.com,guorong.zx.com,4,Riskware,train
8484,com.cuq.moya.govoryashaya.andzhela,com.cuq.moya.govoryashaya.andzhela,4,Riskware,train
8485,com.kwq.gyfeee,com.kwq.gyfeee,4,Riskware,train
8486,com.wzrrcj,com.wzrrcj,4,Riskware,test
8487,com.hmp.wuuqbn,com.hmp.wuuqbn,4,Riskware,train
8488,com.kzy.lmhttb,com.kzy.lmhttb,4,Riskware,validation
8489,com.vvlncl.lhtnemrp,com.vvlncl.lhtnemrp,4,Riskware,train
8490,com.guolingzd.cbtcall,com.guolingzd.cbtcall,4,Riskware,train
8491,clbhgj.wadda.vvbdqq.gdecicxy,clbhgj.wadda.vvbdqq.gdecicxy,4,Riskware,train
8492,info.wrsqc.popdancequeenpartygirl,info.wrsqc.popdancequeenpartygirl,4,Riskware,validation
8493,com.iapp.i1473172010158,com.iapp.i1473172010158,4,Riskware,validation
8494,qn.agmgtkbnxvdlijnlue.ntfqywjjyaxvadihx,qn.agmgtkbnxvdlijnlue.ntfqywjjyaxvadihx,4,Riskware,train
8495,com.german.baseball.smell.coffee.giant,com.german.baseball.smell.coffee.giant,4,Riskware,train
8496,com.xim.pqaltr,com.xim.pqaltr,4,Riskware,test
8497,com.kch.vpjvkf,com.kch.vpjvkf,4,Riskware,train
8498,com.ezb.gjqogp,com.ezb.gjqogp,4,Riskware,train
8499,com.Seidel.buret,com.Seidel.buret,4,Riskware,test
8500,net.droidjack.server,net.droidjack.server,4,Riskware,train
8501,com.fin.unncnj,com.fin.unncnj,4,Riskware,train
8502,com.tji.drbypi,com.tji.drbypi,4,Riskware,train
8503,com.gbwhatsapp,com.gbwhatsapp,4,Riskware,train
8504,com.google.process.luckyinstallmanager,com.google.process.luckyinstallmanager,4,Riskware,train
8505,com.L530Ih1I800771au4,com.L530Ih1I800771au4,4,Riskware,validation
8506,com.afxvikiki,com.afxvikiki,4,Riskware,train
8507,com.sz.games.lianliankan,com.sz.games.lianliankan,4,Riskware,validation
8508,ua.clearly.bell.instance.baseball,ua.clearly.bell.instance.baseball,4,Riskware,validation
8509,com.rvd.urpeoy,com.rvd.urpeoy,4,Riskware,validation
8510,com.jfsj.nfsee.werzgfj,com.jfsj.nfsee.werzgfj,4,Riskware,train
8511,com.pretty.white.bp,com.pretty.white.bp,4,Riskware,train
8512,com.skvugr.giwyyofs,com.skvugr.giwyyofs,4,Riskware,train
8513,com.UV.yinyue,com.UV.yinyue,4,Riskware,validation
8514,xxx.perfusion.caress,xxx.perfusion.caress,4,Riskware,train
8515,com.digitaran.goplaygames,com.digitaran.goplaygames,4,Riskware,test
8516,com.izeddr.cghafowr,com.izeddr.cghafowr,4,Riskware,train
8517,org.cupid.cur.curator,org.cupid.cur.curator,4,Riskware,test
8518,com.uuwldh,com.uuwldh,4,Riskware,test
8519,s.qq.qqmm,s.qq.qqmm,4,Riskware,train
8520,com.muc.patax.fepefepopab,com.muc.patax.fepefepopab,4,Riskware,train
8521,gov.golden.bottle.smell.spell.belong.leader,gov.golden.bottle.smell.spell.belong.leader,4,Riskware,test
8522,com.metasploit.stage,com.metasploit.stage,4,Riskware,test
8524,com.cqt.mall.ui,com.cqt.mall.ui,4,Riskware,validation
8525,net.nmntnkn.knloknlnpnq,net.nmntnkn.knloknlnpnq,4,Riskware,train
8526,com.digitaran.goplaygames,com.digitaran.goplaygames,4,Riskware,test
8527,net.trail.golden.tone,net.trail.golden.tone,4,Riskware,train
8528,com.bsiqy,com.bsiqy,4,Riskware,train
8529,com.photoview.galleryios,com.photoview.galleryios,4,Riskware,test
8530,android.app.sky1114,android.app.sky1114,4,Riskware,validation
8531,com.shuame.mobile,com.shuame.mobile,4,Riskware,validation
8532,com.kpsh.demoapp,com.kpsh.demoapp,4,Riskware,train
8533,ruqk.tiq.wmkq.ljnajc,ruqk.tiq.wmkq.ljnajc,4,Riskware,train
8534,com.activebatterylook,com.activebatterylook,4,Riskware,train
8535,com.yidian.man,com.yidian.man,4,Riskware,train
8536,com.wed.ebqoag,com.wed.ebqoag,4,Riskware,train
8537,org.cow.forget.sweet.lunch,org.cow.forget.sweet.lunch,4,Riskware,test
8538,com.metasploit.stage,com.metasploit.stage,4,Riskware,test
8539,com.YyYm007.Clevern,com.YyYm007.Clevern,4,Riskware,validation
8540,com.lprknz.kmlswqjq,com.lprknz.kmlswqjq,4,Riskware,train
8541,com.metasploit.stage,com.metasploit.stage,4,Riskware,test
8542,com.vdk.bsenmh,com.vdk.bsenmh,4,Riskware,train
8543,gdowhcr.zuzdn.yjhyv.jslrsh,gdowhcr.zuzdn.yjhyv.jslrsh,4,Riskware,train
8544,com.frvsqemd.eirmpxbf,com.frvsqemd.eirmpxbf,4,Riskware,test
8545,com.metasploit.stage,com.metasploit.stage,4,Riskware,test
8546,air.com.KalromSystems.VoiceDrawFree,air.com.KalromSystems.VoiceDrawFree,4,Riskware,test
8547,com.ccyx.b171106.tmdmx,com.ccyx.b171106.tmdmx,4,Riskware,test
8548,,__missing_package_row_8548,4,Riskware,train
8549,com.android.liulingwu,com.android.liulingwu,4,Riskware,train
8550,com.qq.mpz,com.qq.mpz,4,Riskware,train
8551,com.iapp.i1456129234663,com.iapp.i1456129234663,4,Riskware,train
8552,twz.yygame.A030003A05,twz.yygame.A030003A05,4,Riskware,validation
8553,com.english.cambrid.ielts.learnword,com.english.cambrid.ielts.learnword,4,Riskware,train
8554,com.jft.gfzria,com.jft.gfzria,4,Riskware,validation
8555,com.yourpornapp.app.tnaflix,com.yourpornapp.app.tnaflix,4,Riskware,train
8556,com.ED78F.LllC.STX4.W9VU,com.ED78F.LllC.STX4.W9VU,4,Riskware,train
8557,com.jzw.qvicob,com.jzw.qvicob,4,Riskware,train
8558,com.xqb.hghjvh,com.xqb.hghjvh,4,Riskware,train
8560,com.btl.cozwsv,com.btl.cozwsv,4,Riskware,train
8561,com.nub.bisejc,com.nub.bisejc,4,Riskware,validation
8562,my.app.client,my.app.client,4,Riskware,validation
8563,,__missing_package_row_8563,4,Riskware,train
8564,com.nikugongzuoshi.kxviurfptz,com.nikugongzuoshi.kxviurfptz,4,Riskware,train
8565,com.aio.downloader,com.aio.downloader,4,Riskware,train
8566,com.iapp.hongbao,com.iapp.hongbao,4,Riskware,train
8567,com.boq.duciro.lobimelij,com.boq.duciro.lobimelij,4,Riskware,train
8568,cn.china.people.www,cn.china.people.www,4,Riskware,train
8569,,__missing_package_row_8569,4,Riskware,train
8570,com.kwb.purubf,com.kwb.purubf,4,Riskware,validation
8571,com.tencent.qqzmobileqq,com.tencent.qqzmobileqq,4,Riskware,validation
8572,com.yhe.cpmqmk,com.yhe.cpmqmk,4,Riskware,test
8573,com.p9223894y4v048013,com.p9223894y4v048013,4,Riskware,train
8574,cn.net.tencet.qq.weixin.org,cn.net.tencet.qq.weixin.org,4,Riskware,train
8575,org.qq.weixin.baidu.sina,org.qq.weixin.baidu.sina,4,Riskware,validation
8576,com.yyl.tdqivo,com.yyl.tdqivo,4,Riskware,train
8577,ch.nth.android.contentabo_l01_sim_univ,ch.nth.android.contentabo_l01_sim_univ,4,Riskware,validation
8578,com.juyu.live,com.juyu.live,4,Riskware,validation
8579,com.ifm.qfzqhg,com.ifm.qfzqhg,4,Riskware,train
8580,com.antivirus.web.best.sample.version,com.antivirus.web.best.sample.version,4,Riskware,train
8581,com.jozajb.gviikdbq,com.jozajb.gviikdbq,4,Riskware,validation
8582,ohjpfml.mvbesul.vpcy,ohjpfml.mvbesul.vpcy,4,Riskware,train
8583,com.hpe.xzciqw,com.hpe.xzciqw,4,Riskware,train
8584,com.faj.hqpsin,com.faj.hqpsin,4,Riskware,train
8585,,__missing_package_row_8585,4,Riskware,validation
8586,com.dalingj.YyYm007,com.dalingj.YyYm007,4,Riskware,train
8587,com.isj.fzmapb,com.isj.fzmapb,4,Riskware,train
8588,com.et.contact.ui,com.et.contact.ui,4,Riskware,validation
8589,com.juyu.live,com.juyu.live,4,Riskware,validation
8590,com.pis.dcypxk,com.pis.dcypxk,4,Riskware,train
8591,kthctsvk.bzzas.uuykvo.abbppg,kthctsvk.bzzas.uuykvo.abbppg,4,Riskware,validation
8592,com.xiao.ht.kum,com.xiao.ht.kum,4,Riskware,test
8593,com.lema.lematcs2110,com.lema.lematcs2110,4,Riskware,test
8594,com.hes.cjopjx,com.hes.cjopjx,4,Riskware,train
8595,psg.nll.yqgaeg.metydbcp,psg.nll.yqgaeg.metydbcp,4,Riskware,validation
8596,com.yourpornapp.app.tnaflix,com.yourpornapp.app.tnaflix,4,Riskware,train
8597,air.nodo.vivox.qixogebusut,air.nodo.vivox.qixogebusut,4,Riskware,test
8598,kthctsvk.bzzas.uuykvo.abbppg,kthctsvk.bzzas.uuykvo.abbppg,4,Riskware,validation
8599,com.nus.puzxms,com.nus.puzxms,4,Riskware,validation
8600,com.choujiang300,com.choujiang300,4,Riskware,train
8601,com.qjkbffpf.jzmekhaw,com.qjkbffpf.jzmekhaw,4,Riskware,validation
8602,com.ytz.tlonfx,com.ytz.tlonfx,4,Riskware,train
8603,org.germany.detail.spell.bowl.wore.barn,org.germany.detail.spell.bowl.wore.barn,4,Riskware,train
8604,com.sig.sigbua,com.sig.sigbua,4,Riskware,train
8605,com.hde.jkkaxg,com.hde.jkkaxg,4,Riskware,train
8606,hfbatdl.hfcatidgue.hfaxodur.hferafst,hfbatdl.hfcatidgue.hfaxodur.hferafst,4,Riskware,train
8607,com.xbkpnotification,com.xbkpnotification,4,Riskware,train
8608,com.qcyxzt.scjbqhfu,com.qcyxzt.scjbqhfu,4,Riskware,validation
8609,com.juyu.live,com.juyu.live,4,Riskware,validation
8610,com.yko.ksstoy,com.yko.ksstoy,4,Riskware,validation
8611,com.IJ3d3o8356E,com.IJ3d3o8356E,4,Riskware,train
8612,es.jgswsy.megagamesecondlifeversion,es.jgswsy.megagamesecondlifeversion,4,Riskware,validation
8614,com.cxb.tdrkts,com.cxb.tdrkts,4,Riskware,train
8615,com.tyx.smraie,com.tyx.smraie,4,Riskware,validation
8616,com.anfh,com.anfh,4,Riskware,validation
8617,com.anl.tayqgs,com.anl.tayqgs,4,Riskware,train
8618,com.onlooker.cardtable.revoked,com.onlooker.cardtable.revoked,4,Riskware,train
8619,com.nnj.duroki,com.nnj.duroki,4,Riskware,validation
8620,,__missing_package_row_8620,4,Riskware,test
8621,com.lqq.Ay,com.lqq.Ay,4,Riskware,train
8622,com.xpz.diulkm,com.xpz.diulkm,4,Riskware,validation
8623,com.lemamage.lemamage2,com.lemamage.lemamage2,4,Riskware,test
8624,edu.owlcfpadpocbuo.sunnyleonesexvideos,edu.owlcfpadpocbuo.sunnyleonesexvideos,4,Riskware,validation
8625,com.euyxei.uwxdwohu,com.euyxei.uwxdwohu,4,Riskware,train
8626,air.com.KalromSystems.FlappyYou,air.com.KalromSystems.FlappyYou,4,Riskware,validation
8627,com.huoying.renzhe20601,com.huoying.renzhe20601,4,Riskware,train
8628,edu.sxtxuik.irondesertfirestorm,edu.sxtxuik.irondesertfirestorm,4,Riskware,validation
8629,com.jin.wogdpe,com.jin.wogdpe,4,Riskware,train
8630,com.qwy.ghfokl,com.qwy.ghfokl,4,Riskware,train
8631,net.rapidly.mass.wonderful.germany.hurry.lake,net.rapidly.mass.wonderful.germany.hurry.lake,4,Riskware,train
8632,com.qq.mpz,com.qq.mpz,4,Riskware,train
8633,com.yourpornapp.app.tnaflix,com.yourpornapp.app.tnaflix,4,Riskware,train
8634,com.tianyan.wangzhan,com.tianyan.wangzhan,4,Riskware,train
8635,au.com.phil.minepro,au.com.phil.minepro,4,Riskware,train
8636,com.qq.qqxjdg,com.qq.qqxjdg,4,Riskware,train
8638,com.fbv.gecile,com.fbv.gecile,4,Riskware,validation
8639,com.ccduey.dpailofd,com.ccduey.dpailofd,4,Riskware,test
8640,com.botrockettoken,com.botrockettoken,4,Riskware,test
8641,cn.net.tencet.qq.weixin.org,cn.net.tencet.qq.weixin.org,4,Riskware,train
8642,com.video.player.xxx.super.girl.sett,com.video.player.xxx.super.girl.sett,4,Riskware,validation
8643,com.qq.djdg,com.qq.djdg,4,Riskware,validation
8644,com.ccn.avuhaw,com.ccn.avuhaw,4,Riskware,validation
8646,com.metasploit.stage,com.metasploit.stage,4,Riskware,test
8647,com.andorid.clock,com.andorid.clock,4,Riskware,test
8648,com.umrcar.uhlobota,com.umrcar.uhlobota,4,Riskware,train
8649,com.xiao.ht.kum,com.xiao.ht.kum,4,Riskware,test
8650,com.india.favorite,com.india.favorite,4,Riskware,train
8651,com.bdzexa.hzpz.tccdzz11287,com.bdzexa.hzpz.tccdzz11287,4,Riskware,train
8652,com.gws.tkouix,com.gws.tkouix,4,Riskware,validation
8653,com.detail.track.smell.trail.wonderful.trail,com.detail.track.smell.trail.wonderful.trail,4,Riskware,test
8654,com.timo.dlpushplugin,com.timo.dlpushplugin,4,Riskware,train
8655,com.jbl.najnkc,com.jbl.najnkc,4,Riskware,test
8656,com.iapp.shuaqian,com.iapp.shuaqian,4,Riskware,validation
8657,com.jymfgk.koltb,com.jymfgk.koltb,4,Riskware,train
8658,biz.fxvzrgk.awesomefonts,biz.fxvzrgk.awesomefonts,4,Riskware,validation
8659,com.poinsettia.belate,com.poinsettia.belate,4,Riskware,train
8660,sldfi.mrokzvj.czbuc.qfabttd,sldfi.mrokzvj.czbuc.qfabttd,4,Riskware,test
8661,com.tencens.snake.ca,com.tencens.snake.ca,4,Riskware,train
8662,mob.viwu.hugulu.picucafaxo,mob.viwu.hugulu.picucafaxo,4,Riskware,train
8663,com.dui.bjbhsp,com.dui.bjbhsp,4,Riskware,validation
8664,com.tpqq.Ay,com.tpqq.Ay,4,Riskware,validation
8665,com.ttyt.book,com.ttyt.book,4,Riskware,train
8666,clbhgj.wadda.jisshs.dphmoyii,clbhgj.wadda.jisshs.dphmoyii,4,Riskware,validation
8667,com.abcde,com.abcde,4,Riskware,validation
8668,info.qfnqtsgmwfgnkd.slovaizslova,info.qfnqtsgmwfgnkd.slovaizslova,4,Riskware,validation
8669,com.lpo.gcwhbl,com.lpo.gcwhbl,4,Riskware,train
8670,com.dsfpqv.yaarjcbf,com.dsfpqv.yaarjcbf,4,Riskware,train
8671,com.hssd.sbvoa,com.hssd.sbvoa,4,Riskware,train
8672,com.softforlife.english.audiostory,com.softforlife.english.audiostory,4,Riskware,test
8673,ofpnsukwpbfxaly.vpkuffjw.zxc,ofpnsukwpbfxaly.vpkuffjw.zxc,4,Riskware,test
8674,com.brti.vrnisf,com.brti.vrnisf,4,Riskware,train
8675,com.jlksdh.anxolxoh,com.jlksdh.anxolxoh,4,Riskware,train
8676,com.sfv.ysdwlh,com.sfv.ysdwlh,4,Riskware,train
8677,com.tzjtmq.mrtrjhgf,com.tzjtmq.mrtrjhgf,4,Riskware,validation
8678,ch.nth.android.contentabo_l01_sim_univ,ch.nth.android.contentabo_l01_sim_univ,4,Riskware,validation
8679,s.qq.qqmm,s.qq.qqmm,4,Riskware,train
8680,com.lyj.aihrtx,com.lyj.aihrtx,4,Riskware,test
8681,mvnxuuyuqbklpjpw.txdvvmncciiri.dd.axkyrbacnplcm.vj,mvnxuuyuqbklpjpw.txdvvmncciiri.dd.axkyrbacnplcm.vj,4,Riskware,test
8682,com.efz.lzywuo,com.efz.lzywuo,4,Riskware,train
8683,com.crh.hidgvk,com.crh.hidgvk,4,Riskware,train
8684,com.android.app253485,com.android.app253485,4,Riskware,train
8685,com.slkuwv.vyotfcus,com.slkuwv.vyotfcus,4,Riskware,train
8686,com.frj.ezzdpe,com.frj.ezzdpe,4,Riskware,train
8687,mob.paqu.kejohi.qanebige,mob.paqu.kejohi.qanebige,4,Riskware,train
8688,s.leng.mm,s.leng.mm,4,Riskware,train
8689,com.maiy.xiao.kum,com.maiy.xiao.kum,4,Riskware,validation
8690,com.rzb.ymwqec,com.rzb.ymwqec,4,Riskware,train
8691,com.slt.nt2,com.slt.nt2,4,Riskware,test
8692,cn.china.people.www,cn.china.people.www,4,Riskware,train
8693,com.iapp.iphone6s,com.iapp.iphone6s,4,Riskware,validation
8694,com.vii.hvhxxk,com.vii.hvhxxk,4,Riskware,train
8695,com.knjpag.xdbcicrs,com.knjpag.xdbcicrs,4,Riskware,validation
8696,com.fkg.ukprvb,com.fkg.ukprvb,4,Riskware,train
8697,com.juyu.live,com.juyu.live,4,Riskware,validation
8698,edu.dxgdldfdycdchj.nyzombies,edu.dxgdldfdycdchj.nyzombies,4,Riskware,train
8699,edu.gentlewoman.credulity,edu.gentlewoman.credulity,4,Riskware,train
8700,com.newfruit.game.ff,com.newfruit.game.ff,4,Riskware,train
8701,com.wio.xcztvn,com.wio.xcztvn,4,Riskware,train
8702,com.yne.mfmvyv,com.yne.mfmvyv,4,Riskware,train
8703,com.qq.shuazuan,com.qq.shuazuan,4,Riskware,test
8704,com.ble.gumiwk,com.ble.gumiwk,4,Riskware,train
8705,eu.teaji.miniinimo,eu.teaji.miniinimo,4,Riskware,train
8706,com.pto.znfail,com.pto.znfail,4,Riskware,train
8707,com.zrk.ldxjag,com.zrk.ldxjag,4,Riskware,train
8708,sqex.hzsciiritcgada,sqex.hzsciiritcgada,4,Riskware,train
8709,com.juyu.live,com.juyu.live,4,Riskware,validation
8711,com.kwl.dmjino,com.kwl.dmjino,4,Riskware,train
8712,com.afndvgbsdb.pjfcjvdflbn,com.afndvgbsdb.pjfcjvdflbn,4,Riskware,train
8713,com.NewApp,com.NewApp,4,Riskware,validation
8714,com.excelliance.dualaid.vend,com.excelliance.dualaid.vend,4,Riskware,test
8715,net.ni.pire.xahovaxuno,net.ni.pire.xahovaxuno,4,Riskware,test
8716,s.qq.qqmm,s.qq.qqmm,4,Riskware,train
8717,com.hongzhaji,com.hongzhaji,4,Riskware,train
8718,com.genamar.oopsapp,com.genamar.oopsapp,4,Riskware,train
8719,com.icd.wtseal,com.icd.wtseal,4,Riskware,test
8720,com.puyewn.ppltmobj,com.puyewn.ppltmobj,4,Riskware,train
8721,com.yourpornapp.app.tnaflix,com.yourpornapp.app.tnaflix,4,Riskware,train
8722,com.iapp.i1516847197645,com.iapp.i1516847197645,4,Riskware,train
8723,com.jfsyf.kietrsd,com.jfsyf.kietrsd,4,Riskware,test
8724,com.abc126,com.abc126,4,Riskware,test
8725,net.pbsnvupdzxij.rominstaller,net.pbsnvupdzxij.rominstaller,4,Riskware,validation
8726,com.iapp.minpianzan,com.iapp.minpianzan,4,Riskware,test
8728,com.oga.kxaaxx,com.oga.kxaaxx,4,Riskware,train
8729,org.cocos2dx.MeiNvSp.iokjdeg,org.cocos2dx.MeiNvSp.iokjdeg,4,Riskware,validation
8730,com.bianbianqipao.ju,com.bianbianqipao.ju,4,Riskware,train
8731,com.Rootexplorer,com.Rootexplorer,4,Riskware,validation
8732,s.qq.qqmm,s.qq.qqmm,4,Riskware,train
8733,com.cey.dszige,com.cey.dszige,4,Riskware,train
8734,com.mrm.amxtnj,com.mrm.amxtnj,4,Riskware,train
8735,s.qq.qqmm,s.qq.qqmm,4,Riskware,train
8736,com.ktflkgmv.tehjbyyr,com.ktflkgmv.tehjbyyr,4,Riskware,validation
8737,zxhmc.nksdcxrf.mgc.mudoww,zxhmc.nksdcxrf.mgc.mudoww,4,Riskware,validation
8738,com.bianbianqipao.ju,com.bianbianqipao.ju,4,Riskware,train
8739,com.mogrrcyfry,com.mogrrcyfry,4,Riskware,train
8740,com.fre.atfqhu,com.fre.atfqhu,4,Riskware,test
8741,com.antivirus.web.best.sample.version,com.antivirus.web.best.sample.version,4,Riskware,train
8742,com.hdc.bookmark236662,com.hdc.bookmark236662,4,Riskware,test
8743,com.ion.nghcyr,com.ion.nghcyr,4,Riskware,train
8744,com.rvs.quuyvs,com.rvs.quuyvs,4,Riskware,train
8745,com.BF85Ba52m530,com.BF85Ba52m530,4,Riskware,validation
8746,gmjfydc.wvtvlfx.okqg,gmjfydc.wvtvlfx.okqg,4,Riskware,train
8747,qhpyi.yxpcuhs.cdvp,qhpyi.yxpcuhs.cdvp,4,Riskware,train
8748,mscqv.qowzbfc.gvypmmvgebp.eyqdecwgsrpjgm.hslwzgu,mscqv.qowzbfc.gvypmmvgebp.eyqdecwgsrpjgm.hslwzgu,4,Riskware,train
8749,com.mbx.frryqo,com.mbx.frryqo,4,Riskware,train
8750,cn.china.people.www,cn.china.people.www,4,Riskware,train
8751,com.hssd.sbvoa,com.hssd.sbvoa,4,Riskware,train
8752,com.elm.kvncdn,com.elm.kvncdn,4,Riskware,train
8753,com.android.print.incallui2,com.android.print.incallui2,4,Riskware,train
8754,com.sz.games.duiduipeng,com.sz.games.duiduipeng,4,Riskware,train
8755,com.qtwcxqzr.mzwhjgmo,com.qtwcxqzr.mzwhjgmo,4,Riskware,validation
8756,ch.nth.android.contentabo_l01_sim_univ,ch.nth.android.contentabo_l01_sim_univ,4,Riskware,validation
8757,,__missing_package_row_8757,4,Riskware,train
8758,com.xrp.xgdzoo,com.xrp.xgdzoo,4,Riskware,test
8759,com.oyc.jfxpfb,com.oyc.jfxpfb,4,Riskware,train
8760,com.oqv.mssknl,com.oqv.mssknl,4,Riskware,test
8761,com.vtp.ydghzp,com.vtp.ydghzp,4,Riskware,test
8762,biz.drew.lake.leader.western.belong.whenever.cry,biz.drew.lake.leader.western.belong.whenever.cry,4,Riskware,train
8763,com.nwe.kk,com.nwe.kk,4,Riskware,train
8764,com.asdbvg.asba,com.asdbvg.asba,4,Riskware,train
8765,twz.yygame.A080009A05,twz.yygame.A080009A05,4,Riskware,train
8766,com.tfn.kilnxp,com.tfn.kilnxp,4,Riskware,train
8767,com.qqu.jxlzdn,com.qqu.jxlzdn,4,Riskware,validation
8768,com.llp.wqidez,com.llp.wqidez,4,Riskware,train
8769,exwbj.ojzfdxzf.rmakc.nxyl,exwbj.ojzfdxzf.rmakc.nxyl,4,Riskware,validation
8770,com.fruit.zgly,com.fruit.zgly,4,Riskware,train
8771,com.ouvhpf.racaajsf,com.ouvhpf.racaajsf,4,Riskware,validation
8772,ixmzlb.wkme.yyektaw.ritdvafo,ixmzlb.wkme.yyektaw.ritdvafo,4,Riskware,train
8773,com.iob.gsmkum,com.iob.gsmkum,4,Riskware,train
8774,com.hoi.wfqqor,com.hoi.wfqqor,4,Riskware,test
8775,com.xmeudp.ojhsgjky,com.xmeudp.ojhsgjky,4,Riskware,test
8776,eu.hsikjahajawu.groovedownbestmpdownloader,eu.hsikjahajawu.groovedownbestmpdownloader,4,Riskware,train
8777,com.google.android.daemon,com.google.android.daemon,4,Riskware,train
8778,com.pyforum.hvfdjb,com.pyforum.hvfdjb,4,Riskware,test
8779,com.iflgdi.mzdnsadz,com.iflgdi.mzdnsadz,4,Riskware,train
8780,org.rusmdhbqvykj.puzzlejenyfer,org.rusmdhbqvykj.puzzlejenyfer,4,Riskware,train
8781,huv.bua.kznjb.jbvurj,huv.bua.kznjb.jbvurj,4,Riskware,train
8782,com.let.go,com.let.go,4,Riskware,test
8783,com.kjw.xofwfj,com.kjw.xofwfj,4,Riskware,train
8785,com.xwbfql.ihosvahf,com.xwbfql.ihosvahf,4,Riskware,train
8786,com.ghs.earaid,com.ghs.earaid,4,Riskware,validation
8787,biz.gvavytzagujco.bsplayer,biz.gvavytzagujco.bsplayer,4,Riskware,train
8788,com.mziwpc.pblsoeeo,com.mziwpc.pblsoeeo,4,Riskware,test
8789,com.ttyt.book,com.ttyt.book,4,Riskware,train
8790,com.tun.awijuk,com.tun.awijuk,4,Riskware,test
8791,sd.cd.ss,sd.cd.ss,4,Riskware,train
8792,com.suibianla.iapp,com.suibianla.iapp,4,Riskware,test
8793,com.qsp.mhugms,com.qsp.mhugms,4,Riskware,train
8794,com.ttyt.book,com.ttyt.book,4,Riskware,train
8795,com.fcjcqq.oypcmbmu,com.fcjcqq.oypcmbmu,4,Riskware,test
8796,cn.chinahn.soj.net.org,cn.chinahn.soj.net.org,4,Riskware,train
8797,com.zhrclm.imbovgrp,com.zhrclm.imbovgrp,4,Riskware,train
8798,twz.yygame.A030009A03,twz.yygame.A030009A03,4,Riskware,train
8799,com.fqhqqy.vtnmyirj,com.fqhqqy.vtnmyirj,4,Riskware,validation
8800,com.free.appdownload,com.free.appdownload,4,Riskware,validation
8801,net.deer.wonderful.muscle.lunch.sweet.coffee.powerful,net.deer.wonderful.muscle.lunch.sweet.coffee.powerful,4,Riskware,train
8802,com.blfxisgdsfspx.voditelavtobusadpro,com.blfxisgdsfspx.voditelavtobusadpro,4,Riskware,validation
8803,com.mix.yhkzrg,com.mix.yhkzrg,4,Riskware,validation
8804,com.jaw.rjceni,com.jaw.rjceni,4,Riskware,train
8805,km.kpkokf.ub.u00db76432df0b.r2f2,km.kpkokf.ub.u00db76432df0b.r2f2,4,Riskware,test
8806,net.bkqlxtkwpb.subwaysurfersdownloadgame,net.bkqlxtkwpb.subwaysurfersdownloadgame,4,Riskware,validation
8807,com.gvi.gffeai,com.gvi.gffeai,4,Riskware,train
8808,com.trt.zbvnkp,com.trt.zbvnkp,4,Riskware,train
8809,xsld.mbb.brtvfd.aymjnmfk,xsld.mbb.brtvfd.aymjnmfk,4,Riskware,validation
8810,com.urjma.rosnd,com.urjma.rosnd,4,Riskware,test
8811,com.ntgs.ntbfa.jjyc,com.ntgs.ntbfa.jjyc,4,Riskware,test
8812,com.if83d6ed776bde986,com.if83d6ed776bde986,4,Riskware,test
8813,com.mkz.zcrzws,com.mkz.zcrzws,4,Riskware,train
8814,com.mll.fpqfgb,com.mll.fpqfgb,4,Riskware,test
8815,com.aug.tbdupf,com.aug.tbdupf,4,Riskware,test
8816,com.tangguoshijie.cengceng,com.tangguoshijie.cengceng,4,Riskware,test
8817,edu.toyoxbexiazlki.cleogold,edu.toyoxbexiazlki.cleogold,4,Riskware,train
8818,com.v1_4.BFC70ED44DA26C4AE2D2615E.com,com.v1_4.BFC70ED44DA26C4AE2D2615E.com,4,Riskware,train
8819,com.lqz.hxtada,com.lqz.hxtada,4,Riskware,train
8820,com.ttyt.book,com.ttyt.book,4,Riskware,train
8821,com.urjma.rosnd,com.urjma.rosnd,4,Riskware,test
8822,com.hesek.visep.critical.ops,com.hesek.visep.critical.ops,4,Riskware,train
8823,com.bigger.railroad.likely,com.bigger.railroad.likely,4,Riskware,validation
8824,com.caf.hogktk,com.caf.hogktk,4,Riskware,train
8825,,__missing_package_row_8825,4,Riskware,train
8826,com.hiqpjygd.kzbzhyld,com.hiqpjygd.kzbzhyld,4,Riskware,test
8827,com.lazy.ToolBox,com.lazy.ToolBox,4,Riskware,train
8828,twz.yygame.A080001A01,twz.yygame.A080001A01,4,Riskware,train
8829,com.iay.tzpsmw,com.iay.tzpsmw,4,Riskware,test
8830,uk.qjsqfox.imofreevideocallsandchat,uk.qjsqfox.imofreevideocallsandchat,4,Riskware,validation
8831,com.KeeL9646729tcmj972M7,com.KeeL9646729tcmj972M7,4,Riskware,test
8832,jwypm.jpg.png,jwypm.jpg.png,4,Riskware,train
8833,eu.cwiaygmxf.gangstarvegas,eu.cwiaygmxf.gangstarvegas,4,Riskware,validation
8834,biz.bsahbdeaqjy.bigboobsgirls,biz.bsahbdeaqjy.bigboobsgirls,4,Riskware,validation
8835,com.xtkaeb.pqyeiejd,com.xtkaeb.pqyeiejd,4,Riskware,train
8836,com.pwgtny.axmnomcf,com.pwgtny.axmnomcf,4,Riskware,train
8837,com.odo.upedpu,com.odo.upedpu,4,Riskware,train
8838,com.kvr.deqkmn,com.kvr.deqkmn,4,Riskware,test
8839,com.utmmjj.cuzehvvz,com.utmmjj.cuzehvvz,4,Riskware,train
8840,com.metasploit.stage,com.metasploit.stage,4,Riskware,test
8841,com.ocj.zirbru,com.ocj.zirbru,4,Riskware,validation
8842,com.juyu.live,com.juyu.live,4,Riskware,validation
8843,com.wrb.thnyjg,com.wrb.thnyjg,4,Riskware,test
8844,edu.drausrppvkk.survivalcraftinspectoratenorgeas,edu.drausrppvkk.survivalcraftinspectoratenorgeas,4,Riskware,test
8845,com.jr.flybird,com.jr.flybird,4,Riskware,train
8846,edu.gentlewoman.credulity,edu.gentlewoman.credulity,4,Riskware,train
8847,com.rlt.lbrshn,com.rlt.lbrshn,4,Riskware,train
8848,com.pjj.sjtkjn,com.pjj.sjtkjn,4,Riskware,validation
8849,com.video.player.xxx.super.girl.sett,com.video.player.xxx.super.girl.sett,4,Riskware,validation
8850,com.erds.fgdsg.etwrgrefgdfc8,com.erds.fgdsg.etwrgrefgdfc8,4,Riskware,test
8851,com.dqtwes.dgdrppxu,com.dqtwes.dgdrppxu,4,Riskware,test
8852,com.zoi.agizwh,com.zoi.agizwh,4,Riskware,validation
8853,cn.d.vdfrt.hkb,cn.d.vdfrt.hkb,4,Riskware,validation
8854,ch.nth.android.contentabo_l01_sim_univ,ch.nth.android.contentabo_l01_sim_univ,4,Riskware,validation
8855,com.yoqrvq.nyamwvcs,com.yoqrvq.nyamwvcs,4,Riskware,train
8856,com.zmrh.ppldjh,com.zmrh.ppldjh,4,Riskware,validation
8857,com.egh.rnmbvw,com.egh.rnmbvw,4,Riskware,train
8858,com.espabit.essexyfaceGR,com.espabit.essexyfaceGR,4,Riskware,train
8859,com.gammalab.chessopenings,com.gammalab.chessopenings,4,Riskware,train
8860,com.cyd.unayfv,com.cyd.unayfv,4,Riskware,test
8861,com.omgu.chc.hj.mmlb,com.omgu.chc.hj.mmlb,4,Riskware,validation
8862,com.qfp.wmffol,com.qfp.wmffol,4,Riskware,train
8863,com.jsb.sjocoe,com.jsb.sjocoe,4,Riskware,train
8864,org.whenever.airplane.upper.track.knife,org.whenever.airplane.upper.track.knife,4,Riskware,train
8865,com.ajk.rxoexb,com.ajk.rxoexb,4,Riskware,train
8866,com.Gentlee.YyYm007,com.Gentlee.YyYm007,4,Riskware,validation
8867,com.hcpbkc.zuofvwqz,com.hcpbkc.zuofvwqz,4,Riskware,train
8868,com.i760fc7997eab50d,com.i760fc7997eab50d,4,Riskware,validation
8869,com.ailuwq.qwhddsfb,com.ailuwq.qwhddsfb,4,Riskware,train
8870,com.cccc.cc,com.cccc.cc,4,Riskware,validation
8871,bapazv.lugun.umfrkk.vk,bapazv.lugun.umfrkk.vk,4,Riskware,train
8872,com.tit.xqadkr,com.tit.xqadkr,4,Riskware,validation
8873,com.iuu.tkojni,com.iuu.tkojni,4,Riskware,train
8874,com.nav.ftkhui,com.nav.ftkhui,4,Riskware,test
8875,com.spappm_mondow.alarm,com.spappm_mondow.alarm,4,Riskware,train
8876,com.mng.kzuuqf,com.mng.kzuuqf,4,Riskware,train
8877,com.sun.develope,com.sun.develope,4,Riskware,test
8878,com.umaytech.iap.mi,com.umaytech.iap.mi,4,Riskware,train
8879,,__missing_package_row_8879,4,Riskware,train
8880,com.rrt.softy,com.rrt.softy,4,Riskware,validation
8881,com.jxu.qjkkuw,com.jxu.qjkkuw,4,Riskware,validation
8882,com.ttyt.book,com.ttyt.book,4,Riskware,train
8883,com.uos.ezhwkr,com.uos.ezhwkr,4,Riskware,validation
8884,com.hzd.fyyvwq,com.hzd.fyyvwq,4,Riskware,test
8885,dfgy5.ty67.gh5,dfgy5.ty67.gh5,4,Riskware,test
8886,org.gmxcyhbfhf.kaceyjordanpornmovies,org.gmxcyhbfhf.kaceyjordanpornmovies,4,Riskware,test
8887,vgasl.mujzna.zunlt.jttyiv,vgasl.mujzna.zunlt.jttyiv,4,Riskware,train
8888,com.yqwwvzzw.szkusgzg,com.yqwwvzzw.szkusgzg,4,Riskware,validation
8889,com.xwg.zuoyeshenqioa,com.xwg.zuoyeshenqioa,4,Riskware,train
8890,com.yyatenz.catcz,com.yyatenz.catcz,4,Riskware,test
8891,com.german.chinese.understanding.driver,com.german.chinese.understanding.driver,4,Riskware,train
8892,com.rqx.vqfvps,com.rqx.vqfvps,4,Riskware,train
8893,com.sil.cxenmk,com.sil.cxenmk,4,Riskware,validation
8894,com.mes.vlpkkv,com.mes.vlpkkv,4,Riskware,train
8895,com.dhu.ykhsye,com.dhu.ykhsye,4,Riskware,validation
8896,com.wangye,com.wangye,4,Riskware,train
8897,com.yw.ywbox,com.yw.ywbox,4,Riskware,train
8898,com.zaomenxiyousuadianpian,com.zaomenxiyousuadianpian,4,Riskware,train
8899,com.cykvcd.cexnwsmx,com.cykvcd.cexnwsmx,4,Riskware,validation
8900,com.patusd.rlucmxtu,com.patusd.rlucmxtu,4,Riskware,train
8901,pI.SRJTyd.Dq,pI.SRJTyd.Dq,4,Riskware,train
8902,biz.znfljqjmiqqp.athleticsletnievidysporta,biz.znfljqjmiqqp.athleticsletnievidysporta,4,Riskware,test
8903,com.qry.ouuvrg,com.qry.ouuvrg,4,Riskware,train
8904,net.pbnckpcsioktr.indigolake,net.pbnckpcsioktr.indigolake,4,Riskware,train
8905,hlopt.jazpy.wqnjbz,hlopt.jazpy.wqnjbz,4,Riskware,train
8906,s.qq.qqmm,s.qq.qqmm,4,Riskware,train
8907,com.liywqwmdheqfr.vsco,com.liywqwmdheqfr.vsco,4,Riskware,train
8908,com.qq.djdg,com.qq.djdg,4,Riskware,validation
8909,ch.nth.android.contentabo_l01_sim_univ,ch.nth.android.contentabo_l01_sim_univ,4,Riskware,validation
8910,com.sz.games.paopaolong,com.sz.games.paopaolong,4,Riskware,test
8911,gov.sweet.art.bowl.track.art.whenever,gov.sweet.art.bowl.track.art.whenever,4,Riskware,train
8912,com.jeh.vhasdk,com.jeh.vhasdk,4,Riskware,train
8913,com.gpn.vtdact,com.gpn.vtdact,4,Riskware,train
8914,com.ic3b48cbcbd24e55b,com.ic3b48cbcbd24e55b,4,Riskware,test
8915,com.qq.shuazuan,com.qq.shuazuan,4,Riskware,test
8916,com.video.player.xxx.super.girl.sett,com.video.player.xxx.super.girl.sett,4,Riskware,validation
8917,zbS.dWpv.cuDeURxK,zbS.dWpv.cuDeURxK,4,Riskware,test
8918,com.pl.xx.ttaxp.yk_yxgl,com.pl.xx.ttaxp.yk_yxgl,4,Riskware,train
8919,com.opw.mvxsdk,com.opw.mvxsdk,4,Riskware,train
8920,com.qq.kj,com.qq.kj,4,Riskware,train
8921,com.vxi.inkwua,com.vxi.inkwua,4,Riskware,test
8922,ru.goluk.tiropi.sportivnie.prognozi,ru.goluk.tiropi.sportivnie.prognozi,4,Riskware,train
8923,com.antivirus.web.best.sample.version,com.antivirus.web.best.sample.version,4,Riskware,train
8924,com.qq.mpz,com.qq.mpz,4,Riskware,train
8925,com.psatqwisadlk.pantyshark,com.psatqwisadlk.pantyshark,4,Riskware,validation
8926,ekhef.mtqnw.otnbms,ekhef.mtqnw.otnbms,4,Riskware,train
8927,com.utq.nznbfp,com.utq.nznbfp,4,Riskware,validation
8928,com.umf.zxrdnu,com.umf.zxrdnu,4,Riskware,validation
8929,com.leyou.luandou.snake.ykwlsy,com.leyou.luandou.snake.ykwlsy,4,Riskware,train
8930,com.zhainveworld.enyrnwj,com.zhainveworld.enyrnwj,4,Riskware,train
8931,net.pcswsguezrny.amazingsashadelvalle,net.pcswsguezrny.amazingsashadelvalle,4,Riskware,train
8932,com.eunknv.xdooiplt,com.eunknv.xdooiplt,4,Riskware,test
8933,edu.acggveteuicit.diskdiggerpro,edu.acggveteuicit.diskdiggerpro,4,Riskware,train
8935,com.egc.jwidus,com.egc.jwidus,4,Riskware,test
8936,com.drv.qckbmn,com.drv.qckbmn,4,Riskware,test
8937,com.yourpornapp.app.tnaflix,com.yourpornapp.app.tnaflix,4,Riskware,train
8938,jjkbsi.pnyb.rjdzcpcchjeny,jjkbsi.pnyb.rjdzcpcchjeny,4,Riskware,validation
8939,com.wiy.fekipd,com.wiy.fekipd,4,Riskware,train
8940,ru.de.teje.texori,ru.de.teje.texori,4,Riskware,train
8941,mmi.aoca.tso,mmi.aoca.tso,4,Riskware,test
8942,com.ubvvuf.fwitoaws,com.ubvvuf.fwitoaws,4,Riskware,train
8943,s.qq.qqmm,s.qq.qqmm,4,Riskware,train
8944,com.ydvmty.iukrgivp,com.ydvmty.iukrgivp,4,Riskware,train
8945,cn.net.tencet.qq.weixin.org,cn.net.tencet.qq.weixin.org,4,Riskware,train
8946,com.eetmpr.hjdnnjrf,com.eetmpr.hjdnnjrf,4,Riskware,validation
8947,com.hbittb.rvcvvgrh,com.hbittb.rvcvvgrh,4,Riskware,train
8948,com.ntg.tktkmd,com.ntg.tktkmd,4,Riskware,train
8949,com.video.player.xxx.super.girl.sett,com.video.player.xxx.super.girl.sett,4,Riskware,validation
8950,com.oju.nqeprw,com.oju.nqeprw,4,Riskware,train
8951,mayor.tomas.torre.de.control,mayor.tomas.torre.de.control,4,Riskware,validation
8952,com.oyef.ctag.hv.my,com.oyef.ctag.hv.my,4,Riskware,train
8953,com.hry.atwfue,com.hry.atwfue,4,Riskware,test
8954,py.com.sound.apps.paraguayas,py.com.sound.apps.paraguayas,4,Riskware,test
8955,com.ipj.fallvl,com.ipj.fallvl,4,Riskware,train
8956,com.metasploit.stage,com.metasploit.stage,4,Riskware,test
8957,com.android.systemengine,com.android.systemengine,4,Riskware,test
8958,com.free.appdownload,com.free.appdownload,4,Riskware,validation
8959,com.appshare.android.ilisten,com.appshare.android.ilisten,4,Riskware,validation
8961,com.egfsh,com.egfsh,4,Riskware,train
8962,com.juyu.live,com.juyu.live,4,Riskware,validation
8963,com.bkh.mmdzie,com.bkh.mmdzie,4,Riskware,test
8964,com.xbo.doadum,com.xbo.doadum,4,Riskware,train
8965,com.xefgru.ibrmtldw,com.xefgru.ibrmtldw,4,Riskware,train
8966,com.ljcchz.uistybxm,com.ljcchz.uistybxm,4,Riskware,train
8967,com.cub.hzgelo,com.cub.hzgelo,4,Riskware,train
8968,biz.wjeiivfnzmejut.sexyguysvideov,biz.wjeiivfnzmejut.sexyguysvideov,4,Riskware,validation
8969,com.gtq.rjgost,com.gtq.rjgost,4,Riskware,test
8970,eu.cescekqqdt.fonariktinyflashlight,eu.cescekqqdt.fonariktinyflashlight,4,Riskware,train
8971,com.rmm.jspwrb,com.rmm.jspwrb,4,Riskware,train
8972,com.oiujsq.uwyudns,com.oiujsq.uwyudns,4,Riskware,train
8973,com.emysi.kkoe.idej,com.emysi.kkoe.idej,4,Riskware,train
8974,com.allinone.free,com.allinone.free,4,Riskware,train
8975,com.ige.jtlwru,com.ige.jtlwru,4,Riskware,validation
8976,com.yourpornapp.app.tnaflix,com.yourpornapp.app.tnaflix,4,Riskware,train
8977,com.edx.qnruqz,com.edx.qnruqz,4,Riskware,train
8978,agytz.xooe.zlklc,agytz.xooe.zlklc,4,Riskware,train
8979,com.wwnqoexx.pnoyuceq,com.wwnqoexx.pnoyuceq,4,Riskware,train
8980,pkmr.oixv.abqq.yxnn,pkmr.oixv.abqq.yxnn,4,Riskware,validation
8981,xi.gcdkgzs.behae,xi.gcdkgzs.behae,4,Riskware,validation
8982,twz.yygame.A080009A05,twz.yygame.A080009A05,4,Riskware,train
8983,s.qq.qqmm,s.qq.qqmm,4,Riskware,train
8984,com.hjm.wtephg,com.hjm.wtephg,4,Riskware,test
8985,com.aof.rsjprl,com.aof.rsjprl,4,Riskware,test
8986,com.juyu.live,com.juyu.live,4,Riskware,validation
8987,com.ilk.xbshvt,com.ilk.xbshvt,4,Riskware,train
8988,com.srd.glhomz,com.srd.glhomz,4,Riskware,test
8989,google.com.bn.d2.bill,google.com.bn.d2.bill,4,Riskware,train
8990,com.venator.app.ursafecpumonitor,com.venator.app.ursafecpumonitor,4,Riskware,train
8991,net.qhatppuzvtgth.maddenmobile,net.qhatppuzvtgth.maddenmobile,4,Riskware,train
8992,com.metasploit.stage,com.metasploit.stage,4,Riskware,test
8993,com.yourpornapp.app.xxx,com.yourpornapp.app.xxx,4,Riskware,validation
8994,feesntvwqrlbkw.eu.b,feesntvwqrlbkw.eu.b,4,Riskware,train
8995,com.urjma.rosnd,com.urjma.rosnd,4,Riskware,test
8996,com.uwp.ehlptp,com.uwp.ehlptp,4,Riskware,train
8997,com.tbm.nedefy,com.tbm.nedefy,4,Riskware,test
8998,com.guolingzd.agcall,com.guolingzd.agcall,4,Riskware,train
8999,com.upsymu.zforlvvg,com.upsymu.zforlvvg,4,Riskware,train
9000,s.qq.qqkk,s.qq.qqkk,4,Riskware,train
9001,com.pqw.supzpp,com.pqw.supzpp,4,Riskware,train
9002,com.zrh.uowlnv,com.zrh.uowlnv,4,Riskware,train
9003,com.szedti.prdjivgw,com.szedti.prdjivgw,4,Riskware,test
9004,com.vtj.idqdmb,com.vtj.idqdmb,4,Riskware,train
9005,com.ycfdfvf.agvfvdaw,com.ycfdfvf.agvfvdaw,4,Riskware,train
9006,edu.hovyjwidwynam.arcticpenguin,edu.hovyjwidwynam.arcticpenguin,4,Riskware,test
9007,com.nise.mortal.kombat,com.nise.mortal.kombat,4,Riskware,test
9008,com.digitaran.goplaygames,com.digitaran.goplaygames,4,Riskware,test
9009,com.dwrjk,com.dwrjk,4,Riskware,train
9010,eu.qkplfhuzwwfjoi.nidaleequeenofthejungle,eu.qkplfhuzwwfjoi.nidaleequeenofthejungle,4,Riskware,train
9011,com.leo.thckrq,com.leo.thckrq,4,Riskware,validation
9012,com.broad.fence.smooth.sail,com.broad.fence.smooth.sail,4,Riskware,train
9013,com.bidong.gjx,com.bidong.gjx,4,Riskware,test
9014,com.fup.gbaaoy,com.fup.gbaaoy,4,Riskware,train
9015,net.tiurypob.callofchampions,net.tiurypob.callofchampions,4,Riskware,validation
9016,com.metasploit.stage,com.metasploit.stage,4,Riskware,test
9017,com.mta.rnjhey,com.mta.rnjhey,4,Riskware,test
9018,com.cocos2dx.a16n1d1r1o7i1d.YyYm007,com.cocos2dx.a16n1d1r1o7i1d.YyYm007,4,Riskware,train
9019,com.aql.xgyhdk,com.aql.xgyhdk,4,Riskware,validation
9020,biz.jdhtzmugjby.edgeoftomorrowgame,biz.jdhtzmugjby.edgeoftomorrowgame,4,Riskware,validation
9021,com.android.app253480,com.android.app253480,4,Riskware,test
9022,com.jcl.efqeoy,com.jcl.efqeoy,4,Riskware,train
9023,mobile.org.blackmart.market,mobile.org.blackmart.market,4,Riskware,test
9024,ng.exuajkjydd.b.gc09ae1a357acf.o47a,ng.exuajkjydd.b.gc09ae1a357acf.o47a,4,Riskware,train
9025,com.omz.fnrpmj,com.omz.fnrpmj,4,Riskware,train
9026,com.pnr.engproverbsandsayings,com.pnr.engproverbsandsayings,4,Riskware,train
9027,gov.sweet.art.bowl.track.art.whenever,gov.sweet.art.bowl.track.art.whenever,4,Riskware,train
9028,cn.d.vdfrt.hkb,cn.d.vdfrt.hkb,4,Riskware,validation
9029,com.Seidel.buret,com.Seidel.buret,4,Riskware,test
9030,com.xlm.vtgwid,com.xlm.vtgwid,4,Riskware,train
9031,com.fvm.behkbx,com.fvm.behkbx,4,Riskware,validation
9032,org.qkhyzaopiz.salonkrasoty,org.qkhyzaopiz.salonkrasoty,4,Riskware,validation
9033,com.android.app255546,com.android.app255546,4,Riskware,validation
9034,com.vod.infantis,com.vod.infantis,4,Riskware,train
9035,com.pvc.hdechh,com.pvc.hdechh,4,Riskware,train
9036,cn.net.tencet.qbaiduq.weixin.org,cn.net.tencet.qbaiduq.weixin.org,4,Riskware,train
9037,com.wxh.fvzitf,com.wxh.fvzitf,4,Riskware,train
9038,edu.dyqvuvzvfqb.griffinsimulator,edu.dyqvuvzvfqb.griffinsimulator,4,Riskware,validation
9039,com.iyi.lhffzx,com.iyi.lhffzx,4,Riskware,test
9040,com.video.player.xxx.super.girl.sett,com.video.player.xxx.super.girl.sett,4,Riskware,validation
9041,com.hods.speeches.expected,com.hods.speeches.expected,4,Riskware,train
9042,biyk.npzwpmq.yerdhtr.ymc,biyk.npzwpmq.yerdhtr.ymc,4,Riskware,train
9043,,__missing_package_row_9043,4,Riskware,train
9044,baebp.ddccg671.ozvoy859,baebp.ddccg671.ozvoy859,4,Riskware,test
9045,com.vuy.evotaa,com.vuy.evotaa,4,Riskware,train
9046,com.iapp.hdqhjm,com.iapp.hdqhjm,4,Riskware,train
9047,com.axv.xncvkr,com.axv.xncvkr,4,Riskware,validation
9048,com.yebnxe.amspukcb,com.yebnxe.amspukcb,4,Riskware,train
9049,biz.kpaspfzdacvige.syberiafull,biz.kpaspfzdacvige.syberiafull,4,Riskware,train
9050,com.vrn.wpacir,com.vrn.wpacir,4,Riskware,validation
9051,com.xiao.ht.kum,com.xiao.ht.kum,4,Riskware,test
9052,lang8x.top,lang8x.top,4,Riskware,train
9053,com.juyu.live,com.juyu.live,4,Riskware,validation
9054,com.android.app253481,com.android.app253481,4,Riskware,validation
9055,com.monkeyzen.spacedefender,com.monkeyzen.spacedefender,4,Riskware,train
9056,com.tprwjf.iksajfta,com.tprwjf.iksajfta,4,Riskware,train
9057,org.newspaper.chinese.bigger.flower.mass,org.newspaper.chinese.bigger.flower.mass,4,Riskware,validation
9058,com.kretis.nextlauncher3d,com.kretis.nextlauncher3d,4,Riskware,train
9059,com.xianjiea.qqtheme,com.xianjiea.qqtheme,4,Riskware,train
9060,net.newspaper.tool.beauty.score,net.newspaper.tool.beauty.score,4,Riskware,validation
9061,ch.nth.android.contentabo_l01_sim_univ,ch.nth.android.contentabo_l01_sim_univ,4,Riskware,validation
9062,com.bcfdfvf.lgvfvdaw,com.bcfdfvf.lgvfvdaw,4,Riskware,train
9063,fm.a2d.s2,fm.a2d.s2,4,Riskware,validation
9064,com.newappcyh2,com.newappcyh2,4,Riskware,train
9065,qzyd.speed.nethelper,qzyd.speed.nethelper,4,Riskware,train
9066,com.tpqq.Ay,com.tpqq.Ay,4,Riskware,validation
9067,com.qvm.xharrn,com.qvm.xharrn,4,Riskware,train
9068,net.upper.master.support.texas.storm.threw,net.upper.master.support.texas.storm.threw,4,Riskware,train
9069,com.nwxnvj.cyfrmrvx,com.nwxnvj.cyfrmrvx,4,Riskware,validation
9070,com.ixm.uwbned,com.ixm.uwbned,4,Riskware,train
9071,iricom.mmska.odp,iricom.mmska.odp,4,Riskware,validation
9072,name.rgmipj.jjhqkh.jupuvtni,name.rgmipj.jjhqkh.jupuvtni,4,Riskware,train
9073,com.ydpfye.rfwwxfjm,com.ydpfye.rfwwxfjm,4,Riskware,validation
9074,com.osxeev.ichfjmrl,com.osxeev.ichfjmrl,4,Riskware,train
9075,com.qq.shuazuan,com.qq.shuazuan,4,Riskware,test
9076,com.android.app254483,com.android.app254483,4,Riskware,test
9077,com.crv.qbafcv,com.crv.qbafcv,4,Riskware,train
9078,com.zxf.dvcrlz,com.zxf.dvcrlz,4,Riskware,train
9079,com.spl.stcuqa,com.spl.stcuqa,4,Riskware,validation
9080,zmz.eqtd.jwadk.fcv,zmz.eqtd.jwadk.fcv,4,Riskware,validation
9081,org.cocos2dx.guoshudadao,org.cocos2dx.guoshudadao,4,Riskware,test
9082,com.jieshudu.wangpansoso,com.jieshudu.wangpansoso,4,Riskware,train
9083,com.dss3Dc.zx,com.dss3Dc.zx,4,Riskware,test
9084,com.wvc.shxkcv,com.wvc.shxkcv,4,Riskware,train
9085,com.dem.serowb,com.dem.serowb,4,Riskware,train
9086,hgsolccsm.cs.icrhxx,hgsolccsm.cs.icrhxx,4,Riskware,validation
9087,org.view.swim.popular.smoke.service,org.view.swim.popular.smoke.service,4,Riskware,validation
9088,com.xih.voget.hill.climbracing,com.xih.voget.hill.climbracing,4,Riskware,train
9089,com.gpt.qzdanx,com.gpt.qzdanx,4,Riskware,test
9090,org.xen.fibeh.nowunuxil,org.xen.fibeh.nowunuxil,4,Riskware,validation
9091,com.ryezef.hfjdkubt,com.ryezef.hfjdkubt,4,Riskware,train
9092,com.ikl.hyvjlz,com.ikl.hyvjlz,4,Riskware,train
9093,xsld.mbb.tmvhsu.lzpfvebz,xsld.mbb.tmvhsu.lzpfvebz,4,Riskware,train
9094,com.dyw.gkxokz,com.dyw.gkxokz,4,Riskware,train
9095,com.herocraft.game.treasuresofthedeep,com.herocraft.game.treasuresofthedeep,4,Riskware,train
9096,clbhgj.wadda.skzxxy.pgnzhptv,clbhgj.wadda.skzxxy.pgnzhptv,4,Riskware,train
9097,com.ioucjhun.nrjnswuv,com.ioucjhun.nrjnswuv,4,Riskware,validation
9098,net.jenmlpu.zenoniasriftsintime,net.jenmlpu.zenoniasriftsintime,4,Riskware,train
9099,com.xiao.ht.kum,com.xiao.ht.kum,4,Riskware,test
9100,iricom.mmska.odp,iricom.mmska.odp,4,Riskware,validation
9101,com.burin.orkdn,com.burin.orkdn,4,Riskware,train
9102,eamigrsate.emsissfio.eamdpirical.encuihant,eamigrsate.emsissfio.eamdpirical.encuihant,4,Riskware,train
9103,twz.yygame.A080003A02,twz.yygame.A080003A02,4,Riskware,train
9104,com.pg63Z48P55JFv5hu266,com.pg63Z48P55JFv5hu266,4,Riskware,validation
9106,com.baidu.wme,com.baidu.wme,4,Riskware,test
9107,info.ubigulkusozzii.extremeoffroadsuvsimulator,info.ubigulkusozzii.extremeoffroadsuvsimulator,4,Riskware,validation
9108,com.sux.poclwh,com.sux.poclwh,4,Riskware,train
9109,com.ouc.sqhglq,com.ouc.sqhglq,4,Riskware,validation
9110,com.aizan,com.aizan,4,Riskware,validation
9111,com.metasploit.stage,com.metasploit.stage,4,Riskware,test
9113,com.lyi.jsolwk,com.lyi.jsolwk,4,Riskware,validation
9114,com.ieo.jokaup,com.ieo.jokaup,4,Riskware,train
9115,kib85.bmgi85.qbxrg85,kib85.bmgi85.qbxrg85,4,Riskware,train
9116,wul.sud.nelur.nokoqa,wul.sud.nelur.nokoqa,4,Riskware,test
9117,ifvrp.zsewn.lnyjec,ifvrp.zsewn.lnyjec,4,Riskware,train
9118,com.ipybmi.dzfulqpa,com.ipybmi.dzfulqpa,4,Riskware,validation
9119,com.ygn.kfkgxa,com.ygn.kfkgxa,4,Riskware,train
9120,com.vlv.xwjkdc,com.vlv.xwjkdc,4,Riskware,train
9121,com.gww.tcppzo,com.gww.tcppzo,4,Riskware,train
9122,info.yrembukrwqy.subwaysurfersyuklepulsuz,info.yrembukrwqy.subwaysurfersyuklepulsuz,4,Riskware,train
9123,biz.rdsofamhg.zwar,biz.rdsofamhg.zwar,4,Riskware,validation
9124,com.gzessc.drirbizt,com.gzessc.drirbizt,4,Riskware,train
9125,com.vpzmpbijloc.subwaysurfersdownloadfreeandroid,com.vpzmpbijloc.subwaysurfersdownloadfreeandroid,4,Riskware,train
9126,com.android.app253480,com.android.app253480,4,Riskware,test
9127,com.rgc.jxrpqr,com.rgc.jxrpqr,4,Riskware,validation
9128,com.diandian.diandianlinker,com.diandian.diandianlinker,4,Riskware,train
9129,com.video.player.xxx.super.girl.sett,com.video.player.xxx.super.girl.sett,4,Riskware,validation
9130,com.ujf.nuyusg,com.ujf.nuyusg,4,Riskware,train
9131,com.alfa.snake.gplay,com.alfa.snake.gplay,4,Riskware,train
9132,com.tza.bcjzcb,com.tza.bcjzcb,4,Riskware,train
9133,com.anpolac.ink.system,com.anpolac.ink.system,4,Riskware,train
9134,org.necessary.passportless,org.necessary.passportless,4,Riskware,train
9135,com.qqzuans,com.qqzuans,4,Riskware,train
9136,com.esn.nevzuw,com.esn.nevzuw,4,Riskware,test
9137,com.service.usbhelper,com.service.usbhelper,4,Riskware,train
9138,com.zhiminglaowu,com.zhiminglaowu,4,Riskware,train
9139,gov.mile.structure.forget.instance.bottle.understanding,gov.mile.structure.forget.instance.bottle.understanding,4,Riskware,train
9140,com.daishuasb,com.daishuasb,4,Riskware,train
9141,com.aiv.ywucxq,com.aiv.ywucxq,4,Riskware,test
9142,rxc.pmsmz.vmlcvh,rxc.pmsmz.vmlcvh,4,Riskware,train
9143,com.phamvietanh.facebooklite,com.phamvietanh.facebooklite,4,Riskware,train
9144,com.suonphje.etjwemzc,com.suonphje.etjwemzc,4,Riskware,train
9145,com.cfndvgbsdb.cjfcjvdflbn,com.cfndvgbsdb.cjfcjvdflbn,4,Riskware,train
9146,com.urjma.rosnd,com.urjma.rosnd,4,Riskware,test
9147,noxx.evil.vector.lwp,noxx.evil.vector.lwp,4,Riskware,train
9148,com.ttl.lyltsg,com.ttl.lyltsg,4,Riskware,train
9149,com.koj.yqwzxe,com.koj.yqwzxe,4,Riskware,train
9150,info.generally.bottle.height.western.tone,info.generally.bottle.height.western.tone,4,Riskware,test
9151,com.save.important.abbess,com.save.important.abbess,4,Riskware,train
9152,info.dangerous.root.clearly,info.dangerous.root.clearly,4,Riskware,validation
9153,com.wgk.mhwwkd,com.wgk.mhwwkd,4,Riskware,train
9154,com.gvyldn.ftozstbs,com.gvyldn.ftozstbs,4,Riskware,test
9155,com.urjma.rosnd,com.urjma.rosnd,4,Riskware,test
9156,org.aoncbkwuvxtv.wheresmyperry,org.aoncbkwuvxtv.wheresmyperry,4,Riskware,validation
9157,com.ush.ukwohu,com.ush.ukwohu,4,Riskware,test
9158,lzk3.iss.sric.android,lzk3.iss.sric.android,4,Riskware,train
9159,com.herocraft.game.treasuresofthedeep,com.herocraft.game.treasuresofthedeep,4,Riskware,train
9160,ube.aGai.SoudyTCl,ube.aGai.SoudyTCl,4,Riskware,test
9161,com.game.lzz.jiuju,com.game.lzz.jiuju,4,Riskware,test
9162,com.video.player.xxx.super.girl.sett,com.video.player.xxx.super.girl.sett,4,Riskware,validation
9163,com.xsjbh,com.xsjbh,4,Riskware,train
9164,com.hju.vdchme,com.hju.vdchme,4,Riskware,validation
9165,com.speed.bluetooth.transmission,com.speed.bluetooth.transmission,4,Riskware,test
9166,com.Seidel.buret,com.Seidel.buret,4,Riskware,test
9167,s.q.q,s.q.q,4,Riskware,train
9168,com.softforlife.english.audiostory,com.softforlife.english.audiostory,4,Riskware,test
9169,com.jfkmwx.sjdzwfgc,com.jfkmwx.sjdzwfgc,4,Riskware,test
9170,com.ptasqd.feyricxx,com.ptasqd.feyricxx,4,Riskware,train
9171,com.plugin.ads.offer,com.plugin.ads.offer,4,Riskware,validation
9172,com.epdhcall,com.epdhcall,4,Riskware,train
9173,com.adc.fjvstd,com.adc.fjvstd,4,Riskware,train
9174,com.prfgrbf.fgvfvdaw,com.prfgrbf.fgvfvdaw,4,Riskware,train
9175,com.lu.fixexe.pixitum,com.lu.fixexe.pixitum,4,Riskware,train
9176,com.leyou.bpb.ndsj.yuka_wlsy,com.leyou.bpb.ndsj.yuka_wlsy,4,Riskware,train
9177,com.jubaoqieeee.ju,com.jubaoqieeee.ju,4,Riskware,train
9178,ru.emyeb.guitartabtabsandchords,ru.emyeb.guitartabtabsandchords,4,Riskware,validation
9179,com.vsnisigj.quxyiktz,com.vsnisigj.quxyiktz,4,Riskware,test
9180,clbhgj.wadda.stqjjh.vteyuago,clbhgj.wadda.stqjjh.vteyuago,4,Riskware,train
9181,com.osmhtl.yugumkjh,com.osmhtl.yugumkjh,4,Riskware,validation
9182,,__missing_package_row_9182,4,Riskware,test
9184,ch.nth.android.contentabo_l01_sim_univ,ch.nth.android.contentabo_l01_sim_univ,4,Riskware,validation
9185,com.xiao.ht.kum,com.xiao.ht.kum,4,Riskware,test
9186,com.uoj.lacexs,com.uoj.lacexs,4,Riskware,train
9187,com.bianbianqipao.ju,com.bianbianqipao.ju,4,Riskware,train
9188,com.lxxere.oqrwipuy,com.lxxere.oqrwipuy,4,Riskware,train
9189,aVO.PZyM.lrHeRper,aVO.PZyM.lrHeRper,4,Riskware,train
9190,com.dhvxjtjk.nutloiqq,com.dhvxjtjk.nutloiqq,4,Riskware,test
9191,com.ycfdfvf.zgvfvdaw,com.ycfdfvf.zgvfvdaw,4,Riskware,test
9192,xsld.mbb.xmcqdn.ycyiiqnk,xsld.mbb.xmcqdn.ycyiiqnk,4,Riskware,validation
9193,com.jwx.xtcpba,com.jwx.xtcpba,4,Riskware,test
9194,com.wskjqzlt,com.wskjqzlt,4,Riskware,validation
9195,com.xiao.ht.kum,com.xiao.ht.kum,4,Riskware,test
9196,com.herocraft.game.treasuresofthedeep,com.herocraft.game.treasuresofthedeep,4,Riskware,train
9197,com.zfu.qmwuxw,com.zfu.qmwuxw,4,Riskware,validation
9198,com.progresslab.conversation,com.progresslab.conversation,4,Riskware,train
9199,cn.d.vdfrt.hkb,cn.d.vdfrt.hkb,4,Riskware,validation
9200,com.gameloft.android.ANMP.GloftM4HM,com.gameloft.android.ANMP.GloftM4HM,4,Riskware,test
9201,com.qjy.ngdzoo,com.qjy.ngdzoo,4,Riskware,test
9202,com.kaixuan,com.kaixuan,4,Riskware,validation
9203,com.gkzvyh.jbvyzdgs,com.gkzvyh.jbvyzdgs,4,Riskware,validation
9204,cn.d.sedfr.fhd,cn.d.sedfr.fhd,4,Riskware,train
9205,com.game.zzz,com.game.zzz,4,Riskware,train
9206,com.czwpto.lqzbwvtb,com.czwpto.lqzbwvtb,4,Riskware,train
9207,com.lbm.tvikrw,com.lbm.tvikrw,4,Riskware,test
9208,com.fnm.bhhjmo,com.fnm.bhhjmo,4,Riskware,train
9209,com.dcd.ohbahw,com.dcd.ohbahw,4,Riskware,train
9210,com.juyu.live,com.juyu.live,4,Riskware,validation
9211,com.akh.lcgffi,com.akh.lcgffi,4,Riskware,test
9212,com.pva.yqxwde,com.pva.yqxwde,4,Riskware,test
9213,mobi.nex.qatavo.kibapukuciqa,mobi.nex.qatavo.kibapukuciqa,4,Riskware,train
9214,com.cpr.xlyezf,com.cpr.xlyezf,4,Riskware,train
9215,knykxmq.dnx.nntkbud.zquo,knykxmq.dnx.nntkbud.zquo,4,Riskware,train
9216,xsld.mbb.argxdy.pdueqhbr,xsld.mbb.argxdy.pdueqhbr,4,Riskware,validation
9217,com.nuwkoa.dmjlwckp,com.nuwkoa.dmjlwckp,4,Riskware,test
9218,com.te.miwuc.subway.surf,com.te.miwuc.subway.surf,4,Riskware,train
9219,com.android.app253626,com.android.app253626,4,Riskware,train
9220,com.rbn.cgtrfl,com.rbn.cgtrfl,4,Riskware,validation
9221,com.dxhzj,com.dxhzj,4,Riskware,train
9222,apps.kedai.jutawan,apps.kedai.jutawan,4,Riskware,validation
9223,cos.jfadj.kjwehq,cos.jfadj.kjwehq,4,Riskware,train
9224,com.fhv.kqnnel,com.fhv.kqnnel,4,Riskware,train
9225,cz.ivsivdpihvw.wkajnmxbr.d8dbb9a89.d2b536521,cz.ivsivdpihvw.wkajnmxbr.d8dbb9a89.d2b536521,4,Riskware,train
9226,com.game.net.telephone.art.leader.industry,com.game.net.telephone.art.leader.industry,4,Riskware,train
9227,com.oljqi.flkcbv,com.oljqi.flkcbv,4,Riskware,test
9228,com.vdy.gabuqm,com.vdy.gabuqm,4,Riskware,test
9229,com.bfndvgbsdb.yjfcjvdflbn,com.bfndvgbsdb.yjfcjvdflbn,4,Riskware,validation
9230,biz.lyrfukts.wildblood,biz.lyrfukts.wildblood,4,Riskware,train
9231,com.mov.jarxqn,com.mov.jarxqn,4,Riskware,validation
9232,com.wumvei.pahuhzeh,com.wumvei.pahuhzeh,4,Riskware,validation
9233,com.herocraft.game.yumsters.free,com.herocraft.game.yumsters.free,4,Riskware,train
9234,com.rosedf.cn,com.rosedf.cn,4,Riskware,test
9235,com.cwo.ivmmvf,com.cwo.ivmmvf,4,Riskware,test
9236,com.qq.mpz,com.qq.mpz,4,Riskware,train
9237,org.exp.test,org.exp.test,4,Riskware,train
9238,com.qq.shuazuan,com.qq.shuazuan,4,Riskware,test
9239,oprxefl.okyvelf.okkfmwe,oprxefl.okyvelf.okkfmwe,4,Riskware,train
9240,com.hdj.zewlmy,com.hdj.zewlmy,4,Riskware,train
9241,com.ikw.laqkpy,com.ikw.laqkpy,4,Riskware,train
9242,com.beco.jfa,com.beco.jfa,4,Riskware,train
9243,com.mhd.ifanph,com.mhd.ifanph,4,Riskware,train
9244,com.pftviqdb.obeynmty,com.pftviqdb.obeynmty,4,Riskware,train
9245,com.iapp.i99787645,com.iapp.i99787645,4,Riskware,train
9246,org.ifurchmvkh.awkwardkidsapp,org.ifurchmvkh.awkwardkidsapp,4,Riskware,train
9247,com.ljq.ngaspu,com.ljq.ngaspu,4,Riskware,train
9248,com.cunninglogic.weaksauce,com.cunninglogic.weaksauce,4,Riskware,test
9249,com.vts.xtjctz,com.vts.xtjctz,4,Riskware,validation
9250,com.truefalse.TrueOrFalse,com.truefalse.TrueOrFalse,4,Riskware,train
9251,com.digitaran.goplaygames,com.digitaran.goplaygames,4,Riskware,test
9252,fswmriib.srmwdlvm.oocnzywg.jgzejg,fswmriib.srmwdlvm.oocnzywg.jgzejg,4,Riskware,train
9253,com.wjudgk.dwboltdn,com.wjudgk.dwboltdn,4,Riskware,test
9254,com.miqi_android.augestpic,com.miqi_android.augestpic,4,Riskware,train
9255,frtwc.iljaye.xvnx,frtwc.iljaye.xvnx,4,Riskware,train
9256,com.uvwajb.rgocyrzx,com.uvwajb.rgocyrzx,4,Riskware,train
9257,com.afxvi,com.afxvi,4,Riskware,validation
9258,com.zpl.kpltao,com.zpl.kpltao,4,Riskware,train
9259,com.cvq.usfnai,com.cvq.usfnai,4,Riskware,validation
9260,com.fpe.jbzwri,com.fpe.jbzwri,4,Riskware,train
9261,com.onm.tpjpxw,com.onm.tpjpxw,4,Riskware,test
9262,com.bbb.rymqgl,com.bbb.rymqgl,4,Riskware,validation
9263,com.Ababneh.Arabic.Herbalmedication,com.Ababneh.Arabic.Herbalmedication,4,Riskware,test
9264,isqfk.ejeo.xnnsiz,isqfk.ejeo.xnnsiz,4,Riskware,train
9265,com.iapp.i1423836656082,com.iapp.i1423836656082,4,Riskware,test
9266,com.tqbras.zhfugqtx,com.tqbras.zhfugqtx,4,Riskware,test
9267,com.ArcherWars.d02i2o1r1d7n1a.YyYm007,com.ArcherWars.d02i2o1r1d7n1a.YyYm007,4,Riskware,validation
9268,net.clwnzikrvvgxad.mountainbikegame,net.clwnzikrvvgxad.mountainbikegame,4,Riskware,validation
9269,com.ymw.ssdxsm,com.ymw.ssdxsm,4,Riskware,train
9270,com.thy.mpcbgx,com.thy.mpcbgx,4,Riskware,train
9271,com.hssd.sbvoa,com.hssd.sbvoa,4,Riskware,train
9272,vds.gre.gfdsg.xlj,vds.gre.gfdsg.xlj,4,Riskware,train
9273,com.ure65.yre,com.ure65.yre,4,Riskware,train
9274,com.vmw.admsnq,com.vmw.admsnq,4,Riskware,validation
9275,net.yiplesnqdmhqm.iminecraftwiki,net.yiplesnqdmhqm.iminecraftwiki,4,Riskware,train
9276,com.arfrcj.jlixiahk,com.arfrcj.jlixiahk,4,Riskware,train
9277,com.juyu.live,com.juyu.live,4,Riskware,validation
9278,com.metasploit.stage,com.metasploit.stage,4,Riskware,test
9279,su.sniff.cepter,su.sniff.cepter,4,Riskware,test
9280,edu.jwnnvvwxn.playwithyourdogdalmatian,edu.jwnnvvwxn.playwithyourdogdalmatian,4,Riskware,train
9281,twz.yygame.A030002A01,twz.yygame.A030002A01,4,Riskware,validation
9282,org.li.kigof.qabocemawesi,org.li.kigof.qabocemawesi,4,Riskware,test
9283,com.yci.kgopon,com.yci.kgopon,4,Riskware,train
9284,com.lfpqbs.anvcvumd,com.lfpqbs.anvcvumd,4,Riskware,train
9285,com.cscclmsr.vceipeeo,com.cscclmsr.vceipeeo,4,Riskware,validation
9286,cn.net.tencet.qbaiduq.weixin.org,cn.net.tencet.qbaiduq.weixin.org,4,Riskware,train
9287,lengmo.lmzan,lengmo.lmzan,4,Riskware,train
9288,com.ttyt.book,com.ttyt.book,4,Riskware,train
9289,xsld.mbb.utysrw.lpzpckmg,xsld.mbb.utysrw.lpzpckmg,4,Riskware,train
9290,com.ycfdfvf.ugvfvdaw,com.ycfdfvf.ugvfvdaw,4,Riskware,train
9291,cn.d.vdfrt.hkb,cn.d.vdfrt.hkb,4,Riskware,validation
9292,com.gzsy.xiaolv,com.gzsy.xiaolv,4,Riskware,test
9293,com.vwkkbj.zcjqvigu,com.vwkkbj.zcjqvigu,4,Riskware,validation
9294,com.nxkajc.seiepmlk,com.nxkajc.seiepmlk,4,Riskware,train
9295,iricom.mmska.odp,iricom.mmska.odp,4,Riskware,validation
9296,biz.erjuasuovdph.fashiontvlive,biz.erjuasuovdph.fashiontvlive,4,Riskware,train
9297,com.wyjhwzq.superwzq,com.wyjhwzq.superwzq,4,Riskware,train
9299,com.hzm,com.hzm,4,Riskware,train
9300,com.qunqiandao,com.qunqiandao,4,Riskware,train
9301,com.timo.dlpushplugin,com.timo.dlpushplugin,4,Riskware,train
9302,com.pu.sirec.temuwumubese,com.pu.sirec.temuwumubese,4,Riskware,test
9303,com.qingniao.cc,com.qingniao.cc,4,Riskware,train
9305,s.q.q,s.q.q,4,Riskware,train
9306,s.qq.qqmjj,s.qq.qqmjj,4,Riskware,train
9307,ch.nth.android.contentabo_l01_sim_univ,ch.nth.android.contentabo_l01_sim_univ,4,Riskware,validation
9308,com.yourpornapp.app.play_store,com.yourpornapp.app.play_store,4,Riskware,train
9309,com.wcr.isoyor,com.wcr.isoyor,4,Riskware,test
9310,com.to.bomeqe.clash.ofgems,com.to.bomeqe.clash.ofgems,4,Riskware,test
9311,com.lhz.asfzgu,com.lhz.asfzgu,4,Riskware,test
9312,info.dangerous.root.clearly,info.dangerous.root.clearly,4,Riskware,validation
9313,com.qqmagic,com.qqmagic,4,Riskware,train
9314,com.dws.yvfsxx,com.dws.yvfsxx,4,Riskware,train
9315,com.myvideo.activity,com.myvideo.activity,4,Riskware,train
9316,com.jacklrb.android.soundboard.boobs,com.jacklrb.android.soundboard.boobs,4,Riskware,validation
9317,com.baptised.subsequent,com.baptised.subsequent,4,Riskware,test
9318,com.wrdllj.gafmxxeq,com.wrdllj.gafmxxeq,4,Riskware,train
9319,com.english.flashcard.learnword,com.english.flashcard.learnword,4,Riskware,validation
9320,cn.china.people.www,cn.china.people.www,4,Riskware,train
9321,com.nay.etfegh,com.nay.etfegh,4,Riskware,test
9322,mobi.mux.six.guns,mobi.mux.six.guns,4,Riskware,validation
9323,com.kdpyvc.eeepsjej,com.kdpyvc.eeepsjej,4,Riskware,validation
9324,vbsxoc.irixerkric.dxvfrjsma,vbsxoc.irixerkric.dxvfrjsma,4,Riskware,train
9325,com.android.phonemanager,com.android.phonemanager,4,Riskware,validation
9326,com.alfa.russian_roulette.gplay,com.alfa.russian_roulette.gplay,4,Riskware,validation
9327,com.tinyhorse.popstar,com.tinyhorse.popstar,4,Riskware,test
9328,ch.nth.android.contentabo_l01_sim_univ,ch.nth.android.contentabo_l01_sim_univ,4,Riskware,validation
9330,com.newapp,com.newapp,4,Riskware,test
9331,com.ttyt.book,com.ttyt.book,4,Riskware,train
9332,ch.nth.android.contentabo_l01_ech_univ,ch.nth.android.contentabo_l01_ech_univ,4,Riskware,test
9333,com.kaf.wshkkn,com.kaf.wshkkn,4,Riskware,test
9334,com.oguuvn.amrgcbyg,com.oguuvn.amrgcbyg,4,Riskware,validation
9335,psg.nll.xeeruw.dpaqwmpi,psg.nll.xeeruw.dpaqwmpi,4,Riskware,train
9336,ted.vedoq.levi.idle.minertycoon,ted.vedoq.levi.idle.minertycoon,4,Riskware,train
9337,s.qq.qqkk,s.qq.qqkk,4,Riskware,train
9338,,__missing_package_row_9338,4,Riskware,validation
9339,,__missing_package_row_9339,4,Riskware,train
9340,com.ked.dhrjfm,com.ked.dhrjfm,4,Riskware,validation
9341,twz.yygame.A080003A04,twz.yygame.A080003A04,4,Riskware,test
9342,com.broiling.debatingroom.disagreeable,com.broiling.debatingroom.disagreeable,4,Riskware,test
9343,com.herocraft.game.yumsters.free,com.herocraft.game.yumsters.free,4,Riskware,train
9344,info.gqdfmxegagz.sexybreakerkelly,info.gqdfmxegagz.sexybreakerkelly,4,Riskware,train
9345,com.intent.mediums.originated,com.intent.mediums.originated,4,Riskware,train
9346,com.oas.cabevp,com.oas.cabevp,4,Riskware,test
9347,com.djdg.dyscq.dgmh,com.djdg.dyscq.dgmh,4,Riskware,validation
9348,com.diligencen.YyYm007,com.diligencen.YyYm007,4,Riskware,train
9349,iTZ.VlxW.krDNFPkP,iTZ.VlxW.krDNFPkP,4,Riskware,validation
9350,com.rwm.eogqje,com.rwm.eogqje,4,Riskware,test
9351,com.juyu.live,com.juyu.live,4,Riskware,validation
9352,vds.gre.gfdsg,vds.gre.gfdsg,4,Riskware,train
9353,com.qbdfkj.ylzvpyyx,com.qbdfkj.ylzvpyyx,4,Riskware,train
9354,due.kprsusivtkgacztla.tesqjvbuyeoczzrqrm,due.kprsusivtkgacztla.tesqjvbuyeoczzrqrm,4,Riskware,train
9355,com.coogo.coo,com.coogo.coo,4,Riskware,train
9356,com.zbrbfbqb.bubrbtbh,com.zbrbfbqb.bubrbtbh,4,Riskware,validation
9357,oadiooj.obhchgk.lnfpnfi.hemohjj.pbcccfp.fcejchc,oadiooj.obhchgk.lnfpnfi.hemohjj.pbcccfp.fcejchc,4,Riskware,train
9358,com.ilx.qgiwyr,com.ilx.qgiwyr,4,Riskware,validation
9359,com.zkx.jdouyg,com.zkx.jdouyg,4,Riskware,train
9360,s.qq.qqkk,s.qq.qqkk,4,Riskware,train
9361,org.csploit.android,org.csploit.android,4,Riskware,validation
9362,com.metasploit.stage,com.metasploit.stage,4,Riskware,test
9363,com.qtohsg.rjsitmyg,com.qtohsg.rjsitmyg,4,Riskware,train
9364,com.digitaran.goplaygames,com.digitaran.goplaygames,4,Riskware,test
9365,com.mdf.idhfxz,com.mdf.idhfxz,4,Riskware,train
9366,com.itoo.bizhi,com.itoo.bizhi,4,Riskware,validation
9367,com.video.player.xxx.super.girl.sett,com.video.player.xxx.super.girl.sett,4,Riskware,validation
9370,com.nenllhtw.ripzvxkw,com.nenllhtw.ripzvxkw,4,Riskware,test
9371,shi.tai.ke.dong.dang,shi.tai.ke.dong.dang,4,Riskware,validation
9372,je.qfnmd.kqzjtgbhg.b1e73.eeed44d287224,je.qfnmd.kqzjtgbhg.b1e73.eeed44d287224,4,Riskware,train
9373,com.mntfja.txxoinwy,com.mntfja.txxoinwy,4,Riskware,train
9374,com.juyu.live,com.juyu.live,4,Riskware,validation
9375,com.miqi_android.augestpic,com.miqi_android.augestpic,4,Riskware,train
9376,org.vyxhivomke.gaywallpaperanimeandtoons,org.vyxhivomke.gaywallpaperanimeandtoons,4,Riskware,train
9377,,__missing_package_row_9377,4,Riskware,validation
9378,twz.yygame.A080002D01,twz.yygame.A080002D01,4,Riskware,train
9379,com.jianfeng.Mobilephonebatterydoctor,com.jianfeng.Mobilephonebatterydoctor,4,Riskware,train
9380,com.qtyw.xxid,com.qtyw.xxid,4,Riskware,test
9381,phone.security.service,phone.security.service,4,Riskware,train
9382,eu.bslsvpcn.aardehddeluxeedition,eu.bslsvpcn.aardehddeluxeedition,4,Riskware,test
9383,com.ipukgw.gfiybbpc,com.ipukgw.gfiybbpc,4,Riskware,validation
9384,cn.d.exds.ase,cn.d.exds.ase,4,Riskware,train
9385,eu.fwohhcagekzaov.pksexygirlhd,eu.fwohhcagekzaov.pksexygirlhd,4,Riskware,train
9386,com.ceh.npmkrp,com.ceh.npmkrp,4,Riskware,train
9387,ch.nth.android.contentabo_l01_sim_univ,ch.nth.android.contentabo_l01_sim_univ,4,Riskware,validation
9388,com.yph.brndgr,com.yph.brndgr,4,Riskware,train
9389,com.sad.detail.flower.immediately,com.sad.detail.flower.immediately,4,Riskware,test
9391,com.tzglkkib.yoflkmrv,com.tzglkkib.yoflkmrv,4,Riskware,test
9392,biz.equmerynrzi.madisonivysexgamesandroid,biz.equmerynrzi.madisonivysexgamesandroid,4,Riskware,train
9393,xsld.mbb.czzlpz.xbyvbmvb,xsld.mbb.czzlpz.xbyvbmvb,4,Riskware,train
9394,com.rym.wlzcow,com.rym.wlzcow,4,Riskware,train
9395,com.mfgologrfarpcd.mahjong,com.mfgologrfarpcd.mahjong,4,Riskware,validation
9396,com.vtwonp.yvmbggcf,com.vtwonp.yvmbggcf,4,Riskware,train
9397,com.zse.tvazrx,com.zse.tvazrx,4,Riskware,validation
9398,com.kunxun.travel,com.kunxun.travel,4,Riskware,test
9399,cn.mje.wgws.lc,cn.mje.wgws.lc,4,Riskware,train
9400,com.beo.yijylv,com.beo.yijylv,4,Riskware,validation
9401,air.com.KalromSystems.FlappyYou,air.com.KalromSystems.FlappyYou,4,Riskware,validation
9402,com.lff.lavrxj,com.lff.lavrxj,4,Riskware,test
9403,com.absgbsFGj2dm.czngdc,com.absgbsFGj2dm.czngdc,4,Riskware,train
9404,nwgra.furzn.njmpxq,nwgra.furzn.njmpxq,4,Riskware,train
9405,com.mpwhbttx.oknibjnd,com.mpwhbttx.oknibjnd,4,Riskware,validation
9406,com.kno.paonrg,com.kno.paonrg,4,Riskware,test
9407,com.yri.thfbjv,com.yri.thfbjv,4,Riskware,train
9408,com.hgo.onmnba,com.hgo.onmnba,4,Riskware,validation
9409,com.zqu.qalhjd,com.zqu.qalhjd,4,Riskware,test
9410,edu.raissakbkl.thisamericanlife,edu.raissakbkl.thisamericanlife,4,Riskware,train
9411,net.losa.buruf.gufikonu,net.losa.buruf.gufikonu,4,Riskware,train
9412,com.lah.ssdkxw,com.lah.ssdkxw,4,Riskware,train
9413,ttre.apolo.dataosha,ttre.apolo.dataosha,4,Riskware,validation
9414,air.boxu.bixin.moqegemuhesu,air.boxu.bixin.moqegemuhesu,4,Riskware,train
9415,org.flash.vplay,org.flash.vplay,4,Riskware,train
9416,com.daq.mnlmbj,com.daq.mnlmbj,4,Riskware,test
9417,com.sfm.tvdbqy,com.sfm.tvdbqy,4,Riskware,train
9418,com.android.app253480,com.android.app253480,4,Riskware,test
9419,clbhgj.wadda.xqcyxe.cexuqdcg,clbhgj.wadda.xqcyxe.cexuqdcg,4,Riskware,validation
9420,com.tpqq.Ay,com.tpqq.Ay,4,Riskware,validation
9421,com.cxq.tcs17fk,com.cxq.tcs17fk,4,Riskware,train
9422,qweez.casr.tykia.xvff,qweez.casr.tykia.xvff,4,Riskware,train
9423,com.pbn.lqtkol,com.pbn.lqtkol,4,Riskware,train
9424,ch.nth.android.contentabo_l01_sim_univ,ch.nth.android.contentabo_l01_sim_univ,4,Riskware,validation
9425,hux.sjd9.sji,hux.sjd9.sji,4,Riskware,test
9426,com.android.app253626,com.android.app253626,4,Riskware,train
9427,i.wldttksrow.nzqx,i.wldttksrow.nzqx,4,Riskware,train
9428,ecvjii.jxqmabl.rlyxq.gle,ecvjii.jxqmabl.rlyxq.gle,4,Riskware,test
9429,com.bnz.cmudzh,com.bnz.cmudzh,4,Riskware,train
9430,cn.net.tencet.qbaiduq.weixin.org,cn.net.tencet.qbaiduq.weixin.org,4,Riskware,train
9432,com.oqv.zgurdu,com.oqv.zgurdu,4,Riskware,validation
9433,com.gvd.xbni,com.gvd.xbni,4,Riskware,validation
9434,com.ahfhvdfbh.cvhurvig,com.ahfhvdfbh.cvhurvig,4,Riskware,train
9435,com.maru.dineca.shadow.fighttwo,com.maru.dineca.shadow.fighttwo,4,Riskware,train
9436,com.leyou.luandou.snake.yksptc,com.leyou.luandou.snake.yksptc,4,Riskware,train
9437,com.digitaran.goplaygames,com.digitaran.goplaygames,4,Riskware,test
9438,com.ppo.drqkrz,com.ppo.drqkrz,4,Riskware,test
9439,com.zvp.crdopa,com.zvp.crdopa,4,Riskware,test
9440,com.sda.wkrucn,com.sda.wkrucn,4,Riskware,train
9441,info.ootjqamcyunlhd.drozhdushilesa,info.ootjqamcyunlhd.drozhdushilesa,4,Riskware,train
9442,com.qq.mpz,com.qq.mpz,4,Riskware,train
9443,com.xkn.adsegh,com.xkn.adsegh,4,Riskware,train
9444,com.moi.znyhza,com.moi.znyhza,4,Riskware,validation
9445,com.mxu.jnfgra,com.mxu.jnfgra,4,Riskware,train
9446,com.cyaciw.quakkcyb,com.cyaciw.quakkcyb,4,Riskware,train
9447,com.juyu.live,com.juyu.live,4,Riskware,validation
9448,com.qq.shuazuan,com.qq.shuazuan,4,Riskware,test
9449,net.wzmpljmmxdsw.closeuppuzzle,net.wzmpljmmxdsw.closeuppuzzle,4,Riskware,train
9450,cn.d.sedfr.fhd,cn.d.sedfr.fhd,4,Riskware,train
9451,com.newapplzcj,com.newapplzcj,4,Riskware,validation
9452,com.oho.tqffrb,com.oho.tqffrb,4,Riskware,train
9453,com.mmo.xenikt,com.mmo.xenikt,4,Riskware,validation
9454,com.game.pubrNov.cwan17th,com.game.pubrNov.cwan17th,4,Riskware,validation
9455,com.hzp.zp.calculator,com.hzp.zp.calculator,4,Riskware,train
9456,com.gzjj.njue,com.gzjj.njue,4,Riskware,validation
9457,com.qq.mpz,com.qq.mpz,4,Riskware,train
9458,com.rvw.tqcqaq,com.rvw.tqcqaq,4,Riskware,validation
9459,com.fanzhuan,com.fanzhuan,4,Riskware,train
9460,com.hwm.iztdfy,com.hwm.iztdfy,4,Riskware,test
9461,ch.nth.android.contentabo_l01_sim_univ,ch.nth.android.contentabo_l01_sim_univ,4,Riskware,validation
9462,com.ekm.zkovkz,com.ekm.zkovkz,4,Riskware,train
9463,se.laetus.lwp.beziers,se.laetus.lwp.beziers,4,Riskware,train
9464,com.yunlan.yunreader,com.yunlan.yunreader,4,Riskware,test
9465,com.kgE.mJTUP.e2Z3W.y0,com.kgE.mJTUP.e2Z3W.y0,4,Riskware,validation
9466,biz.gcaktairccvz.slushai,biz.gcaktairccvz.slushai,4,Riskware,train
9467,com.unq.davtbb,com.unq.davtbb,4,Riskware,test
9468,com.fde.zzpjxd,com.fde.zzpjxd,4,Riskware,test
9469,net.newspaper.deer.shop.sheet,net.newspaper.deer.shop.sheet,4,Riskware,train
9470,com.ysp.eupxph,com.ysp.eupxph,4,Riskware,test
9471,edu.skhxbvuxdnswhm.randomheroes,edu.skhxbvuxdnswhm.randomheroes,4,Riskware,train
9472,com.antivirus.web.best.sample.version,com.antivirus.web.best.sample.version,4,Riskware,train
9473,rog.gnri.daoij,rog.gnri.daoij,4,Riskware,test
9474,com.juyu.live,com.juyu.live,4,Riskware,validation
9475,com.allinone.free,com.allinone.free,4,Riskware,train
9476,ydzbwi.klgxungqpdyvq.yhklogbuaiteiuaqkkcq.xdnotq.oglmnwxccz,ydzbwi.klgxungqpdyvq.yhklogbuaiteiuaqkkcq.xdnotq.oglmnwxccz,4,Riskware,test
9477,com.iapp.iphone6s,com.iapp.iphone6s,4,Riskware,validation
9478,com.vny.jkfsvn,com.vny.jkfsvn,4,Riskware,train
9479,crxk.vzjdg.pechwvujlkih,crxk.vzjdg.pechwvujlkih,4,Riskware,test
9480,xsld.mbb.epqyoi.eolwjhsc,xsld.mbb.epqyoi.eolwjhsc,4,Riskware,test
9481,li.wnidablplugwz.icccbtghcjtsfv.ge3f18c75f84a.y47b5,li.wnidablplugwz.icccbtghcjtsfv.ge3f18c75f84a.y47b5,4,Riskware,test
9482,com.msmv.sosp,com.msmv.sosp,4,Riskware,train
9483,com.iapp.i7,com.iapp.i7,4,Riskware,train
9484,com.android.wangju,com.android.wangju,4,Riskware,train
9485,com.juyu.live,com.juyu.live,4,Riskware,validation
9486,com.qq.shuazuan,com.qq.shuazuan,4,Riskware,test
9487,com.uro.ipvoy,com.uro.ipvoy,4,Riskware,validation
9488,com.yhb.levdai,com.yhb.levdai,4,Riskware,train
9489,com.qdm.jjmqoh,com.qdm.jjmqoh,4,Riskware,test
9490,com.xiamike,com.xiamike,4,Riskware,train
9491,ixycahayxifoqjdsgeu.ikt.skzwlguuetwe,ixycahayxifoqjdsgeu.ikt.skzwlguuetwe,4,Riskware,train
9492,wnrbu.twm.obrij,wnrbu.twm.obrij,4,Riskware,train
9493,com.xbrozb.ekeljazm,com.xbrozb.ekeljazm,4,Riskware,validation
9494,com.herocraft.game.treasuresofthedeep,com.herocraft.game.treasuresofthedeep,4,Riskware,train
9495,com.kvhnye.iuyawuxg,com.kvhnye.iuyawuxg,4,Riskware,train
9496,com.krn.tinwwa,com.krn.tinwwa,4,Riskware,train
9497,com.jubaoqi,com.jubaoqi,4,Riskware,train
9498,com.reqphydx.mzwrrocw,com.reqphydx.mzwrrocw,4,Riskware,train
9499,com.V84676y5e62w4yIoa,com.V84676y5e62w4yIoa,4,Riskware,test
9500,qj.tcs.jcek.satisfied,qj.tcs.jcek.satisfied,4,Riskware,train
9501,org.ucwvmhddmvsiw.subwaysurfersforpcwindows,org.ucwvmhddmvsiw.subwaysurfersforpcwindows,4,Riskware,test
9502,com.iapp.ehxbguvjddyvh,com.iapp.ehxbguvjddyvh,4,Riskware,train
9503,com.cvm.votlpx,com.cvm.votlpx,4,Riskware,validation
9504,com.wyqb.hjdt,com.wyqb.hjdt,4,Riskware,train
9505,com.tre.wdvfit,com.tre.wdvfit,4,Riskware,validation
9506,info.kknufwtmmvgfk.cameraultimate,info.kknufwtmmvgfk.cameraultimate,4,Riskware,train
9507,edu.Midwest.fable,edu.Midwest.fable,4,Riskware,train
9508,com.uft.appsbox,com.uft.appsbox,4,Riskware,train
9509,com.rvk.mmbmyu,com.rvk.mmbmyu,4,Riskware,test
9510,org.xrghvekyshx.galaxyvoyage,org.xrghvekyshx.galaxyvoyage,4,Riskware,train
9511,com.yhg.gjgvhn,com.yhg.gjgvhn,4,Riskware,validation
9512,com.jubrbc.sxdjmhsd,com.jubrbc.sxdjmhsd,4,Riskware,validation
9513,twz.yygame.A100002A01,twz.yygame.A100002A01,4,Riskware,validation
9515,com.dkj.ttdyva,com.dkj.ttdyva,4,Riskware,train
9516,s.qq.qqmjj,s.qq.qqmjj,4,Riskware,train
9517,com.bfndvgbsdb.ujfcjvdflbn,com.bfndvgbsdb.ujfcjvdflbn,4,Riskware,train
9518,,__missing_package_row_9518,4,Riskware,train
9519,com.tlr.rwlazu,com.tlr.rwlazu,4,Riskware,test
9520,com.osdiuasdhu.www,com.osdiuasdhu.www,4,Riskware,train
9521,com.bxf.rmfbkw,com.bxf.rmfbkw,4,Riskware,validation
9522,com.securicy.bubblewrapgame,com.securicy.bubblewrapgame,4,Riskware,train
9523,ksadfk.kxcmna.jhjhgef,ksadfk.kxcmna.jhjhgef,4,Riskware,test
9524,com.gyb.esbrlz,com.gyb.esbrlz,4,Riskware,validation
9525,com.tpqq.Ay,com.tpqq.Ay,4,Riskware,validation
9526,com.nef.snmskj,com.nef.snmskj,4,Riskware,train
9527,com.yda.gjilju,com.yda.gjilju,4,Riskware,train
9528,ch.nth.android.contentabo_l01_sim_univ,ch.nth.android.contentabo_l01_sim_univ,4,Riskware,validation
9529,com.service.usbhelper,com.service.usbhelper,4,Riskware,train
9530,cn.china.people.www,cn.china.people.www,4,Riskware,train
9531,com.crc.qpisoy,com.crc.qpisoy,4,Riskware,train
9532,vds.gre.gfdsg,vds.gre.gfdsg,4,Riskware,train
9533,net.loqum.wumos.nfs.underground,net.loqum.wumos.nfs.underground,4,Riskware,train
9534,com.xyhelper,com.xyhelper,4,Riskware,train
9535,com.yourpornapp.app.tnaflix,com.yourpornapp.app.tnaflix,4,Riskware,train
9536,com.lqd.goodhip,com.lqd.goodhip,4,Riskware,train
9537,com.xy114.auto28,com.xy114.auto28,4,Riskware,train
9538,com.fqhx.by,com.fqhx.by,4,Riskware,train
9539,com.metasploit.stage,com.metasploit.stage,4,Riskware,test
9540,com.gayvce.jzbvahac,com.gayvce.jzbvahac,4,Riskware,train
9541,com.ttyt.book,com.ttyt.book,4,Riskware,train
9542,com.egmqob.sdzkqhwk,com.egmqob.sdzkqhwk,4,Riskware,train
9543,com.urjma.rosnd,com.urjma.rosnd,4,Riskware,test
9545,info.dangerous.root.clearly,info.dangerous.root.clearly,4,Riskware,validation
9546,com.wte.pooqln,com.wte.pooqln,4,Riskware,train
9547,com.uz4.apkmanager,com.uz4.apkmanager,4,Riskware,validation
9548,com.newapp,com.newapp,4,Riskware,test
9549,com.hzg.wqoddl,com.hzg.wqoddl,4,Riskware,train
9550,com.led01,com.led01,4,Riskware,train
9551,,__missing_package_row_9551,4,Riskware,test
9552,rxueH.Vj.XUYY,rxueH.Vj.XUYY,4,Riskware,test
9553,com.vyt.slkecr,com.vyt.slkecr,4,Riskware,train
9554,kqbwak.jegnsww.zhpyzgl,kqbwak.jegnsww.zhpyzgl,4,Riskware,train
9555,eu.vvcbrvubdez.bikerchickadventure,eu.vvcbrvubdez.bikerchickadventure,4,Riskware,validation
9556,com.nqc.smbalr,com.nqc.smbalr,4,Riskware,train
9557,com.dxys.muzhi2zhi.ns105,com.dxys.muzhi2zhi.ns105,4,Riskware,validation
9558,lmq.b.cwuhhomhxaesaoiiry.zebkuewgvxhszemh,lmq.b.cwuhhomhxaesaoiiry.zebkuewgvxhszemh,4,Riskware,train
9559,com.metasploit.stage,com.metasploit.stage,4,Riskware,test
9560,com.afndvgbsdb.njfcjvdflbn,com.afndvgbsdb.njfcjvdflbn,4,Riskware,test
9561,com.afx.qhb,com.afx.qhb,4,Riskware,train
9563,com.shineviewapps,com.shineviewapps,4,Riskware,train
9564,com.fvu.cnntqg,com.fvu.cnntqg,4,Riskware,train
9565,com.lgt.jfyuof,com.lgt.jfyuof,4,Riskware,train
9566,com.ank.hhfbcv,com.ank.hhfbcv,4,Riskware,train
9567,acvvebtqa.vxj.jbeiwt,acvvebtqa.vxj.jbeiwt,4,Riskware,train
9568,com.esm.ndxgpi,com.esm.ndxgpi,4,Riskware,train
9569,edu.tidbit.exhume,edu.tidbit.exhume,4,Riskware,test
9570,com.rji.ynwjsu,com.rji.ynwjsu,4,Riskware,train
9571,psg.nll.ftntla.ubxnlkhb,psg.nll.ftntla.ubxnlkhb,4,Riskware,train
9572,com.me3fe.lo8rT,com.me3fe.lo8rT,4,Riskware,train
9573,com.uz4.apkmanager,com.uz4.apkmanager,4,Riskware,validation
9574,com.kcp.uigtsa,com.kcp.uigtsa,4,Riskware,train
9575,com.kongtiaoyaokk.wnannengmeizu,com.kongtiaoyaokk.wnannengmeizu,4,Riskware,validation
9576,com.qq.qqxjdg,com.qq.qqxjdg,4,Riskware,train
9577,org.broad.pacific.ann.hung.flow,org.broad.pacific.ann.hung.flow,4,Riskware,train
9578,com.phamvietanh.viber,com.phamvietanh.viber,4,Riskware,validation
9579,air.com.kellzb.cutecheer,air.com.kellzb.cutecheer,4,Riskware,test
9580,com.holy.feiji,com.holy.feiji,4,Riskware,validation
9581,com.QQjbq,com.QQjbq,4,Riskware,train
9582,xfgmmvlqcecn.buabtylp,xfgmmvlqcecn.buabtylp,4,Riskware,train
9583,com.check.youxi,com.check.youxi,4,Riskware,train
9584,com.hclvxb.qlacmdqr,com.hclvxb.qlacmdqr,4,Riskware,train
9585,com.ccyx.b171117.hlxd,com.ccyx.b171117.hlxd,4,Riskware,train
9586,com.xxc.rdjjms,com.xxc.rdjjms,4,Riskware,train
9587,com.metasploit.stage,com.metasploit.stage,4,Riskware,test
9588,com.zylwxv.ymdcrjxk,com.zylwxv.ymdcrjxk,4,Riskware,validation
9589,com.metasploit.stage,com.metasploit.stage,4,Riskware,test
9590,com.dangerous.nobody.win.handle.flight.apple,com.dangerous.nobody.win.handle.flight.apple,4,Riskware,validation
9591,com.hylands.BubbleShooterPro,com.hylands.BubbleShooterPro,4,Riskware,train
9592,com.xiao.ht.kum,com.xiao.ht.kum,4,Riskware,test
9593,com.rpw.gvfbna,com.rpw.gvfbna,4,Riskware,validation
9594,snxqb.zmcm.lcqjm,snxqb.zmcm.lcqjm,4,Riskware,train
9595,com.wwi.dvprkb,com.wwi.dvprkb,4,Riskware,test
9596,com.uz4.apkmanager,com.uz4.apkmanager,4,Riskware,validation
9597,com.sxiaoao.game.ddz2,com.sxiaoao.game.ddz2,4,Riskware,validation
9598,com.pubdxh.tukwqpvr,com.pubdxh.tukwqpvr,4,Riskware,train
9599,com.vyn.hhdifw,com.vyn.hhdifw,4,Riskware,train
9600,com.allinone.free,com.allinone.free,4,Riskware,train
9601,com.bgx.pknbzo,com.bgx.pknbzo,4,Riskware,train
9602,me.paranoid.wifikill,me.paranoid.wifikill,4,Riskware,train
9603,com.ewb.hakafe,com.ewb.hakafe,4,Riskware,train
9604,com.omikugsj.iysqijfg,com.omikugsj.iysqijfg,4,Riskware,train
9605,dylmg.grygn.mklplk,dylmg.grygn.mklplk,4,Riskware,train
9606,com.allinone.free,com.allinone.free,4,Riskware,train
9607,com.jmx.fiacvn,com.jmx.fiacvn,4,Riskware,train
9608,com.pqcuwft.abkmyqhrx,com.pqcuwft.abkmyqhrx,4,Riskware,test
9609,com.rwp.whncav,com.rwp.whncav,4,Riskware,train
9610,cn.net.tencet.qq.weixin.org,cn.net.tencet.qq.weixin.org,4,Riskware,train
9611,biz.yclfrmalgj.shkruajshkronjatealfabetit,biz.yclfrmalgj.shkruajshkronjatealfabetit,4,Riskware,train
9612,com.android.app253365,com.android.app253365,4,Riskware,train
9613,com.ftn.pltiwn,com.ftn.pltiwn,4,Riskware,train
9614,com.qq.mpz,com.qq.mpz,4,Riskware,train
9615,com.newapp,com.newapp,4,Riskware,test
9616,com.rdf.uleacx,com.rdf.uleacx,4,Riskware,validation
9617,com.perplexity.lingered.highlypaid,com.perplexity.lingered.highlypaid,4,Riskware,train
9618,com.xdwf.yhbdds.mzqbu,com.xdwf.yhbdds.mzqbu,4,Riskware,validation
9619,com.lbgame01.CatRun01,com.lbgame01.CatRun01,4,Riskware,train
9620,com.sgv.gjwdgf,com.sgv.gjwdgf,4,Riskware,train
9621,com.yte.shoi,com.yte.shoi,4,Riskware,train
9622,com.alkyuj.vzzxrqrx,com.alkyuj.vzzxrqrx,4,Riskware,test
9623,ch.nth.android.contentabo_l01_sim_univ,ch.nth.android.contentabo_l01_sim_univ,4,Riskware,validation
9624,com.yourpornapp.app.tnaflix,com.yourpornapp.app.tnaflix,4,Riskware,train
9625,com.txn.tmuhzr,com.txn.tmuhzr,4,Riskware,train
9626,crigvvtoozissgtmhsdh.iayvj.hxvfanogijaxyzgqsnj.uchc.qdglmes,crigvvtoozissgtmhsdh.iayvj.hxvfanogijaxyzgqsnj.uchc.qdglmes,4,Riskware,test
9627,com.swim.swim.fifty.nearest.clock.driver,com.swim.swim.fifty.nearest.clock.driver,4,Riskware,test
9628,org.pacific.newspaper.hung.plenty.favorite.smell,org.pacific.newspaper.hung.plenty.favorite.smell,4,Riskware,test
9629,com.uod.fezkaq,com.uod.fezkaq,4,Riskware,train
9630,com.ttyt.book,com.ttyt.book,4,Riskware,train
9631,com.apppptool.flashlight,com.apppptool.flashlight,4,Riskware,train
9632,com.ydm.cnexit,com.ydm.cnexit,4,Riskware,train
9633,com.uz4.apkmanager,com.uz4.apkmanager,4,Riskware,validation
9634,com.gzjj.njue,com.gzjj.njue,4,Riskware,validation
9635,com.je.bijo.five.nightsatfreddys,com.je.bijo.five.nightsatfreddys,4,Riskware,train
9636,com.bpvhkj.mgrkcrok,com.bpvhkj.mgrkcrok,4,Riskware,train
9637,com.huoying.renzhe20593,com.huoying.renzhe20593,4,Riskware,train
9638,com.passerby.sluggish.liquid,com.passerby.sluggish.liquid,4,Riskware,test
9639,com.metasploit.stage,com.metasploit.stage,4,Riskware,test
9640,xsld.mbb.tediyg.lwgxxgsr,xsld.mbb.tediyg.lwgxxgsr,4,Riskware,train
9641,eu.uqjagnafcm.sexybabesultimateedition,eu.uqjagnafcm.sexybabesultimateedition,4,Riskware,train
9642,com.tpqq.Ay,com.tpqq.Ay,4,Riskware,validation
9643,net.jolcplkunphkl.smesharikieliksir,net.jolcplkunphkl.smesharikieliksir,4,Riskware,train
9644,com.muvzdlqv.ftrbpobj,com.muvzdlqv.ftrbpobj,4,Riskware,train
9645,com.hxevtv.uvggwatv,com.hxevtv.uvggwatv,4,Riskware,train
9646,ch.nth.android.contentabo_l01_sim_univ,ch.nth.android.contentabo_l01_sim_univ,4,Riskware,validation
9647,com.chedaoyd.popima.saiche,com.chedaoyd.popima.saiche,4,Riskware,test
9648,cn.fys.jswjw.hbwh,cn.fys.jswjw.hbwh,4,Riskware,train
9649,xsld.mbb.cifxmh.dxvgrkff,xsld.mbb.cifxmh.dxvgrkff,4,Riskware,test
9650,com.ttyt.book,com.ttyt.book,4,Riskware,train
9651,com.whslpp.jlgxmfye,com.whslpp.jlgxmfye,4,Riskware,train
9652,com.fczxt,com.fczxt,4,Riskware,validation
9653,com.metasploit.stage,com.metasploit.stage,4,Riskware,test
9654,com.metasploit.stage,com.metasploit.stage,4,Riskware,test
9655,ocgfbr.rvVwGbzo.UsLYXH,ocgfbr.rvVwGbzo.UsLYXH,4,Riskware,train
9656,com.ynp.ngpher,com.ynp.ngpher,4,Riskware,validation
9657,com.uoyuj.game.azxlopf,com.uoyuj.game.azxlopf,4,Riskware,validation
9658,gklo.lp,gklo.lp,4,Riskware,train
9659,edu.gcfeikzairmaze.brauzeroperamini,edu.gcfeikzairmaze.brauzeroperamini,4,Riskware,train
9660,com.ani.lzxivy,com.ani.lzxivy,4,Riskware,train
9661,com.ntad.ntes,com.ntad.ntes,4,Riskware,test
9662,com.sfo.njipir,com.sfo.njipir,4,Riskware,test
9663,com.lkdjfalkdvvcx,com.lkdjfalkdvvcx,4,Riskware,train
9664,com.asx.yrbvkk,com.asx.yrbvkk,4,Riskware,train
9665,com.uvu.rxklpt,com.uvu.rxklpt,4,Riskware,train
9666,com.rbrshg.bdxsivpp,com.rbrshg.bdxsivpp,4,Riskware,test
9667,com.leyou.luandou.snake.yk03,com.leyou.luandou.snake.yk03,4,Riskware,validation
9668,itcqy.vpy.wep.zigabj,itcqy.vpy.wep.zigabj,4,Riskware,test
9669,com.ofb.vuzpqr,com.ofb.vuzpqr,4,Riskware,test
9670,COM.THIEN.FACEBOOK,COM.THIEN.FACEBOOK,4,Riskware,train
9671,net.puwe.sefu.qopibuvuliw,net.puwe.sefu.qopibuvuliw,4,Riskware,train
9672,com.outfit7.talkingtomgoldrun.hack,com.outfit7.talkingtomgoldrun.hack,4,Riskware,train
9673,com.aef.jcijxr,com.aef.jcijxr,4,Riskware,train
9674,com.mywall.nbbdrfefdHbjxUnCfve,com.mywall.nbbdrfefdHbjxUnCfve,4,Riskware,train
9675,com.duijiangji,com.duijiangji,4,Riskware,train
9676,com.game.pubrNov.ytou16th,com.game.pubrNov.ytou16th,4,Riskware,train
9677,com.iapp.i11,com.iapp.i11,4,Riskware,train
9678,com.metasploit.stage,com.metasploit.stage,4,Riskware,test
9679,efgxnhty.lptrjkxw.kkcxruu.qsztndv,efgxnhty.lptrjkxw.kkcxruu.qsztndv,4,Riskware,validation
9680,com.X5MHl2U194y91oXgC,com.X5MHl2U194y91oXgC,4,Riskware,train
9681,twz.yygame.A080002A01,twz.yygame.A080002A01,4,Riskware,test
9682,com.wifisoftware666,com.wifisoftware666,4,Riskware,train
9683,com.ttyt.book,com.ttyt.book,4,Riskware,train
9684,biz.fyxvxwvypyrbyi.dutydriverfree,biz.fyxvxwvypyrbyi.dutydriverfree,4,Riskware,test
9685,com.fzb.uiyaij,com.fzb.uiyaij,4,Riskware,train
9686,cn.d.vdfrt.hkb,cn.d.vdfrt.hkb,4,Riskware,validation
9687,com.jpg.vzvjus,com.jpg.vzvjus,4,Riskware,train
9688,com.qq.shuazuan,com.qq.shuazuan,4,Riskware,test
9689,s.liu.liang,s.liu.liang,4,Riskware,test
9690,com.gzjj.njue,com.gzjj.njue,4,Riskware,validation
9691,com.ttyt.book,com.ttyt.book,4,Riskware,train
9692,com.iapp.minpianzan,com.iapp.minpianzan,4,Riskware,test
9693,org.euapxrcdkoy.yourminecraftserverinthecloud,org.euapxrcdkoy.yourminecraftserverinthecloud,4,Riskware,validation
9694,com.tyi.hghbri,com.tyi.hghbri,4,Riskware,train
9695,com.fqhx.by,com.fqhx.by,4,Riskware,train
9696,adkfaklj.buhusa,adkfaklj.buhusa,4,Riskware,train
9697,com.yourpornapp.app.yourpornapp,com.yourpornapp.app.yourpornapp,4,Riskware,test
9698,net.rqalvmmkvqian.solitaire,net.rqalvmmkvqian.solitaire,4,Riskware,test
9699,com.gohrvt.dogzrjug,com.gohrvt.dogzrjug,4,Riskware,validation
9700,com.kys.tpdfcj,com.kys.tpdfcj,4,Riskware,train
9701,com.gpsgoodmessenger,com.gpsgoodmessenger,4,Riskware,validation
9702,com.qqzuans,com.qqzuans,4,Riskware,train
9703,com.juyu.live,com.juyu.live,4,Riskware,validation
9704,com.hukih.meselu.no.limits,com.hukih.meselu.no.limits,4,Riskware,validation
9705,com.knz.amituc,com.knz.amituc,4,Riskware,train
9706,com.qitu.market,com.qitu.market,4,Riskware,test
9707,xxx.barge.absorbent,xxx.barge.absorbent,4,Riskware,train
9708,com.wuguituandui.BW,com.wuguituandui.BW,4,Riskware,train
9709,nwq.nrhgmxas.ickm.sjacmkvf,nwq.nrhgmxas.ickm.sjacmkvf,4,Riskware,train
9710,com.tqh.bqtzwt,com.tqh.bqtzwt,4,Riskware,train
9711,com.wangye,com.wangye,4,Riskware,train
9712,com.tueeku.ldgxdllc,com.tueeku.ldgxdllc,4,Riskware,test
9713,com.sf3jowD.owlkvc,com.sf3jowD.owlkvc,4,Riskware,train
9714,com.pan.efdowx,com.pan.efdowx,4,Riskware,train
9715,com.lvzuanssasa,com.lvzuanssasa,4,Riskware,validation
9716,com.newapp,com.newapp,4,Riskware,test
9717,com.antivirus.web.best.sample.version,com.antivirus.web.best.sample.version,4,Riskware,train
9718,com.yor.kinxbl,com.yor.kinxbl,4,Riskware,train
9719,com.baoruan.lewan,com.baoruan.lewan,4,Riskware,train
9720,jbso.ublg.prjng,jbso.ublg.prjng,4,Riskware,train
9721,com.ybc.myapp,com.ybc.myapp,4,Riskware,validation
9722,com.video.player.xxx.super.girl.sett,com.video.player.xxx.super.girl.sett,4,Riskware,validation
9723,com.attend.roboty,com.attend.roboty,4,Riskware,train
9724,com.ybdqp.yo.nj.slv,com.ybdqp.yo.nj.slv,4,Riskware,validation
9725,com.qq.shuazuan,com.qq.shuazuan,4,Riskware,test
9726,com.rlr.nnfazr,com.rlr.nnfazr,4,Riskware,test
9727,com.daishuaw,com.daishuaw,4,Riskware,validation
9728,com.uft.appsbox,com.uft.appsbox,4,Riskware,train
9729,psg.nll.iivvpc.ehwylwnu,psg.nll.iivvpc.ehwylwnu,4,Riskware,train
9730,com.iai.qgshpw,com.iai.qgshpw,4,Riskware,test
9731,biz.ksuxfbumu.cabelasbiggamehunter,biz.ksuxfbumu.cabelasbiggamehunter,4,Riskware,train
9732,com.xsjbh,com.xsjbh,4,Riskware,train
9733,com.kzc.nfryxz,com.kzc.nfryxz,4,Riskware,train
9734,com.xiazkongjship,com.xiazkongjship,4,Riskware,train
9735,s.qq.opp,s.qq.opp,4,Riskware,validation
9736,com.brk.zydhwf,com.brk.zydhwf,4,Riskware,train
9737,com.vcq.djqadc,com.vcq.djqadc,4,Riskware,train
9738,com.btqqduupzarfef.sonicthehedgehog,com.btqqduupzarfef.sonicthehedgehog,4,Riskware,train
9739,com.android.system.op.email,com.android.system.op.email,4,Riskware,train
9740,com.yourpornapp.app.xxx,com.yourpornapp.app.xxx,4,Riskware,validation
9741,com.hssd.sbvoa,com.hssd.sbvoa,4,Riskware,train
9742,com.ho.gaja.giwepe,com.ho.gaja.giwepe,4,Riskware,train
9743,fB.HnbzL.aTwsjL.ik.uxyzCn,fB.HnbzL.aTwsjL.ik.uxyzCn,4,Riskware,validation
9744,com.zvyqha.urzmqoyd,com.zvyqha.urzmqoyd,4,Riskware,train
9745,tkeauxqspwckvk.gelgv.orupjvx.roxc.xwqnpfjrpfbvlgh,tkeauxqspwckvk.gelgv.orupjvx.roxc.xwqnpfjrpfbvlgh,4,Riskware,train
9746,com.qklsjv.zqjfewhb,com.qklsjv.zqjfewhb,4,Riskware,train
9747,android.app.s11k16g,android.app.s11k16g,4,Riskware,train
9748,eu.kyxtjdhqgvxuv.bredusy,eu.kyxtjdhqgvxuv.bredusy,4,Riskware,test
9749,nulbebdxsthqzat.hsvpauntyj.pqbievufavjxo,nulbebdxsthqzat.hsvpauntyj.pqbievufavjxo,4,Riskware,train
9750,com.deivhm.lxdawvun,com.deivhm.lxdawvun,4,Riskware,validation
9751,com.ksy.cn21,com.ksy.cn21,4,Riskware,train
9752,com.cod.tlrjqf,com.cod.tlrjqf,4,Riskware,train
9753,twz.yygame.A080003A03,twz.yygame.A080003A03,4,Riskware,train
9754,com.tpqq.Ay,com.tpqq.Ay,4,Riskware,validation
9755,com.qce.untqgs,com.qce.untqgs,4,Riskware,test
9756,com.xto.gxaulz,com.xto.gxaulz,4,Riskware,validation
9757,com.yourpornapp.app.tnaflix,com.yourpornapp.app.tnaflix,4,Riskware,train
9758,com.uz4.apkmanager,com.uz4.apkmanager,4,Riskware,validation
9759,com.yourpornapp.app.tnaflix,com.yourpornapp.app.tnaflix,4,Riskware,train
9760,com.xk.v929d.fb,com.xk.v929d.fb,4,Riskware,train
9761,com.hkr.swhphi,com.hkr.swhphi,4,Riskware,train
9762,com.acfdfvf.ogvfvdaw,com.acfdfvf.ogvfvdaw,4,Riskware,validation
9763,com.ogk.xzbbmt,com.ogk.xzbbmt,4,Riskware,validation
9764,com.dxw.wgynrs,com.dxw.wgynrs,4,Riskware,train
9765,com.nwopakdj.qpoieop,com.nwopakdj.qpoieop,4,Riskware,train
9766,com.gvdjcz.mdchlpjl,com.gvdjcz.mdchlpjl,4,Riskware,test
9767,com.pmboxcore,com.pmboxcore,4,Riskware,train
9768,com.wtl.fwampk,com.wtl.fwampk,4,Riskware,train
9769,com.ipi.adhpvi,com.ipi.adhpvi,4,Riskware,test
9770,com.yourpornapp.app.tnaflix,com.yourpornapp.app.tnaflix,4,Riskware,train
9771,com.wangye,com.wangye,4,Riskware,train
9772,com.qq.djdg,com.qq.djdg,4,Riskware,validation
9773,com.metasploit.stage,com.metasploit.stage,4,Riskware,test
9774,com.dix.iqmacx,com.dix.iqmacx,4,Riskware,train
9775,com.whatever.driver.forget.whatever.knife.model,com.whatever.driver.forget.whatever.knife.model,4,Riskware,test
9776,edu.wnndnnuwuk.todaycalendarpro,edu.wnndnnuwuk.todaycalendarpro,4,Riskware,train
9777,com.omqfcnia.umvrzrwg,com.omqfcnia.umvrzrwg,4,Riskware,validation
9778,com.gnsopczy.gnojacwz,com.gnsopczy.gnojacwz,4,Riskware,train
9779,com.cower.ascension,com.cower.ascension,4,Riskware,train
9780,qouryo.c.zznqgwf,qouryo.c.zznqgwf,4,Riskware,train
9781,com.qq.qqxjdg,com.qq.qqxjdg,4,Riskware,train
9782,com.lgz.kaqdok,com.lgz.kaqdok,4,Riskware,train
9783,com.android.app253480,com.android.app253480,4,Riskware,test
9784,com.star0.pass0,com.star0.pass0,4,Riskware,train
9785,com.yqmrxu.gmpbegzj,com.yqmrxu.gmpbegzj,4,Riskware,validation
9786,com.uqmlfxuwcjriz.subwaysurfersarabia,com.uqmlfxuwcjriz.subwaysurfersarabia,4,Riskware,test
9787,biz.fjlbmvemfxd.angelinajolielivewallpaper,biz.fjlbmvemfxd.angelinajolielivewallpaper,4,Riskware,train
9788,com.nfidcq.gfsittfy,com.nfidcq.gfsittfy,4,Riskware,train
9789,com.md.kernel,com.md.kernel,4,Riskware,validation
9790,com.fqhx.bubble,com.fqhx.bubble,4,Riskware,train
9791,hyr.ut.xyzhazhaavb,hyr.ut.xyzhazhaavb,4,Riskware,train
9792,com.fastsystem,com.fastsystem,4,Riskware,train
9793,s.q.q,s.q.q,4,Riskware,train
9794,com.ci.qoci.fadasacutagu,com.ci.qoci.fadasacutagu,4,Riskware,validation
9795,ios.blues,ios.blues,4,Riskware,train
9796,com.qq.qqxjdg,com.qq.qqxjdg,4,Riskware,train
9797,air.com.KalromSystems.FlappyYou,air.com.KalromSystems.FlappyYou,4,Riskware,validation
9798,com.krl.ybgadf,com.krl.ybgadf,4,Riskware,train
9799,lhdq.zggc.fiyq.ighm,lhdq.zggc.fiyq.ighm,4,Riskware,validation
9800,ulkfg.lctyznvnh.x,ulkfg.lctyznvnh.x,4,Riskware,train
9801,com.lema.lematcs2024,com.lema.lematcs2024,4,Riskware,validation
9802,com.gammalab.chessopenings,com.gammalab.chessopenings,4,Riskware,train
