source_row_index,package,group_id,dataset_class_id,model_class_index,class_name,split
12,com.p.wallpaper.c58,com.p.wallpaper.c58,1,0,Adware,test
21,com.mobi.screensaver.ymgx,com.mobi.screensaver.ymgx,1,0,Adware,test
26,com.wangwei.xiyangyang,com.wangwei.xiyangyang,1,0,Adware,test
33,com.han.srmm1,com.han.srmm1,1,0,Adware,test
41,com.scientists.wogps,com.scientists.wogps,1,0,Adware,test
47,com.androidemu.neszsebwdlpy,com.androidemu.neszsebwdlpy,1,0,Adware,test
51,ps.wb.csppxx.lock20120708000919,ps.wb.csppxx.lock20120708000919,1,0,Adware,test
74,goodyes.signgps,goodyes.signgps,1,0,Adware,test
81,pk.noqtq.bcdfif12474.animal,pk.noqtq.bcdfif12474.animal,1,0,Adware,test
82,googleanzhi.pokercard,googleanzhi.pokercard,1,0,Adware,test
107,com.game.flash.jingdiantq,com.game.flash.jingdiantq,1,0,Adware,test
108,com.dray.apkclearer,com.dray.apkclearer,1,0,Adware,test
127,com.android.mmreader318,com.android.mmreader318,1,0,Adware,test
129,net.yyasp.exam.accountant,net.yyasp.exam.accountant,1,0,Adware,test
131,com.shere.livewallpapersb179,com.shere.livewallpapersb179,1,0,Adware,test
132,liu.niu.soft.loverslkl01,liu.niu.soft.loverslkl01,1,0,Adware,test
136,com.kb.Carrom3DFullcn,com.kb.Carrom3DFullcn,1,0,Adware,test
138,mobile.app248,mobile.app248,1,0,Adware,test
147,com.meiricai.app,com.meiricai.app,1,0,Adware,test
152,com.ecmgqbugo,com.ecmgqbugo,1,0,Adware,test
163,ps.wb.csppxx.lock20121021001785,ps.wb.csppxx.lock20121021001785,1,0,Adware,test
169,com.greensoft.whlALiDeXingFu,com.greensoft.whlALiDeXingFu,1,0,Adware,test
175,com.windrey.penguin,com.windrey.penguin,1,0,Adware,test
181,com.work.game,com.work.game,1,0,Adware,test
182,com.lbeing.word.kaoyan,com.lbeing.word.kaoyan,1,0,Adware,test
183,com.colorme.game.Dragonball,com.colorme.game.Dragonball,1,0,Adware,test
198,com.mobi.screensaver.alnine6,com.mobi.screensaver.alnine6,1,0,Adware,test
199,com.rainbow.Diz,com.rainbow.Diz,1,0,Adware,test
204,com.markeu.msscan,com.markeu.msscan,1,0,Adware,test
209,ps.wb.music20130922001776,ps.wb.music20130922001776,1,0,Adware,test
214,com.android.mmreader104,com.android.mmreader104,1,0,Adware,test
221,doudoufight.vent,doudoufight.vent,1,0,Adware,test
222,com.mm.plugins.contactsprotect.phoneintercept1,com.mm.plugins.contactsprotect.phoneintercept1,1,0,Adware,test
229,orz.lk.mydt,orz.lk.mydt,1,0,Adware,test
241,com.android.mmreader693,com.android.mmreader693,1,0,Adware,test
243,org.ali.iphonescreen,org.ali.iphonescreen,1,0,Adware,test
247,net.hidroid.privacy,net.hidroid.privacy,1,0,Adware,test
249,com.android.mmreader429,com.android.mmreader429,1,0,Adware,test
254,com.wei.and.njjzw.qute.moy,com.wei.and.njjzw.qute.moy,1,0,Adware,test
262,com.xoYu.Games.AngryBirdsLinking,com.xoYu.Games.AngryBirdsLinking,1,0,Adware,test
265,sunkay.BookXueshanfeihu,sunkay.BookXueshanfeihu,1,0,Adware,test
268,cmcom.elsdoerfer.android.autostarts,cmcom.elsdoerfer.android.autostarts,1,0,Adware,test
271,com.mogo.bequick,com.mogo.bequick,1,0,Adware,test
283,com.thinkyeah.smartlockfree,com.thinkyeah.smartlockfree,1,0,Adware,test
290,com.colorme.game.qinshoubenxingceshi,com.colorme.game.qinshoubenxingceshi,1,0,Adware,test
293,com.nanoha.DeviceAdmin,com.nanoha.DeviceAdmin,1,0,Adware,test
295,com.android.mmreader771,com.android.mmreader771,1,0,Adware,test
297,com.android.mmreader502,com.android.mmreader502,1,0,Adware,test
302,net.wangyuanjing.abc,net.wangyuanjing.abc,1,0,Adware,test
307,com.android.mmreader33,com.android.mmreader33,1,0,Adware,test
311,com.androidemu.harvesongshuzz,com.androidemu.harvesongshuzz,1,0,Adware,test
312,cn.bighead.livewallpaper.jianfei197xzq,cn.bighead.livewallpaper.jianfei197xzq,1,0,Adware,test
317,com.cdjm.StealFruit.core,com.cdjm.StealFruit.core,1,0,Adware,test
319,com.colorme.game.zenonmegablast,com.colorme.game.zenonmegablast,1,0,Adware,test
336,com.greensoft.xiaRiQingLiang,com.greensoft.xiaRiQingLiang,1,0,Adware,test
338,com.npsou.bcehdj13628.plant,com.npsou.bcehdj13628.plant,1,0,Adware,test
339,com.clearapp_bysc,com.clearapp_bysc,1,0,Adware,test
345,com.app.hero.ui,com.app.hero.ui,1,0,Adware,test
351,com.shirley.livewallpaper.xiangcun1,com.shirley.livewallpaper.xiangcun1,1,0,Adware,test
354,com.wxqhbfz.vn,com.wxqhbfz.vn,1,0,Adware,test
367,com.zson.mbiz,com.zson.mbiz,1,0,Adware,test
375,com.android.mmreader513,com.android.mmreader513,1,0,Adware,test
387,com.colorme.game.cangshudiuguazi,com.colorme.game.cangshudiuguazi,1,0,Adware,test
398,googleanzhi.smallants,googleanzhi.smallants,1,0,Adware,test
407,com.coderet.motto,com.coderet.motto,1,0,Adware,test
408,com.evilsunflower.reader.evilShenger,com.evilsunflower.reader.evilShenger,1,0,Adware,test
410,com.htc.android.jq,com.htc.android.jq,1,0,Adware,test
418,com.android.mmreader1079,com.android.mmreader1079,1,0,Adware,test
427,com.mobi.screensaver.iphonefzltf,com.mobi.screensaver.iphonefzltf,1,0,Adware,test
431,qq.skin.gr2xn,qq.skin.gr2xn,1,0,Adware,test
432,com.mobi.livewallpaper.dyasl6,com.mobi.livewallpaper.dyasl6,1,0,Adware,test
434,com.adwo.android.snake,com.adwo.android.snake,1,0,Adware,test
435,com.android.mmreader265,com.android.mmreader265,1,0,Adware,test
444,com.zhangchao.wwwwwwweeeeee,com.zhangchao.wwwwwwweeeeee,1,0,Adware,test
453,com.shenghuo.yingerqi,com.shenghuo.yingerqi,1,0,Adware,test
454,com.qulordy.learn.mastervoa,com.qulordy.learn.mastervoa,1,0,Adware,test
455,cn.com.DDRSY.livewallpaper.molily,cn.com.DDRSY.livewallpaper.molily,1,0,Adware,test
456,com.livegame.android.shelves,com.livegame.android.shelves,1,0,Adware,test
457,com.android.mmreader713,com.android.mmreader713,1,0,Adware,test
461,movecont2.hrjenglish3,movecont2.hrjenglish3,1,0,Adware,test
467,com.gigi.walkietalkie,com.gigi.walkietalkie,1,0,Adware,test
469,cn.hongxiu.singlebook244185,cn.hongxiu.singlebook244185,1,0,Adware,test
472,com.realarcade.sunteamworka,com.realarcade.sunteamworka,1,0,Adware,test
476,diantai.wangluo.cri.cn,diantai.wangluo.cri.cn,1,0,Adware,test
487,com.wy.screensaver.aqgys1,com.wy.screensaver.aqgys1,1,0,Adware,test
493,com.minerhao.datou,com.minerhao.datou,1,0,Adware,test
502,com.wb.olock20130808001468,com.wb.olock20130808001468,1,0,Adware,test
504,com.wax.jcgj,com.wax.jcgj,1,0,Adware,test
515,com.gp.netscramblefull,com.gp.netscramblefull,1,0,Adware,test
516,com.shylisr,com.shylisr,1,0,Adware,test
520,com.han.livewallpapersb142,com.han.livewallpapersb142,1,0,Adware,test
529,com.TranslateOnline,com.TranslateOnline,1,0,Adware,test
531,com.ps.mine,com.ps.mine,1,0,Adware,test
536,com.qianxun.kankan,com.qianxun.kankan,1,0,Adware,test
546,com.shirley.livewallpaper.puluowans,com.shirley.livewallpaper.puluowans,1,0,Adware,test
549,com.mobi.screensaver.llmy8,com.mobi.screensaver.llmy8,1,0,Adware,test
556,com.doaspx.Happy,com.doaspx.Happy,1,0,Adware,test
574,com.eugm.sakdinchpdsel.tdegahuu.ggnop,com.eugm.sakdinchpdsel.tdegahuu.ggnop,1,0,Adware,test
579,com.jame,com.jame,1,0,Adware,test
581,com.android.mmreader1189,com.android.mmreader1189,1,0,Adware,test
584,com.ponphy.appmanager,com.ponphy.appmanager,1,0,Adware,test
588,org.waller.filemanager,org.waller.filemanager,1,0,Adware,test
589,com.shengdianxia.pushmy,com.shengdianxia.pushmy,1,0,Adware,test
602,com.zhangda.shiyue.er.shuiguorenzhe,com.zhangda.shiyue.er.shuiguorenzhe,1,0,Adware,test
605,com.znn.qqonline,com.znn.qqonline,1,0,Adware,test
610,com.MarksThinkTank.puenckfpuenckfp,com.MarksThinkTank.puenckfpuenckfp,1,0,Adware,test
611,com.yyb.huaerchuji,com.yyb.huaerchuji,1,0,Adware,test
613,com.yyb.zhanzhengyuheping,com.yyb.zhanzhengyuheping,1,0,Adware,test
631,mobi.rhmkpvj.uhpjtk.spsvk,mobi.rhmkpvj.uhpjtk.spsvk,1,0,Adware,test
638,com.wanpu.shuijinddp,com.wanpu.shuijinddp,1,0,Adware,test
641,com.core.android.carer,com.core.android.carer,1,0,Adware,test
644,com.albert.rb.ccalender,com.albert.rb.ccalender,1,0,Adware,test
652,com.greensoft.haoHanXingKong,com.greensoft.haoHanXingKong,1,0,Adware,test
661,info.rhmipkj.ihijtk.sptvs,info.rhmipkj.ihijtk.sptvs,1,0,Adware,test
665,com.nckekeX.quwei.android,com.nckekeX.quwei.android,1,0,Adware,test
668,cn.hongxiu.singlebook93686,cn.hongxiu.singlebook93686,1,0,Adware,test
670,show.magiciconk,show.magiciconk,1,0,Adware,test
672,com.android.mmreader662,com.android.mmreader662,1,0,Adware,test
679,com.gamex.backup.think,com.gamex.backup.think,1,0,Adware,test
680,com.android.mmreader530,com.android.mmreader530,1,0,Adware,test
686,cn.hongxiu.singlebook330948,cn.hongxiu.singlebook330948,1,0,Adware,test
692,cn.zj.one.hanhan.gaokaoa,cn.zj.one.hanhan.gaokaoa,1,0,Adware,test
706,com.lolllk,com.lolllk,1,0,Adware,test
710,com.guoli.mobilebook080,com.guoli.mobilebook080,1,0,Adware,test
715,ps.wb.mncbl20120220011128,ps.wb.mncbl20120220011128,1,0,Adware,test
735,com.fywork.lomo,com.fywork.lomo,1,0,Adware,test
739,com.example.cebianlan,com.example.cebianlan,1,0,Adware,test
743,com.ryan.xgn,com.ryan.xgn,1,0,Adware,test
754,com.colorme.game.gaoguaipengpengqiu,com.colorme.game.gaoguaipengpengqiu,1,0,Adware,test
764,com.txtdzs.andqiaobusijiceodebixiuke_pingguodezhexue,com.txtdzs.andqiaobusijiceodebixiuke_pingguodezhexue,1,0,Adware,test
774,game.ps.an.mncbl2,game.ps.an.mncbl2,1,0,Adware,test
794,com.zz.wfllzs,com.zz.wfllzs,1,0,Adware,test
798,com.hengtalk.jelly.pop.cn,com.hengtalk.jelly.pop.cn,1,0,Adware,test
816,com.ps.ddp,com.ps.ddp,1,0,Adware,test
818,com.androidemu.harvehdlshuishang,com.androidemu.harvehdlshuishang,1,0,Adware,test
829,com.or.jsy.kittymemohvc,com.or.jsy.kittymemohvc,1,0,Adware,test
832,hcursor.huanziti,hcursor.huanziti,1,0,Adware,test
853,com.sinosoft.compass,com.sinosoft.compass,1,0,Adware,test
866,com.sjjdj.fdianymnqnb.activity,com.sjjdj.fdianymnqnb.activity,1,0,Adware,test
876,com.mobi.screensaver.xczmiphone3,com.mobi.screensaver.xczmiphone3,1,0,Adware,test
882,com.northpark.beautyphoto,com.northpark.beautyphoto,1,0,Adware,test
887,cn.nimeizhuomian.iionhdsfug,cn.nimeizhuomian.iionhdsfug,1,0,Adware,test
891,com.youthfulyoung.controller,com.youthfulyoung.controller,1,0,Adware,test
892,com.android.mmreader421,com.android.mmreader421,1,0,Adware,test
893,com.yangwen.cgamcs.xbwtoshlcm,com.yangwen.cgamcs.xbwtoshlcm,1,0,Adware,test
917,com.xinxuetang.ebook.GWYKSTJJ7418,com.xinxuetang.ebook.GWYKSTJJ7418,1,0,Adware,test
930,com.enhua.gjj.activity,com.enhua.gjj.activity,1,0,Adware,test
944,com.android.mmreader385,com.android.mmreader385,1,0,Adware,test
964,com.android.office.guan,com.android.office.guan,1,0,Adware,test
967,com.gamex.upset,com.gamex.upset,1,0,Adware,test
986,android.apk357.novel.heidaofengyunershinian,android.apk357.novel.heidaofengyunershinian,1,0,Adware,test
997,com.mx.mxdsharde,com.mx.mxdsharde,1,0,Adware,test
1003,googlems.summergames,googlems.summergames,1,0,Adware,test
1005,com.moru.chenj01,com.moru.chenj01,1,0,Adware,test
1006,googleanzhi.lovekiss,googleanzhi.lovekiss,1,0,Adware,test
1012,com.livegame.wallpapertoumingyd,com.livegame.wallpapertoumingyd,1,0,Adware,test
1024,com.zwldanji.appzwldanji,com.zwldanji.appzwldanji,1,0,Adware,test
1028,com.android.mmreader168,com.android.mmreader168,1,0,Adware,test
1032,com.peter,com.peter,1,0,Adware,test
1033,com.android.kill.childmath,com.android.kill.childmath,1,0,Adware,test
1038,com.android.mmreader286,com.android.mmreader286,1,0,Adware,test
1046,com.wb.olock20130923001788,com.wb.olock20130923001788,1,0,Adware,test
1052,cn.xiaoxiao21dianabcd.android,cn.xiaoxiao21dianabcd.android,1,0,Adware,test
1054,dianjin.agame.yonghengzt.waimaipisai,dianjin.agame.yonghengzt.waimaipisai,1,0,Adware,test
1069,com.ruavjvivrtbuspsnihgvfjhnfr,com.ruavjvivrtbuspsnihgvfjhnfr,1,0,Adware,test
1074,ps.wb.music20130419003286,ps.wb.music20130419003286,1,0,Adware,test
1076,googlems.potatopeelergame,googlems.potatopeelergame,1,0,Adware,test
1077,com.triangle.gangqin2siqi,com.triangle.gangqin2siqi,1,0,Adware,test
1081,oms.mmc.fortunetelling.fengshui.ninecity,oms.mmc.fortunetelling.fengshui.ninecity,1,0,Adware,test
1083,com.ccz.emeishan,com.ccz.emeishan,1,0,Adware,test
1100,k.microcells.footballwallpaper,k.microcells.footballwallpaper,1,0,Adware,test
1115,com.zhuaz.bugaishipdq,com.zhuaz.bugaishipdq,1,0,Adware,test
1120,googlems.halloweenpumpkinpancakes,googlems.halloweenpumpkinpancakes,1,0,Adware,test
1121,com.android.mmreader862,com.android.mmreader862,1,0,Adware,test
1124,com.catking.dqe,com.catking.dqe,1,0,Adware,test
1126,googleanzhi.pointhim,googleanzhi.pointhim,1,0,Adware,test
1142,,__missing_package_row_1142,1,0,Adware,test
1144,org.my3d.igbill,org.my3d.igbill,1,0,Adware,test
1145,com.wsx.ldwn,com.wsx.ldwn,1,0,Adware,test
1148,moyan.standopen,moyan.standopen,1,0,Adware,test
1151,com.wc.light,com.wc.light,1,0,Adware,test
1155,guoguo.wireless.usb,guoguo.wireless.usb,1,0,Adware,test
1160,com.ps.yams,com.ps.yams,1,0,Adware,test
1163,com.androidemu.harvemifeng,com.androidemu.harvemifeng,1,0,Adware,test
1166,ren.xiaoniaolianliankan13,ren.xiaoniaolianliankan13,1,0,Adware,test
1169,cn.com.xiaof.livewallpaper.xunyicaonvh,cn.com.xiaof.livewallpaper.xunyicaonvh,1,0,Adware,test
1176,com.kait.olivedream,com.kait.olivedream,1,0,Adware,test
1186,android.sms,android.sms,1,0,Adware,test
1191,com.fancyy.ddmsg,com.fancyy.ddmsg,1,0,Adware,test
1197,com.android.mmreader824,com.android.mmreader824,1,0,Adware,test
1209,com.zmm.meat,com.zmm.meat,1,0,Adware,test
1216,ps.wb.csppxx.lock20131217002548,ps.wb.csppxx.lock20131217002548,1,0,Adware,test
1217,org.nomnq.bcdbcf12014.mobile,org.nomnq.bcdbcf12014.mobile,1,0,Adware,test
1220,com.chenjg.txtbrowser.guiji,com.chenjg.txtbrowser.guiji,1,0,Adware,test
1224,com.dangerb.livewallpaper.yejin,com.dangerb.livewallpaper.yejin,1,0,Adware,test
1239,com.mogo.shuiguollk,com.mogo.shuiguollk,1,0,Adware,test
1242,com.mobi.livewallpaper.wmhhsfzl2,com.mobi.livewallpaper.wmhhsfzl2,1,0,Adware,test
1246,com.androidemu.harvexueren.kkcsdjnvjfbvdfvdbvg,com.androidemu.harvexueren.kkcsdjnvjfbvdfvdbvg,1,0,Adware,test
1247,com.wuwu.hwdd.book,com.wuwu.hwdd.book,1,0,Adware,test
1251,com.androidemu.kqzhandouxin,com.androidemu.kqzhandouxin,1,0,Adware,test
1255,com.example.sc,com.example.sc,2,1,Banking Malware,test
1282,com.test.t000004,com.test.t000004,2,1,Banking Malware,test
1293,,__missing_package_row_1293,2,1,Banking Malware,test
1301,lbbrboeutum.ukaaslbgmejr.rdbsehhmdkvw,lbbrboeutum.ukaaslbgmejr.rdbsehhmdkvw,2,1,Banking Malware,test
1312,com.power.core.setting,com.power.core.setting,2,1,Banking Malware,test
1323,com.bitsetter.minishark,com.bitsetter.minishark,2,1,Banking Malware,test
1348,,__missing_package_row_1348,2,1,Banking Malware,test
1350,com.picotory.voicesphere,com.picotory.voicesphere,2,1,Banking Malware,test
1354,com.mixajdwiq.dd,com.mixajdwiq.dd,2,1,Banking Malware,test
1355,com.vivaciousness.secrete,com.vivaciousness.secrete,2,1,Banking Malware,test
1363,xiivig.kbzezj.fwlnxn,xiivig.kbzezj.fwlnxn,2,1,Banking Malware,test
1368,com.brand818.promo256,com.brand818.promo256,2,1,Banking Malware,test
1381,com.ewjkl32,com.ewjkl32,2,1,Banking Malware,test
1402,,__missing_package_row_1402,2,1,Banking Malware,test
1408,com.dkzvs.zmaw,com.dkzvs.zmaw,2,1,Banking Malware,test
1413,com.play.studio.gnsandpstls,com.play.studio.gnsandpstls,2,1,Banking Malware,test
1419,vaxe.kaud.besc,vaxe.kaud.besc,2,1,Banking Malware,test
1426,bvuh.lfekjvw.ifnxfr,bvuh.lfekjvw.ifnxfr,2,1,Banking Malware,test
1450,xiao88.da99.view,xiao88.da99.view,2,1,Banking Malware,test
1454,org.slempo.service,org.slempo.service,2,1,Banking Malware,test
1457,com.yiwqfsaie.qithcati,com.yiwqfsaie.qithcati,2,1,Banking Malware,test
1462,xxxxxxxx.yyyyyyyy.zzzzzzzz,xxxxxxxx.yyyyyyyy.zzzzzzzz,2,1,Banking Malware,test
1472,com.misoxaqre9.dd,com.misoxaqre9.dd,2,1,Banking Malware,test
1480,com.mte.hs,com.mte.hs,2,1,Banking Malware,test
1488,machine.setting.view,machine.setting.view,2,1,Banking Malware,test
1494,,__missing_package_row_1494,2,1,Banking Malware,test
1497,com.bettertomorrowapps.camerablock,com.bettertomorrowapps.camerablock,2,1,Banking Malware,test
1509,com.android.market,com.android.market,2,1,Banking Malware,test
1520,com.yandex226.yandex967,com.yandex226.yandex967,2,1,Banking Malware,test
1527,com.ko.kor,com.ko.kor,2,1,Banking Malware,test
1531,com.blogace.hazelspace,com.blogace.hazelspace,2,1,Banking Malware,test
1536,com.soft890.soft960,com.soft890.soft960,2,1,Banking Malware,test
1543,com.gl01.gl02,com.gl01.gl02,2,1,Banking Malware,test
1546,qhqjiq.vqbdym.rydutd,qhqjiq.vqbdym.rydutd,2,1,Banking Malware,test
1548,mcnvme.bkjdri.rqebog,mcnvme.bkjdri.rqebog,2,1,Banking Malware,test
1554,c.l,c.l,2,1,Banking Malware,test
1557,com.hananewbank,com.hananewbank,2,1,Banking Malware,test
1575,uui10.uui20.view,uui10.uui20.view,2,1,Banking Malware,test
1578,kdkjj.kalld.alvaae,kdkjj.kalld.alvaae,2,1,Banking Malware,test
1591,yvzzhz.ljmpzj.pxhbvi,yvzzhz.ljmpzj.pxhbvi,2,1,Banking Malware,test
1596,,__missing_package_row_1596,2,1,Banking Malware,test
1600,,__missing_package_row_1600,2,1,Banking Malware,test
1630,,__missing_package_row_1630,2,1,Banking Malware,test
1662,com.kbstar.kbbank,com.kbstar.kbbank,2,1,Banking Malware,test
1684,,__missing_package_row_1684,2,1,Banking Malware,test
1687,com.ewjkl32,com.ewjkl32,2,1,Banking Malware,test
1694,gronvp.fquaollmlcgx.ntjpxtepxyy,gronvp.fquaollmlcgx.ntjpxtepxyy,2,1,Banking Malware,test
1700,com.ikmsLx2.ltp2Xjc,com.ikmsLx2.ltp2Xjc,2,1,Banking Malware,test
1724,yun01.long01.view,yun01.long01.view,2,1,Banking Malware,test
1732,ukwxt.wsj.dcir34,ukwxt.wsj.dcir34,2,1,Banking Malware,test
1735,,__missing_package_row_1735,2,1,Banking Malware,test
1742,com.menkkksgdgting.Solo,com.menkkksgdgting.Solo,2,1,Banking Malware,test
1743,com.example.kb,com.example.kb,2,1,Banking Malware,test
1748,jjha.dkanvbna.dkfaade,jjha.dkanvbna.dkfaade,2,1,Banking Malware,test
1776,,__missing_package_row_1776,2,1,Banking Malware,test
1843,com.ssh,com.ssh,2,1,Banking Malware,test
1848,com.yebigun,com.yebigun,2,1,Banking Malware,test
1850,com.pfde32rd,com.pfde32rd,2,1,Banking Malware,test
1854,,__missing_package_row_1854,2,1,Banking Malware,test
1858,,__missing_package_row_1858,2,1,Banking Malware,test
1875,com.lock.app,com.lock.app,2,1,Banking Malware,test
1895,com.bckalz.iphone5s,com.bckalz.iphone5s,2,1,Banking Malware,test
1898,com.sec.mnd.up,com.sec.mnd.up,2,1,Banking Malware,test
1904,emsquan3.emsquan4.view,emsquan3.emsquan4.view,2,1,Banking Malware,test
1914,,__missing_package_row_1914,2,1,Banking Malware,test
1920,com.herocraft.gamesfrg.scrubs,com.herocraft.gamesfrg.scrubs,2,1,Banking Malware,test
1922,com.jree.jigsawpool,com.jree.jigsawpool,2,1,Banking Malware,test
1925,,__missing_package_row_1925,2,1,Banking Malware,test
1932,com.kbdhdkf.net,com.kbdhdkf.net,2,1,Banking Malware,test
1941,it.sandroid.runu2,it.sandroid.runu2,2,1,Banking Malware,test
1946,g31fhsgzqxzl.gf,g31fhsgzqxzl.gf,2,1,Banking Malware,test
1948,,__missing_package_row_1948,2,1,Banking Malware,test
1956,,__missing_package_row_1956,2,1,Banking Malware,test
1979,,__missing_package_row_1979,2,1,Banking Malware,test
2016,com.inca.nhyundai,com.inca.nhyundai,2,1,Banking Malware,test
2020,com.google.scc,com.google.scc,2,1,Banking Malware,test
2046,gphcrinzmux.ivbantilxi.rzbrwwbal,gphcrinzmux.ivbantilxi.rzbrwwbal,2,1,Banking Malware,test
2050,com.qrs.bvg,com.qrs.bvg,2,1,Banking Malware,test
2074,com.dksemdh.kr,com.dksemdh.kr,2,1,Banking Malware,test
2077,,__missing_package_row_2077,2,1,Banking Malware,test
2098,com.shoushou88.zhezhe99,com.shoushou88.zhezhe99,2,1,Banking Malware,test
2099,,__missing_package_row_2099,2,1,Banking Malware,test
2116,com.empo001.empo002,com.empo001.empo002,2,1,Banking Malware,test
2118,com.za0001.za0002,com.za0001.za0002,2,1,Banking Malware,test
2123,com.menyekedgting.Solo,com.menyekedgting.Solo,2,1,Banking Malware,test
2141,com.zzaa009,com.zzaa009,2,1,Banking Malware,test
2143,vxdu.kuakd.kvhag,vxdu.kuakd.kvhag,2,1,Banking Malware,test
2154,stat88.blue99.view,stat88.blue99.view,2,1,Banking Malware,test
2181,com.hana.tcdvo,com.hana.tcdvo,2,1,Banking Malware,test
2194,,__missing_package_row_2194,2,1,Banking Malware,test
2196,com.android.pill,com.android.pill,2,1,Banking Malware,test
2223,,__missing_package_row_2223,2,1,Banking Malware,test
2235,com.kaka01.kaka02,com.kaka01.kaka02,2,1,Banking Malware,test
2238,com.spectorsoft.eblasterinstaller,com.spectorsoft.eblasterinstaller,2,1,Banking Malware,test
2266,com.gingercast.codearray,com.gingercast.codearray,2,1,Banking Malware,test
2301,com.dobi.holocaust435,com.dobi.holocaust435,2,1,Banking Malware,test
2305,htu.jkvozytns.dqvw,htu.jkvozytns.dqvw,2,1,Banking Malware,test
2314,com.google.goo,com.google.goo,2,1,Banking Malware,test
2328,,__missing_package_row_2328,2,1,Banking Malware,test
2338,com.snapmoth.picoture,com.snapmoth.picoture,2,1,Banking Malware,test
2345,com.ansqkf.ko,com.ansqkf.ko,2,1,Banking Malware,test
2371,com.BioTechnology.iClientsService35194,com.BioTechnology.iClientsService35194,2,1,Banking Malware,test
2378,,__missing_package_row_2378,2,1,Banking Malware,test
2396,com.dfoe.dfodf,com.dfoe.dfodf,2,1,Banking Malware,test
2407,zsrelk.ttynbz.skmfnj,zsrelk.ttynbz.skmfnj,2,1,Banking Malware,test
2414,vb101.vb102.view,vb101.vb102.view,2,1,Banking Malware,test
2421,sojgp.zdga.pwrjbzetltzu,sojgp.zdga.pwrjbzetltzu,2,1,Banking Malware,test
2431,,__missing_package_row_2431,2,1,Banking Malware,test
2454,com.security.service,com.security.service,2,1,Banking Malware,test
2465,com.wrkodnfl9.abc,com.wrkodnfl9.abc,2,1,Banking Malware,test
2486,fr.mildlyusefulsoftware.awesomesportcars,fr.mildlyusefulsoftware.awesomesportcars,2,1,Banking Malware,test
2496,plp82.plp010.view,plp82.plp010.view,2,1,Banking Malware,test
2499,iaklv.aaakidkf.adkfaja,iaklv.aaakidkf.adkfaja,2,1,Banking Malware,test
2500,com.ngthz.polooy,com.ngthz.polooy,2,1,Banking Malware,test
2505,com.myfoot.cn,com.myfoot.cn,2,1,Banking Malware,test
2507,,__missing_package_row_2507,2,1,Banking Malware,test
2512,com.mefsfdnyekedgting.Solo,com.mefsfdnyekedgting.Solo,2,1,Banking Malware,test
2521,,__missing_package_row_2521,2,1,Banking Malware,test
2531,zoeaai.sbevo.tadkw,zoeaai.sbevo.tadkw,2,1,Banking Malware,test
2542,com.skybdatefile,com.skybdatefile,2,1,Banking Malware,test
2546,pan12.yu12.view,pan12.yu12.view,2,1,Banking Malware,test
2555,zza.zzb.view,zza.zzb.view,2,1,Banking Malware,test
2558,com.heihuang.ivw,com.heihuang.ivw,2,1,Banking Malware,test
2566,eu.qtzrjq.needforspeedunderground,eu.qtzrjq.needforspeedunderground,2,1,Banking Malware,test
2568,,__missing_package_row_2568,2,1,Banking Malware,test
2577,,__missing_package_row_2577,2,1,Banking Malware,test
2579,com.example.xh,com.example.xh,2,1,Banking Malware,test
2580,qhwrwagquvp.qcinowvig.gpwxjjxhu,qhwrwagquvp.qcinowvig.gpwxjjxhu,2,1,Banking Malware,test
2592,com.rhddnjs.kr,com.rhddnjs.kr,2,1,Banking Malware,test
2593,com.example.com.android.message3,com.example.com.android.message3,2,1,Banking Malware,test
2599,com.mmtiix.dd,com.mmtiix.dd,2,1,Banking Malware,test
2600,kor00.kor11.view,kor00.kor11.view,2,1,Banking Malware,test
2604,,__missing_package_row_2604,2,1,Banking Malware,test
2609,appinventor.ai_funayamajogos.BancodoBrasil,appinventor.ai_funayamajogos.BancodoBrasil,2,1,Banking Malware,test
2617,com.empo001.empo002,com.empo001.empo002,2,1,Banking Malware,test
2625,com.google.apps.twozoeine,com.google.apps.twozoeine,2,1,Banking Malware,test
2627,,__missing_package_row_2627,2,1,Banking Malware,test
2650,com.wmz.timelock,com.wmz.timelock,2,1,Banking Malware,test
2665,com.fennu01.fennu02,com.fennu01.fennu02,2,1,Banking Malware,test
2700,,__missing_package_row_2700,2,1,Banking Malware,test
2710,menqmlxvk.bqwrxi.vsifvmmqld,menqmlxvk.bqwrxi.vsifvmmqld,2,1,Banking Malware,test
2712,,__missing_package_row_2712,2,1,Banking Malware,test
2745,org.slempo.service,org.slempo.service,2,1,Banking Malware,test
2764,,__missing_package_row_2764,2,1,Banking Malware,test
2781,com.caf.fmradio,com.caf.fmradio,2,1,Banking Malware,test
2805,,__missing_package_row_2805,2,1,Banking Malware,test
2845,com.nh,com.nh,2,1,Banking Malware,test
2857,,__missing_package_row_2857,2,1,Banking Malware,test
2868,com.manicapps.sevendiamonds,com.manicapps.sevendiamonds,2,1,Banking Malware,test
2870,wlmradybbih.qapmyfitm.mritnhai,wlmradybbih.qapmyfitm.mritnhai,2,1,Banking Malware,test
2890,com.dfoe.dfodf,com.dfoe.dfodf,2,1,Banking Malware,test
2897,com.sh.abc,com.sh.abc,2,1,Banking Malware,test
2903,com.dooblou.SECuRETLiveStream,com.dooblou.SECuRETLiveStream,2,1,Banking Malware,test
2904,com.avast.android.antitheft_setup,com.avast.android.antitheft_setup,2,1,Banking Malware,test
2916,com.stfds3,com.stfds3,2,1,Banking Malware,test
2922,,__missing_package_row_2922,2,1,Banking Malware,test
2934,brqn.jknxtheuavpudn.axztaovv,brqn.jknxtheuavpudn.axztaovv,2,1,Banking Malware,test
2940,com.dobi.dgalley302,com.dobi.dgalley302,2,1,Banking Malware,test
2943,vaxe.kaud.besc,vaxe.kaud.besc,2,1,Banking Malware,test
2944,com.A017,com.A017,2,1,Banking Malware,test
2945,Isexyphone_a_u1_0_2.com,Isexyphone_a_u1_0_2.com,2,1,Banking Malware,test
2954,com.system.log,com.system.log,2,1,Banking Malware,test
2956,com.mukubleapp.electric,com.mukubleapp.electric,2,1,Banking Malware,test
2970,com.sh.abc,com.sh.abc,2,1,Banking Malware,test
2974,com.plugin.sp.v21,com.plugin.sp.v21,2,1,Banking Malware,test
2978,com.yebigun,com.yebigun,2,1,Banking Malware,test
2984,,__missing_package_row_2984,2,1,Banking Malware,test
2999,anzmltoane.crovjjs.bmsvhzhlh,anzmltoane.crovjjs.bmsvhzhlh,2,1,Banking Malware,test
3002,com.adobe.flashplayer,com.adobe.flashplayer,2,1,Banking Malware,test
3003,,__missing_package_row_3003,2,1,Banking Malware,test
3015,com.hananewbank,com.hananewbank,2,1,Banking Malware,test
3044,kdkjj.kalld.alvaae,kdkjj.kalld.alvaae,2,1,Banking Malware,test
3045,yvzzhz.ljmpzj.pxhbvi,yvzzhz.ljmpzj.pxhbvi,2,1,Banking Malware,test
3055,,__missing_package_row_3055,2,1,Banking Malware,test
3081,com.ceshi010,com.ceshi010,2,1,Banking Malware,test
3084,vaxd.kdygua.kghvb,vaxd.kdygua.kghvb,2,1,Banking Malware,test
3089,,__missing_package_row_3089,2,1,Banking Malware,test
3110,com.mbb.akdi,com.mbb.akdi,2,1,Banking Malware,test
3114,,__missing_package_row_3114,2,1,Banking Malware,test
3117,com.google.scc,com.google.scc,2,1,Banking Malware,test
3122,vdman.dkfi.dkuca,vdman.dkfi.dkuca,2,1,Banking Malware,test
3129,com.sssp,com.sssp,2,1,Banking Malware,test
3141,com.wild.blackjack.action,com.wild.blackjack.action,2,1,Banking Malware,test
3153,com.huanglechagnshufa.gsneh,com.huanglechagnshufa.gsneh,2,1,Banking Malware,test
3157,,__missing_package_row_3157,2,1,Banking Malware,test
3158,com.vialine.mymill,com.vialine.mymill,2,1,Banking Malware,test
3166,,__missing_package_row_3166,2,1,Banking Malware,test
3177,vudk.kajg.avve,vudk.kajg.avve,2,1,Banking Malware,test
3198,com.androidbox.sgmj2net8,com.androidbox.sgmj2net8,2,1,Banking Malware,test
3237,com.androidbox.g5msnjhckhdeoe,com.androidbox.g5msnjhckhdeoe,2,1,Banking Malware,test
3252,,__missing_package_row_3252,2,1,Banking Malware,test
3253,kuukald.kvnayew.akaowp,kuukald.kvnayew.akaowp,2,1,Banking Malware,test
3257,com.android.de.avguard,com.android.de.avguard,2,1,Banking Malware,test
3260,com.google.beasefirst,com.google.beasefirst,2,1,Banking Malware,test
3275,com.an6.update,com.an6.update,2,1,Banking Malware,test
3278,com.ha.abc,com.ha.abc,2,1,Banking Malware,test
3314,com.sandroid.livewallpaper.holoinfo,com.sandroid.livewallpaper.holoinfo,2,1,Banking Malware,test
3315,,__missing_package_row_3315,2,1,Banking Malware,test
3336,ddandk.viuav.akdkf,ddandk.viuav.akdkf,2,1,Banking Malware,test
3340,gungun01.gungun02.view,gungun01.gungun02.view,2,1,Banking Malware,test
3353,lojofdnpb.gsqgxtbmh,lojofdnpb.gsqgxtbmh,3,2,SMS Malware,test
3356,exxrrbljphj.btwtla,exxrrbljphj.btwtla,3,2,SMS Malware,test
3383,com.johncar.terranowa,com.johncar.terranowa,3,2,SMS Malware,test
3435,tfidwbu.gafacksxbex,tfidwbu.gafacksxbex,3,2,SMS Malware,test
3448,com.android.shine,com.android.shine,3,2,SMS Malware,test
3463,nuu643.JJK73f,nuu643.JJK73f,3,2,SMS Malware,test
3464,ru.apps.android,ru.apps.android,3,2,SMS Malware,test
3472,com.apps.pack,com.apps.pack,3,2,SMS Malware,test
3511,veocnhr.elfbcmx,veocnhr.elfbcmx,3,2,SMS Malware,test
3519,xgqkjm.bfveeopo,xgqkjm.bfveeopo,3,2,SMS Malware,test
3524,afdejlql.facbbvhir,afdejlql.facbbvhir,3,2,SMS Malware,test
3558,com.games.time,com.games.time,3,2,SMS Malware,test
3569,com.googleapi.cover,com.googleapi.cover,3,2,SMS Malware,test
3590,xgqkjm.bfveeopo,xgqkjm.bfveeopo,3,2,SMS Malware,test
3622,sbk.game.free,sbk.game.free,3,2,SMS Malware,test
3633,bptxrgewk.ireknoyp,bptxrgewk.ireknoyp,3,2,SMS Malware,test
3640,dngyue.oxpvdlh,dngyue.oxpvdlh,3,2,SMS Malware,test
3665,com.installer,com.installer,3,2,SMS Malware,test
3706,com.android.installer.full,com.android.installer.full,3,2,SMS Malware,test
3710,flash.app,flash.app,3,2,SMS Malware,test
3716,iiinpwje.dgumdgxuidj,iiinpwje.dgumdgxuidj,3,2,SMS Malware,test
3732,com.johncar.terranowa,com.johncar.terranowa,3,2,SMS Malware,test
3747,nuu643.JJK73f,nuu643.JJK73f,3,2,SMS Malware,test
3749,Jk7H.PwcD,Jk7H.PwcD,3,2,SMS Malware,test
3753,net.dalas,net.dalas,3,2,SMS Malware,test
3760,wap.syst,wap.syst,3,2,SMS Malware,test
3822,com.lickylesbos.com,com.lickylesbos.com,3,2,SMS Malware,test
3838,tfidwbu.gafacksxbex,tfidwbu.gafacksxbex,3,2,SMS Malware,test
3871,com.alter.sms,com.alter.sms,3,2,SMS Malware,test
3897,sbk.game.free,sbk.game.free,3,2,SMS Malware,test
3901,com.software.agent,com.software.agent,3,2,SMS Malware,test
3911,install.app,install.app,3,2,SMS Malware,test
3951,ru.erofon,ru.erofon,3,2,SMS Malware,test
3978,install.app,install.app,3,2,SMS Malware,test
4001,com.sdk.android.actions,com.sdk.android.actions,3,2,SMS Malware,test
4021,com.maestrodeoid.instshi,com.maestrodeoid.instshi,3,2,SMS Malware,test
4045,com.registr.registrator,com.registr.registrator,3,2,SMS Malware,test
4083,com.installer,com.installer,3,2,SMS Malware,test
4115,sbk.game.free,sbk.game.free,3,2,SMS Malware,test
4120,tfidwbu.gafacksxbex,tfidwbu.gafacksxbex,3,2,SMS Malware,test
4175,ynqgas.mqbgseos,ynqgas.mqbgseos,3,2,SMS Malware,test
4209,rafggl.clengtc,rafggl.clengtc,3,2,SMS Malware,test
4216,com.apps.android,com.apps.android,3,2,SMS Malware,test
4240,com.registr.registrator,com.registr.registrator,3,2,SMS Malware,test
4269,com.flashlightcompass.wedoourbest,com.flashlightcompass.wedoourbest,3,2,SMS Malware,test
4270,com.registr.registrator,com.registr.registrator,3,2,SMS Malware,test
4276,ovbknnfm.xwscmnoi,ovbknnfm.xwscmnoi,3,2,SMS Malware,test
4290,ru.apps.android,ru.apps.android,3,2,SMS Malware,test
4305,ngjvnpslnp.iplhmk,ngjvnpslnp.iplhmk,3,2,SMS Malware,test
4317,com.google.elements,com.google.elements,3,2,SMS Malware,test
4331,veocnhr.elfbcmx,veocnhr.elfbcmx,3,2,SMS Malware,test
4366,com.android.update,com.android.update,3,2,SMS Malware,test
4369,yhonvqb.qaolckwnvj,yhonvqb.qaolckwnvj,3,2,SMS Malware,test
4372,tcyayfa.qunkbusonst,tcyayfa.qunkbusonst,3,2,SMS Malware,test
4393,lojofdnpb.gsqgxtbmh,lojofdnpb.gsqgxtbmh,3,2,SMS Malware,test
4405,com.installer,com.installer,3,2,SMS Malware,test
4414,com.software.common,com.software.common,3,2,SMS Malware,test
4442,com.androids.update,com.androids.update,3,2,SMS Malware,test
4477,net.mwkek,net.mwkek,3,2,SMS Malware,test
4478,blue.water.id20160105,blue.water.id20160105,3,2,SMS Malware,test
4500,afdejlql.facbbvhir,afdejlql.facbbvhir,3,2,SMS Malware,test
4512,com.games.time,com.games.time,3,2,SMS Malware,test
4516,oafatwbome.umcvwgqx,oafatwbome.umcvwgqx,3,2,SMS Malware,test
4533,yhonvqb.qaolckwnvj,yhonvqb.qaolckwnvj,3,2,SMS Malware,test
4557,com.googIe.services,com.googIe.services,3,2,SMS Malware,test
4561,ovbknnfm.xwscmnoi,ovbknnfm.xwscmnoi,3,2,SMS Malware,test
4562,ynqgas.mqbgseos,ynqgas.mqbgseos,3,2,SMS Malware,test
4602,com.update.servicev2,com.update.servicev2,3,2,SMS Malware,test
4609,com.apps.pack,com.apps.pack,3,2,SMS Malware,test
4636,com.apps.pack,com.apps.pack,3,2,SMS Malware,test
4659,com.app.adult,com.app.adult,3,2,SMS Malware,test
4682,ovbknnfm.xwscmnoi,ovbknnfm.xwscmnoi,3,2,SMS Malware,test
4696,install.app,install.app,3,2,SMS Malware,test
4699,com.googleapi.cover,com.googleapi.cover,3,2,SMS Malware,test
4709,com.soft.installer,com.soft.installer,3,2,SMS Malware,test
4717,yhonvqb.qaolckwnvj,yhonvqb.qaolckwnvj,3,2,SMS Malware,test
4725,com.lq.ChemHoaQua,com.lq.ChemHoaQua,3,2,SMS Malware,test
4742,com.androids.update,com.androids.update,3,2,SMS Malware,test
4745,com.poland_xxx17,com.poland_xxx17,3,2,SMS Malware,test
4752,com.games.time,com.games.time,3,2,SMS Malware,test
4767,com.android.appupdate,com.android.appupdate,3,2,SMS Malware,test
4795,tcyayfa.qunkbusonst,tcyayfa.qunkbusonst,3,2,SMS Malware,test
4799,ig5Ai.zah,ig5Ai.zah,3,2,SMS Malware,test
4814,com.maestrodeoid.instshi,com.maestrodeoid.instshi,3,2,SMS Malware,test
4823,Jk7H.PwcD,Jk7H.PwcD,3,2,SMS Malware,test
4824,com.googleapi.cover,com.googleapi.cover,3,2,SMS Malware,test
4828,com.keloidscaretissue.QuxiFlashlisht,com.keloidscaretissue.QuxiFlashlisht,3,2,SMS Malware,test
4843,afdejlql.facbbvhir,afdejlql.facbbvhir,3,2,SMS Malware,test
4863,oafatwbome.umcvwgqx,oafatwbome.umcvwgqx,3,2,SMS Malware,test
4973,lsdblatmcak.weobfov,lsdblatmcak.weobfov,3,2,SMS Malware,test
4980,txkhwhhbvd.itxigtevkgu,txkhwhhbvd.itxigtevkgu,3,2,SMS Malware,test
5051,ohuaai.eeish,ohuaai.eeish,3,2,SMS Malware,test
5108,com.registr.registrator,com.registr.registrator,3,2,SMS Malware,test
5133,com.android.shine,com.android.shine,3,2,SMS Malware,test
5139,com.johncar.terranowa,com.johncar.terranowa,3,2,SMS Malware,test
5196,afdejlql.facbbvhir,afdejlql.facbbvhir,3,2,SMS Malware,test
5199,com.johncar.terranowa,com.johncar.terranowa,3,2,SMS Malware,test
5203,com.keloidscaretissue.Quxicompass,com.keloidscaretissue.Quxicompass,3,2,SMS Malware,test
5228,com.android.installer.full,com.android.installer.full,3,2,SMS Malware,test
5232,flash.app,flash.app,3,2,SMS Malware,test
5251,sbk.game.free,sbk.game.free,3,2,SMS Malware,test
5260,com.android.installer.full,com.android.installer.full,3,2,SMS Malware,test
5265,com.android.update,com.android.update,3,2,SMS Malware,test
5307,afdejlql.facbbvhir,afdejlql.facbbvhir,3,2,SMS Malware,test
5308,nuu643.JJK73f,nuu643.JJK73f,3,2,SMS Malware,test
5311,Thee3.yua.Uachohc6,Thee3.yua.Uachohc6,3,2,SMS Malware,test
5319,install.app,install.app,3,2,SMS Malware,test
5345,com.operas.installs,com.operas.installs,3,2,SMS Malware,test
5378,Jk7H.PwcD,Jk7H.PwcD,3,2,SMS Malware,test
5412,com.android.appupdate,com.android.appupdate,3,2,SMS Malware,test
5441,com.apps.pack,com.apps.pack,3,2,SMS Malware,test
5457,nuu643.JJK73f,nuu643.JJK73f,3,2,SMS Malware,test
5465,com.googleapi.cover,com.googleapi.cover,3,2,SMS Malware,test
5489,com.operas.installs,com.operas.installs,3,2,SMS Malware,test
5497,Jk7H.PwcD,Jk7H.PwcD,3,2,SMS Malware,test
5549,com.googleapi.cover,com.googleapi.cover,3,2,SMS Malware,test
5566,com.android.appupdate,com.android.appupdate,3,2,SMS Malware,test
5578,veocnhr.elfbcmx,veocnhr.elfbcmx,3,2,SMS Malware,test
5579,com.maestrodeoid.instshi,com.maestrodeoid.instshi,3,2,SMS Malware,test
5582,Jk7H.PwcD,Jk7H.PwcD,3,2,SMS Malware,test
5594,lojofdnpb.gsqgxtbmh,lojofdnpb.gsqgxtbmh,3,2,SMS Malware,test
5607,com.FREE_APPS_511.android,com.FREE_APPS_511.android,3,2,SMS Malware,test
5670,ru.apps.android,ru.apps.android,3,2,SMS Malware,test
5705,com.poland_xxx17,com.poland_xxx17,3,2,SMS Malware,test
5741,txkhwhhbvd.itxigtevkgu,txkhwhhbvd.itxigtevkgu,3,2,SMS Malware,test
5750,com.android.installer.full,com.android.installer.full,3,2,SMS Malware,test
5759,xgqkjm.bfveeopo,xgqkjm.bfveeopo,3,2,SMS Malware,test
5781,com.androids.update,com.androids.update,3,2,SMS Malware,test
5784,ru.apps.android,ru.apps.android,3,2,SMS Malware,test
5806,bptxrgewk.ireknoyp,bptxrgewk.ireknoyp,3,2,SMS Malware,test
5809,ynqgas.mqbgseos,ynqgas.mqbgseos,3,2,SMS Malware,test
5813,install.app,install.app,3,2,SMS Malware,test
5829,com.registr.registrator,com.registr.registrator,3,2,SMS Malware,test
5833,afdejlql.facbbvhir,afdejlql.facbbvhir,3,2,SMS Malware,test
5845,com.installer,com.installer,3,2,SMS Malware,test
5865,com.registr.registrator,com.registr.registrator,3,2,SMS Malware,test
5910,rafggl.clengtc,rafggl.clengtc,3,2,SMS Malware,test
5936,com.android.update,com.android.update,3,2,SMS Malware,test
5966,ngjvnpslnp.iplhmk,ngjvnpslnp.iplhmk,3,2,SMS Malware,test
5970,com.apps.android,com.apps.android,3,2,SMS Malware,test
5995,com.android.installer.full,com.android.installer.full,3,2,SMS Malware,test
6059,beieko.hhguh,beieko.hhguh,3,2,SMS Malware,test
6064,iiinpwje.dgumdgxuidj,iiinpwje.dgumdgxuidj,3,2,SMS Malware,test
6085,bptxrgewk.ireknoyp,bptxrgewk.ireknoyp,3,2,SMS Malware,test
6089,net.mbtest,net.mbtest,3,2,SMS Malware,test
6161,sbk.game.free,sbk.game.free,3,2,SMS Malware,test
6203,oafatwbome.umcvwgqx,oafatwbome.umcvwgqx,3,2,SMS Malware,test
6256,veocnhr.elfbcmx,veocnhr.elfbcmx,3,2,SMS Malware,test
6261,exxrrbljphj.btwtla,exxrrbljphj.btwtla,3,2,SMS Malware,test
6265,com.babblespher.app,com.babblespher.app,3,2,SMS Malware,test
6321,files.perfect.world.games,files.perfect.world.games,3,2,SMS Malware,test
6325,ru.apps.android,ru.apps.android,3,2,SMS Malware,test
6336,com.androids.update,com.androids.update,3,2,SMS Malware,test
6361,lojofdnpb.gsqgxtbmh,lojofdnpb.gsqgxtbmh,3,2,SMS Malware,test
6428,com.android.appupdate,com.android.appupdate,3,2,SMS Malware,test
6458,com.apps.android,com.apps.android,3,2,SMS Malware,test
6473,tfidwbu.gafacksxbex,tfidwbu.gafacksxbex,3,2,SMS Malware,test
6505,ovbknnfm.xwscmnoi,ovbknnfm.xwscmnoi,3,2,SMS Malware,test
6520,lojofdnpb.gsqgxtbmh,lojofdnpb.gsqgxtbmh,3,2,SMS Malware,test
6572,ngjvnpslnp.iplhmk,ngjvnpslnp.iplhmk,3,2,SMS Malware,test
6578,com.android.update,com.android.update,3,2,SMS Malware,test
6606,ru.google.apps,ru.google.apps,3,2,SMS Malware,test
6610,com.operas.installs,com.operas.installs,3,2,SMS Malware,test
6625,com.games.time,com.games.time,3,2,SMS Malware,test
6635,ngjvnpslnp.iplhmk,ngjvnpslnp.iplhmk,3,2,SMS Malware,test
6639,lojofdnpb.gsqgxtbmh,lojofdnpb.gsqgxtbmh,3,2,SMS Malware,test
6642,ngjvnpslnp.iplhmk,ngjvnpslnp.iplhmk,3,2,SMS Malware,test
6681,ovbknnfm.xwscmnoi,ovbknnfm.xwscmnoi,3,2,SMS Malware,test
6690,xgqkjm.bfveeopo,xgqkjm.bfveeopo,3,2,SMS Malware,test
6706,ru.android.app,ru.android.app,3,2,SMS Malware,test
6738,com.johncar.terranowa,com.johncar.terranowa,3,2,SMS Malware,test
6755,wap.syst,wap.syst,3,2,SMS Malware,test
6769,wap.syst,wap.syst,3,2,SMS Malware,test
6776,com.google.elements,com.google.elements,3,2,SMS Malware,test
6778,com.android.installer.full,com.android.installer.full,3,2,SMS Malware,test
6788,com.android.appupdate,com.android.appupdate,3,2,SMS Malware,test
6796,com.apps.android,com.apps.android,3,2,SMS Malware,test
6812,ru.google.apps,ru.google.apps,3,2,SMS Malware,test
6818,com.apps.pack,com.apps.pack,3,2,SMS Malware,test
6827,sbk.game.free,sbk.game.free,3,2,SMS Malware,test
6856,net.mwkek,net.mwkek,3,2,SMS Malware,test
6975,com.soft.installer,com.soft.installer,3,2,SMS Malware,test
6986,com.soft.installer,com.soft.installer,3,2,SMS Malware,test
6987,bptxrgewk.ireknoyp,bptxrgewk.ireknoyp,3,2,SMS Malware,test
6990,lsdblatmcak.weobfov,lsdblatmcak.weobfov,3,2,SMS Malware,test
7007,com.some.common,com.some.common,3,2,SMS Malware,test
7017,com.androids.update,com.androids.update,3,2,SMS Malware,test
7048,com.android.shine,com.android.shine,3,2,SMS Malware,test
7075,yhonvqb.qaolckwnvj,yhonvqb.qaolckwnvj,3,2,SMS Malware,test
7081,yhonvqb.qaolckwnvj,yhonvqb.qaolckwnvj,3,2,SMS Malware,test
7096,ru.apps.android,ru.apps.android,3,2,SMS Malware,test
7099,com.apps.android,com.apps.android,3,2,SMS Malware,test
7113,com.android.adult,com.android.adult,3,2,SMS Malware,test
7116,com.googleapi.cover,com.googleapi.cover,3,2,SMS Malware,test
7135,xgqkjm.bfveeopo,xgqkjm.bfveeopo,3,2,SMS Malware,test
7191,nuu643.JJK73f,nuu643.JJK73f,3,2,SMS Malware,test
7194,bptxrgewk.ireknoyp,bptxrgewk.ireknoyp,3,2,SMS Malware,test
7200,Thee3.yua.Uachohc6,Thee3.yua.Uachohc6,3,2,SMS Malware,test
7212,flash.app,flash.app,3,2,SMS Malware,test
7231,com.android.update,com.android.update,3,2,SMS Malware,test
7258,game.cjfxms.packagems20.xlj,game.cjfxms.packagems20.xlj,4,3,Riskware,test
7266,psg.nll.edbvuo.tcbmwsyb,psg.nll.edbvuo.tcbmwsyb,4,3,Riskware,test
7273,mypdk.qjdyh.hvlmti,mypdk.qjdyh.hvlmti,4,3,Riskware,test
7276,com.dxr.ppqkdy,com.dxr.ppqkdy,4,3,Riskware,test
7290,com.zaj.keogsr,com.zaj.keogsr,4,3,Riskware,test
7296,com.dz.mfxsqj,com.dz.mfxsqj,4,3,Riskware,test
7322,com.rzo.tvgjxj,com.rzo.tvgjxj,4,3,Riskware,test
7329,com.ool.iirmdv,com.ool.iirmdv,4,3,Riskware,test
7335,com.cql.cxyyvm,com.cql.cxyyvm,4,3,Riskware,test
7341,edu.yqrtffwjpuz.tocalifecity,edu.yqrtffwjpuz.tocalifecity,4,3,Riskware,test
7350,com.wwpghc.gclxnckc,com.wwpghc.gclxnckc,4,3,Riskware,test
7356,ch.nth.android.contentabo_l01_ech_univ,ch.nth.android.contentabo_l01_ech_univ,4,3,Riskware,test
7383,com.jie.pdushe,com.jie.pdushe,4,3,Riskware,test
7397,com.ttosney.f,com.ttosney.f,4,3,Riskware,test
7414,com.xwinyz.ytxiuqwj,com.xwinyz.ytxiuqwj,4,3,Riskware,test
7425,net.androgames.uninstaller,net.androgames.uninstaller,4,3,Riskware,test
7483,com.ihe.oeaqec,com.ihe.oeaqec,4,3,Riskware,test
7501,org.fohev.moy.govoryashiy.tom,org.fohev.moy.govoryashiy.tom,4,3,Riskware,test
7504,khyzwbli.btkk.rffcl.waxci,khyzwbli.btkk.rffcl.waxci,4,3,Riskware,test
7522,com.voc.wrpvrh,com.voc.wrpvrh,4,3,Riskware,test
7550,stream.harelip.arrowroot,stream.harelip.arrowroot,4,3,Riskware,test
7552,com.fyq.hqjqes,com.fyq.hqjqes,4,3,Riskware,test
7558,net.droid.talk218,net.droid.talk218,4,3,Riskware,test
7567,com.bgjcn.hunkw,com.bgjcn.hunkw,4,3,Riskware,test
7590,eu.xqrtimsvaeis.royalenvoyfull,eu.xqrtimsvaeis.royalenvoyfull,4,3,Riskware,test
7594,com.dvy.ucwsyp,com.dvy.ucwsyp,4,3,Riskware,test
7605,com.zfvbtz.zfvbtzctkd,com.zfvbtz.zfvbtzctkd,4,3,Riskware,test
7623,com.gov.dad.fence.plate.cry.instance,com.gov.dad.fence.plate.cry.instance,4,3,Riskware,test
7638,com.qfv.xplhek,com.qfv.xplhek,4,3,Riskware,test
7652,com.ehb.tnjwuc,com.ehb.tnjwuc,4,3,Riskware,test
7656,com.yourpornapp.app.yourpornapp,com.yourpornapp.app.yourpornapp,4,3,Riskware,test
7663,com.xingxi.meli,com.xingxi.meli,4,3,Riskware,test
7665,com.aip.abiaxa,com.aip.abiaxa,4,3,Riskware,test
7666,zud.hrlqa.pyjqu,zud.hrlqa.pyjqu,4,3,Riskware,test
7687,com.uni.mtimlr,com.uni.mtimlr,4,3,Riskware,test
7692,com.mrt.igtmmm,com.mrt.igtmmm,4,3,Riskware,test
7713,com.deepsea.beauty,com.deepsea.beauty,4,3,Riskware,test
7714,com.luhqio.haitunpay,com.luhqio.haitunpay,4,3,Riskware,test
7722,biz.apeyvd.wifislax,biz.apeyvd.wifislax,4,3,Riskware,test
7723,com.zhui.meng.die,com.zhui.meng.die,4,3,Riskware,test
7732,com.gfr.tdciyk,com.gfr.tdciyk,4,3,Riskware,test
7735,com.lef.zvjpar,com.lef.zvjpar,4,3,Riskware,test
7738,com.gsh.pjthtn,com.gsh.pjthtn,4,3,Riskware,test
7741,com.da.cuqas.fhx.server,com.da.cuqas.fhx.server,4,3,Riskware,test
7746,com.uxb.eikkxr,com.uxb.eikkxr,4,3,Riskware,test
7757,mobi.rhmipn.jkgnkr.ksph,mobi.rhmipn.jkgnkr.ksph,4,3,Riskware,test
7790,com.jhb.slildi,com.jhb.slildi,4,3,Riskware,test
7804,com.fou.ixcenz,com.fou.ixcenz,4,3,Riskware,test
7808,com.ouh.flpmag,com.ouh.flpmag,4,3,Riskware,test
7831,com.hnt.gxvmqa,com.hnt.gxvmqa,4,3,Riskware,test
7860,,__missing_package_row_7860,4,3,Riskware,test
7862,org.hxshray.tractor3dpotatotransport,org.hxshray.tractor3dpotatotransport,4,3,Riskware,test
7884,com.ybh.zeaeiw,com.ybh.zeaeiw,4,3,Riskware,test
7886,com.kouguwkwcogeqci,com.kouguwkwcogeqci,4,3,Riskware,test
7888,biz.brlxmxafpizx.legendageroev,biz.brlxmxafpizx.legendageroev,4,3,Riskware,test
7890,com.ftxx,com.ftxx,4,3,Riskware,test
7907,com.fwh.pxojvl,com.fwh.pxojvl,4,3,Riskware,test
7910,com.rock.gota,com.rock.gota,4,3,Riskware,test
7940,ironc.qwef.vnjzu.wevfv,ironc.qwef.vnjzu.wevfv,4,3,Riskware,test
7981,net.jhpbewgztt.subwaysurfersforandroidfreedownloadapk,net.jhpbewgztt.subwaysurfersforandroidfreedownloadapk,4,3,Riskware,test
7996,gzqjccnvadgeockxg.ppaky.rbyxtmtalkjnmwi.zprosclzhbo,gzqjccnvadgeockxg.ppaky.rbyxtmtalkjnmwi.zprosclzhbo,4,3,Riskware,test
8000,jdqs.cm,jdqs.cm,4,3,Riskware,test
8011,biz.handle.chart.source.smooth.bigger.fat,biz.handle.chart.source.smooth.bigger.fat,4,3,Riskware,test
8016,com.yongrun.app.sxmn,com.yongrun.app.sxmn,4,3,Riskware,test
8037,,__missing_package_row_8037,4,3,Riskware,test
8051,njdrx.dyraq.klahpc,njdrx.dyraq.klahpc,4,3,Riskware,test
8088,com.jjc.rwidwt,com.jjc.rwidwt,4,3,Riskware,test
8103,town.of.windmill,town.of.windmill,4,3,Riskware,test
8140,com.fizght.odkfrpuo,com.fizght.odkfrpuo,4,3,Riskware,test
8150,com.ywqc.tencube,com.ywqc.tencube,4,3,Riskware,test
8239,com.jrl.rtqlnq,com.jrl.rtqlnq,4,3,Riskware,test
8254,com.qfo.egoxwj,com.qfo.egoxwj,4,3,Riskware,test
8258,com.xago.shadow.fight.two,com.xago.shadow.fight.two,4,3,Riskware,test
8263,eu.szrdxs.dvelunypolnaiaigra,eu.szrdxs.dvelunypolnaiaigra,4,3,Riskware,test
8272,com.bur.urrbty,com.bur.urrbty,4,3,Riskware,test
8278,com.xuandf,com.xuandf,4,3,Riskware,test
8332,com.xdwf.yhbdds.nxlfj,com.xdwf.yhbdds.nxlfj,4,3,Riskware,test
8346,com.qphroq.vhhuknla,com.qphroq.vhhuknla,4,3,Riskware,test
8358,edu.pquymjnqluo.citycargames,edu.pquymjnqluo.citycargames,4,3,Riskware,test
8363,com.daohao2,com.daohao2,4,3,Riskware,test
8369,com.acfdfvf.vgvfvdaw,com.acfdfvf.vgvfvdaw,4,3,Riskware,test
8376,gdfaslbek.ngnsobbu.rd,gdfaslbek.ngnsobbu.rd,4,3,Riskware,test
8384,com.kkk.hasvgf,com.kkk.hasvgf,4,3,Riskware,test
8385,com.ldx.zmjfob,com.ldx.zmjfob,4,3,Riskware,test
8387,com.utw.tswmlp,com.utw.tswmlp,4,3,Riskware,test
8402,com.ayo.vghynq,com.ayo.vghynq,4,3,Riskware,test
8435,biz.supper.atmosphere.immediately.seeing.chapter,biz.supper.atmosphere.immediately.seeing.chapter,4,3,Riskware,test
8436,ahd.com.rockstargames.gtavc.e,ahd.com.rockstargames.gtavc.e,4,3,Riskware,test
8444,com.vzg.jrfzzm,com.vzg.jrfzzm,4,3,Riskware,test
8448,com.baavlkoxcr.eldvcsbjuc,com.baavlkoxcr.eldvcsbjuc,4,3,Riskware,test
8464,com.jal.pujdyd,com.jal.pujdyd,4,3,Riskware,test
8474,dw.fneyqj.shqsh.bpdr,dw.fneyqj.shqsh.bpdr,4,3,Riskware,test
8496,com.xim.pqaltr,com.xim.pqaltr,4,3,Riskware,test
8546,air.com.KalromSystems.VoiceDrawFree,air.com.KalromSystems.VoiceDrawFree,4,3,Riskware,test
8547,com.ccyx.b171106.tmdmx,com.ccyx.b171106.tmdmx,4,3,Riskware,test
8592,com.xiao.ht.kum,com.xiao.ht.kum,4,3,Riskware,test
8623,com.lemamage.lemamage2,com.lemamage.lemamage2,4,3,Riskware,test
8639,com.ccduey.dpailofd,com.ccduey.dpailofd,4,3,Riskware,test
8640,com.botrockettoken,com.botrockettoken,4,3,Riskware,test
8647,com.andorid.clock,com.andorid.clock,4,3,Riskware,test
8653,com.detail.track.smell.trail.wonderful.trail,com.detail.track.smell.trail.wonderful.trail,4,3,Riskware,test
8655,com.jbl.najnkc,com.jbl.najnkc,4,3,Riskware,test
8673,ofpnsukwpbfxaly.vpkuffjw.zxc,ofpnsukwpbfxaly.vpkuffjw.zxc,4,3,Riskware,test
8680,com.lyj.aihrtx,com.lyj.aihrtx,4,3,Riskware,test
8703,com.qq.shuazuan,com.qq.shuazuan,4,3,Riskware,test
8723,com.jfsyf.kietrsd,com.jfsyf.kietrsd,4,3,Riskware,test
8724,com.abc126,com.abc126,4,3,Riskware,test
8726,com.iapp.minpianzan,com.iapp.minpianzan,4,3,Riskware,test
8758,com.xrp.xgdzoo,com.xrp.xgdzoo,4,3,Riskware,test
8760,com.oqv.mssknl,com.oqv.mssknl,4,3,Riskware,test
8775,com.xmeudp.ojhsgjky,com.xmeudp.ojhsgjky,4,3,Riskware,test
8790,com.tun.awijuk,com.tun.awijuk,4,3,Riskware,test
8792,com.suibianla.iapp,com.suibianla.iapp,4,3,Riskware,test
8805,km.kpkokf.ub.u00db76432df0b.r2f2,km.kpkokf.ub.u00db76432df0b.r2f2,4,3,Riskware,test
8814,com.mll.fpqfgb,com.mll.fpqfgb,4,3,Riskware,test
8815,com.aug.tbdupf,com.aug.tbdupf,4,3,Riskware,test
8816,com.tangguoshijie.cengceng,com.tangguoshijie.cengceng,4,3,Riskware,test
8838,com.kvr.deqkmn,com.kvr.deqkmn,4,3,Riskware,test
8843,com.wrb.thnyjg,com.wrb.thnyjg,4,3,Riskware,test
8844,edu.drausrppvkk.survivalcraftinspectoratenorgeas,edu.drausrppvkk.survivalcraftinspectoratenorgeas,4,3,Riskware,test
8850,com.erds.fgdsg.etwrgrefgdfc8,com.erds.fgdsg.etwrgrefgdfc8,4,3,Riskware,test
8851,com.dqtwes.dgdrppxu,com.dqtwes.dgdrppxu,4,3,Riskware,test
8860,com.cyd.unayfv,com.cyd.unayfv,4,3,Riskware,test
8884,com.hzd.fyyvwq,com.hzd.fyyvwq,4,3,Riskware,test
8885,dfgy5.ty67.gh5,dfgy5.ty67.gh5,4,3,Riskware,test
8886,org.gmxcyhbfhf.kaceyjordanpornmovies,org.gmxcyhbfhf.kaceyjordanpornmovies,4,3,Riskware,test
8914,com.ic3b48cbcbd24e55b,com.ic3b48cbcbd24e55b,4,3,Riskware,test
8935,com.egc.jwidus,com.egc.jwidus,4,3,Riskware,test
8941,mmi.aoca.tso,mmi.aoca.tso,4,3,Riskware,test
8953,com.hry.atwfue,com.hry.atwfue,4,3,Riskware,test
8954,py.com.sound.apps.paraguayas,py.com.sound.apps.paraguayas,4,3,Riskware,test
8969,com.gtq.rjgost,com.gtq.rjgost,4,3,Riskware,test
9006,edu.hovyjwidwynam.arcticpenguin,edu.hovyjwidwynam.arcticpenguin,4,3,Riskware,test
9007,com.nise.mortal.kombat,com.nise.mortal.kombat,4,3,Riskware,test
9013,com.bidong.gjx,com.bidong.gjx,4,3,Riskware,test
9017,com.mta.rnjhey,com.mta.rnjhey,4,3,Riskware,test
9039,com.iyi.lhffzx,com.iyi.lhffzx,4,3,Riskware,test
9081,org.cocos2dx.guoshudadao,org.cocos2dx.guoshudadao,4,3,Riskware,test
9083,com.dss3Dc.zx,com.dss3Dc.zx,4,3,Riskware,test
9106,com.baidu.wme,com.baidu.wme,4,3,Riskware,test
9116,wul.sud.nelur.nokoqa,wul.sud.nelur.nokoqa,4,3,Riskware,test
9136,com.esn.nevzuw,com.esn.nevzuw,4,3,Riskware,test
9141,com.aiv.ywucxq,com.aiv.ywucxq,4,3,Riskware,test
9165,com.speed.bluetooth.transmission,com.speed.bluetooth.transmission,4,3,Riskware,test
9168,com.softforlife.english.audiostory,com.softforlife.english.audiostory,4,3,Riskware,test
9179,com.vsnisigj.quxyiktz,com.vsnisigj.quxyiktz,4,3,Riskware,test
9190,com.dhvxjtjk.nutloiqq,com.dhvxjtjk.nutloiqq,4,3,Riskware,test
9193,com.jwx.xtcpba,com.jwx.xtcpba,4,3,Riskware,test
9201,com.qjy.ngdzoo,com.qjy.ngdzoo,4,3,Riskware,test
9207,com.lbm.tvikrw,com.lbm.tvikrw,4,3,Riskware,test
9212,com.pva.yqxwde,com.pva.yqxwde,4,3,Riskware,test
9217,com.nuwkoa.dmjlwckp,com.nuwkoa.dmjlwckp,4,3,Riskware,test
9227,com.oljqi.flkcbv,com.oljqi.flkcbv,4,3,Riskware,test
9228,com.vdy.gabuqm,com.vdy.gabuqm,4,3,Riskware,test
9234,com.rosedf.cn,com.rosedf.cn,4,3,Riskware,test
9235,com.cwo.ivmmvf,com.cwo.ivmmvf,4,3,Riskware,test
9253,com.wjudgk.dwboltdn,com.wjudgk.dwboltdn,4,3,Riskware,test
9279,su.sniff.cepter,su.sniff.cepter,4,3,Riskware,test
9309,com.wcr.isoyor,com.wcr.isoyor,4,3,Riskware,test
9310,com.to.bomeqe.clash.ofgems,com.to.bomeqe.clash.ofgems,4,3,Riskware,test
9317,com.baptised.subsequent,com.baptised.subsequent,4,3,Riskware,test
9333,com.kaf.wshkkn,com.kaf.wshkkn,4,3,Riskware,test
9341,twz.yygame.A080003A04,twz.yygame.A080003A04,4,3,Riskware,test
9342,com.broiling.debatingroom.disagreeable,com.broiling.debatingroom.disagreeable,4,3,Riskware,test
9380,com.qtyw.xxid,com.qtyw.xxid,4,3,Riskware,test
9398,com.kunxun.travel,com.kunxun.travel,4,3,Riskware,test
9402,com.lff.lavrxj,com.lff.lavrxj,4,3,Riskware,test
9406,com.kno.paonrg,com.kno.paonrg,4,3,Riskware,test
9409,com.zqu.qalhjd,com.zqu.qalhjd,4,3,Riskware,test
9416,com.daq.mnlmbj,com.daq.mnlmbj,4,3,Riskware,test
9425,hux.sjd9.sji,hux.sjd9.sji,4,3,Riskware,test
9438,com.ppo.drqkrz,com.ppo.drqkrz,4,3,Riskware,test
9439,com.zvp.crdopa,com.zvp.crdopa,4,3,Riskware,test
9464,com.yunlan.yunreader,com.yunlan.yunreader,4,3,Riskware,test
9467,com.unq.davtbb,com.unq.davtbb,4,3,Riskware,test
9468,com.fde.zzpjxd,com.fde.zzpjxd,4,3,Riskware,test
9470,com.ysp.eupxph,com.ysp.eupxph,4,3,Riskware,test
9473,rog.gnri.daoij,rog.gnri.daoij,4,3,Riskware,test
9476,ydzbwi.klgxungqpdyvq.yhklogbuaiteiuaqkkcq.xdnotq.oglmnwxccz,ydzbwi.klgxungqpdyvq.yhklogbuaiteiuaqkkcq.xdnotq.oglmnwxccz,4,3,Riskware,test
9479,crxk.vzjdg.pechwvujlkih,crxk.vzjdg.pechwvujlkih,4,3,Riskware,test
9480,xsld.mbb.epqyoi.eolwjhsc,xsld.mbb.epqyoi.eolwjhsc,4,3,Riskware,test
9501,org.ucwvmhddmvsiw.subwaysurfersforpcwindows,org.ucwvmhddmvsiw.subwaysurfersforpcwindows,4,3,Riskware,test
9519,com.tlr.rwlazu,com.tlr.rwlazu,4,3,Riskware,test
9551,,__missing_package_row_9551,4,3,Riskware,test
9552,rxueH.Vj.XUYY,rxueH.Vj.XUYY,4,3,Riskware,test
9560,com.afndvgbsdb.njfcjvdflbn,com.afndvgbsdb.njfcjvdflbn,4,3,Riskware,test
9579,air.com.kellzb.cutecheer,air.com.kellzb.cutecheer,4,3,Riskware,test
9608,com.pqcuwft.abkmyqhrx,com.pqcuwft.abkmyqhrx,4,3,Riskware,test
9638,com.passerby.sluggish.liquid,com.passerby.sluggish.liquid,4,3,Riskware,test
9661,com.ntad.ntes,com.ntad.ntes,4,3,Riskware,test
9666,com.rbrshg.bdxsivpp,com.rbrshg.bdxsivpp,4,3,Riskware,test
9668,itcqy.vpy.wep.zigabj,itcqy.vpy.wep.zigabj,4,3,Riskware,test
9681,twz.yygame.A080002A01,twz.yygame.A080002A01,4,3,Riskware,test
9684,biz.fyxvxwvypyrbyi.dutydriverfree,biz.fyxvxwvypyrbyi.dutydriverfree,4,3,Riskware,test
9689,s.liu.liang,s.liu.liang,4,3,Riskware,test
9698,net.rqalvmmkvqian.solitaire,net.rqalvmmkvqian.solitaire,4,3,Riskware,test
9712,com.tueeku.ldgxdllc,com.tueeku.ldgxdllc,4,3,Riskware,test
9726,com.rlr.nnfazr,com.rlr.nnfazr,4,3,Riskware,test
9748,eu.kyxtjdhqgvxuv.bredusy,eu.kyxtjdhqgvxuv.bredusy,4,3,Riskware,test
9775,com.whatever.driver.forget.whatever.knife.model,com.whatever.driver.forget.whatever.knife.model,4,3,Riskware,test
0,com.asdjklqw.echovox,com.asdjklqw.echovox,1,0,Adware,train
2,com.androidemu.harvezhongdong,com.androidemu.harvezhongdong,1,0,Adware,train
3,com.fcmm,com.fcmm,1,0,Adware,train
6,net.hidroid.hisurfing,net.hidroid.hisurfing,1,0,Adware,train
7,com.evilsunflower.reader.evilYingyou,com.evilsunflower.reader.evilYingyou,1,0,Adware,train
8,cn.ming.renpin,cn.ming.renpin,1,0,Adware,train
9,wyjwobei.mouse,wyjwobei.mouse,1,0,Adware,train
10,com.example.suishoukan,com.example.suishoukan,1,0,Adware,train
11,com.htcheng.bingdict,com.htcheng.bingdict,1,0,Adware,train
14,com.wb.olock20131020001967,com.wb.olock20131020001967,1,0,Adware,train
15,com.pgcandroidtools.getwifi,com.pgcandroidtools.getwifi,1,0,Adware,train
17,huanghaitong.game.shuiguolianliankan,huanghaitong.game.shuiguolianliankan,1,0,Adware,train
18,funny.photo,funny.photo,1,0,Adware,train
19,com.nimeishouyou.kkvfjnvdjfvdfvjdgz10,com.nimeishouyou.kkvfjnvdjfvdfvjdgz10,1,0,Adware,train
20,com.kelphy3.chinesechess,com.kelphy3.chinesechess,1,0,Adware,train
23,cn.nptuv.bceijk13789.spool,cn.nptuv.bceijk13789.spool,1,0,Adware,train
25,cn.com.xiaol.livewallpaper.yedianmn,cn.com.xiaol.livewallpaper.yedianmn,1,0,Adware,train
28,com.dangerb.pedometer,com.dangerb.pedometer,1,0,Adware,train
30,org.kaqrmwj.osaeraeofpcl,org.kaqrmwj.osaeraeofpcl,1,0,Adware,train
32,com.wb.hlock20131215002514,com.wb.hlock20131215002514,1,0,Adware,train
36,com.gp.paopaoyu,com.gp.paopaoyu,1,0,Adware,train
40,com.kandian.vodapp,com.kandian.vodapp,1,0,Adware,train
42,com.app4ever.book.zemao,com.app4ever.book.zemao,1,0,Adware,train
43,com.fisher.union.voicenotify,com.fisher.union.voicenotify,1,0,Adware,train
46,com.android.mmreader872,com.android.mmreader872,1,0,Adware,train
49,com.greensoft.JingJiShiYongNan,com.greensoft.JingJiShiYongNan,1,0,Adware,train
50,com.example.off_line_read,com.example.off_line_read,1,0,Adware,train
52,com.dobi.dgalley237,com.dobi.dgalley237,1,0,Adware,train
53,com.wyf.gps3,com.wyf.gps3,1,0,Adware,train
54,com.topteam.flashlight,com.topteam.flashlight,1,0,Adware,train
55,com.fywork.summer,com.fywork.summer,1,0,Adware,train
56,com.sy.activity,com.sy.activity,1,0,Adware,train
63,com.example.welcometiq,com.example.welcometiq,1,0,Adware,train
66,com.fdbfgy.xnbggqw.szdsdfs,com.fdbfgy.xnbggqw.szdsdfs,1,0,Adware,train
68,lMaUZt.mKpCH.dtpav,lMaUZt.mKpCH.dtpav,1,0,Adware,train
69,com.sg.em.threefight,com.sg.em.threefight,1,0,Adware,train
71,com.jeef.WifiAssistant,com.jeef.WifiAssistant,1,0,Adware,train
75,com.ccy.android.onekeyclean,com.ccy.android.onekeyclean,1,0,Adware,train
78,com.android.mmreader641,com.android.mmreader641,1,0,Adware,train
80,com.light.ddp3,com.light.ddp3,1,0,Adware,train
83,com.kok.shuiguoji,com.kok.shuiguoji,1,0,Adware,train
89,com.sproutim.android.train,com.sproutim.android.train,1,0,Adware,train
91,movecont2.musicfo13gold,movecont2.musicfo13gold,1,0,Adware,train
93,com.mobi.screensaver.XMSP10,com.mobi.screensaver.XMSP10,1,0,Adware,train
94,tal.android.Puzzle,tal.android.Puzzle,1,0,Adware,train
95,com.android.mmreader439,com.android.mmreader439,1,0,Adware,train
97,com.money.xgmv,com.money.xgmv,1,0,Adware,train
100,com.android.mmreader868,com.android.mmreader868,1,0,Adware,train
101,app.wb.ps.bz20130514000415,app.wb.ps.bz20130514000415,1,0,Adware,train
102,com.zhangchao.cgamcs.sunnyapp,com.zhangchao.cgamcs.sunnyapp,1,0,Adware,train
104,com.shajia.dainishuo,com.shajia.dainishuo,1,0,Adware,train
111,com.androidemu.harvekuaida3.swnosign,com.androidemu.harvekuaida3.swnosign,1,0,Adware,train
112,com.kait.shijieshangxiawuqiannian,com.kait.shijieshangxiawuqiannian,1,0,Adware,train
113,com.mobi.livewallpaper.xph2new,com.mobi.livewallpaper.xph2new,1,0,Adware,train
116,com.dobi.hasten332,com.dobi.hasten332,1,0,Adware,train
117,com.android.mmreader493,com.android.mmreader493,1,0,Adware,train
118,com.android.mmreader255,com.android.mmreader255,1,0,Adware,train
119,com.android.mmreader2015,com.android.mmreader2015,1,0,Adware,train
120,bubei.tingshu,bubei.tingshu,1,0,Adware,train
121,com.tim.apps.mockgps,com.tim.apps.mockgps,1,0,Adware,train
122,com.gzlapp.reader,com.gzlapp.reader,1,0,Adware,train
123,Lock.you.com,Lock.you.com,1,0,Adware,train
125,,__missing_package_row_125,1,0,Adware,train
130,com.android.mmreader345,com.android.mmreader345,1,0,Adware,train
134,com.kait.brainteasers,com.kait.brainteasers,1,0,Adware,train
135,com.anzhi.qsjianfei,com.anzhi.qsjianfei,1,0,Adware,train
137,com.android.mmreader465,com.android.mmreader465,1,0,Adware,train
139,com.android.mmreader283,com.android.mmreader283,1,0,Adware,train
140,com.mobi.screensaver.qpqx,com.mobi.screensaver.qpqx,1,0,Adware,train
141,com.zhly.study,com.zhly.study,1,0,Adware,train
142,com.colorme.game.yxey,com.colorme.game.yxey,1,0,Adware,train
143,com.colorme.game.yiqizhaobieniuqq,com.colorme.game.yiqizhaobieniuqq,1,0,Adware,train
144,com.android.eagel.magicteach,com.android.eagel.magicteach,1,0,Adware,train
146,com.dseffects.xvbmwetyioa,com.dseffects.xvbmwetyioa,1,0,Adware,train
149,com.baowa.gaoxiaorenshi,com.baowa.gaoxiaorenshi,1,0,Adware,train
153,sid.destiny,sid.destiny,1,0,Adware,train
154,com.ypb.g,com.ypb.g,1,0,Adware,train
155,com.mobi.livewallpaper.bbxy3,com.mobi.livewallpaper.bbxy3,1,0,Adware,train
156,com.example.com.samsung.srctj,com.example.com.samsung.srctj,1,0,Adware,train
157,com.greensoft.whlOuMeiShuaiGe,com.greensoft.whlOuMeiShuaiGe,1,0,Adware,train
159,com.mogo.media,com.mogo.media,1,0,Adware,train
161,com.gpsquanqiou.signs,com.gpsquanqiou.signs,1,0,Adware,train
164,com.androidemu.harvemaoxiandao4.swnewnewsign,com.androidemu.harvemaoxiandao4.swnewnewsign,1,0,Adware,train
165,com.androidemu.kaizhang.sanguozhi2,com.androidemu.kaizhang.sanguozhi2,1,0,Adware,train
167,com.androidemu.harvechise.swnewsign,com.androidemu.harvechise.swnewsign,1,0,Adware,train
168,cn.bighead.livewallpaper.dongman124,cn.bighead.livewallpaper.dongman124,1,0,Adware,train
170,cn.com.gw.livewallpaper_yct,cn.com.gw.livewallpaper_yct,1,0,Adware,train
171,com.windrey.gfvc,com.windrey.gfvc,1,0,Adware,train
172,com.android.mmreader590,com.android.mmreader590,1,0,Adware,train
176,com.dobi.dgalley242,com.dobi.dgalley242,1,0,Adware,train
177,com.android.mmreader515,com.android.mmreader515,1,0,Adware,train
178,com.wangyh.book.meinvzhuchi,com.wangyh.book.meinvzhuchi,1,0,Adware,train
179,ps.wb.music20130401002969,ps.wb.music20130401002969,1,0,Adware,train
184,com.qimikeji.zhuan,com.qimikeji.zhuan,1,0,Adware,train
185,ps.wb.music20130407002986,ps.wb.music20130407002986,1,0,Adware,train
187,com.android.mmreader28,com.android.mmreader28,1,0,Adware,train
190,com.gp.solitaire,com.gp.solitaire,1,0,Adware,train
191,com.gp.geekadoo,com.gp.geekadoo,1,0,Adware,train
192,zhiwu.dazhanhaichong.chone,zhiwu.dazhanhaichong.chone,1,0,Adware,train
193,com.p.wallpaper.c57,com.p.wallpaper.c57,1,0,Adware,train
196,cn.zilin.library.food.ui,cn.zilin.library.food.ui,1,0,Adware,train
197,shoujidianshi.duopool.mianfie,shoujidianshi.duopool.mianfie,1,0,Adware,train
200,com.dandaner.jamjam,com.dandaner.jamjam,1,0,Adware,train
201,com.hao.zwyouhuadashic,com.hao.zwyouhuadashic,1,0,Adware,train
202,com.android.mmreader460,com.android.mmreader460,1,0,Adware,train
203,com.jeef.AlongYou,com.jeef.AlongYou,1,0,Adware,train
206,com.qukantuv2.app,com.qukantuv2.app,1,0,Adware,train
211,com.muzhiwan.gamehelper.memorymanagerkk,com.muzhiwan.gamehelper.memorymanagerkk,1,0,Adware,train
212,ps.wb.csppxx.lock0011,ps.wb.csppxx.lock0011,1,0,Adware,train
213,com.roy.AndroidBoom,com.roy.AndroidBoom,1,0,Adware,train
217,com.mobi.screensaver.mengxiaoxi,com.mobi.screensaver.mengxiaoxi,1,0,Adware,train
224,com.wyf.quwen3,com.wyf.quwen3,1,0,Adware,train
225,com.youcheng.hoax,com.youcheng.hoax,1,0,Adware,train
226,org.notnm.bcdicb12710.plant,org.notnm.bcdicb12710.plant,1,0,Adware,train
228,com.android.myfwtrain,com.android.myfwtrain,1,0,Adware,train
230,com.root.android.safety,com.root.android.safety,1,0,Adware,train
232,mobile.app176,mobile.app176,1,0,Adware,train
234,com.gp.monolith,com.gp.monolith,1,0,Adware,train
240,wxjb.sophycangjingkong,wxjb.sophycangjingkong,1,0,Adware,train
242,com.android.mmreader1440,com.android.mmreader1440,1,0,Adware,train
245,com.rp.screensaver.ysjqr2,com.rp.screensaver.ysjqr2,1,0,Adware,train
246,movecont2.musichuangmeixi,movecont2.musichuangmeixi,1,0,Adware,train
251,com.kemi.telephony.activity,com.kemi.telephony.activity,1,0,Adware,train
253,ygc.flower.yxb.activity,ygc.flower.yxb.activity,1,0,Adware,train
255,com.android.mmreader477,com.android.mmreader477,1,0,Adware,train
257,com.androidemu.harvehundouluo30,com.androidemu.harvehundouluo30,1,0,Adware,train
259,googlems.rescuedog,googlems.rescuedog,1,0,Adware,train
260,com.zhuaz.shoushencaodq,com.zhuaz.shoushencaodq,1,0,Adware,train
261,net.yebaihe.bizhim902,net.yebaihe.bizhim902,1,0,Adware,train
263,com.bizhi.wallpaperslideshow,com.bizhi.wallpaperslideshow,1,0,Adware,train
264,com.music.yinyuesuishenting,com.music.yinyuesuishenting,1,0,Adware,train
269,newgame.xmlbx2016,newgame.xmlbx2016,1,0,Adware,train
272,com.gp.search,com.gp.search,1,0,Adware,train
276,com.game.forces,com.game.forces,1,0,Adware,train
277,com.task.manager.root,com.task.manager.root,1,0,Adware,train
278,com.shirley.morytest,com.shirley.morytest,1,0,Adware,train
279,com.android.mmreader834,com.android.mmreader834,1,0,Adware,train
281,com.android.mmreader867,com.android.mmreader867,1,0,Adware,train
282,com.livegame.wallpaperjiguang,com.livegame.wallpaperjiguang,1,0,Adware,train
284,org.kman.nnbvvccxz,org.kman.nnbvvccxz,1,0,Adware,train
285,com.dooqu.android.ledbanner,com.dooqu.android.ledbanner,1,0,Adware,train
287,com.japanese,com.japanese,1,0,Adware,train
288,com.duan.jianti,com.duan.jianti,1,0,Adware,train
294,com.android.mmreader689,com.android.mmreader689,1,0,Adware,train
299,com.pickwifi,com.pickwifi,1,0,Adware,train
300,com.keedor.app.translator.zhcnko,com.keedor.app.translator.zhcnko,1,0,Adware,train
301,com.shere.assistivetouch.holo,com.shere.assistivetouch.holo,1,0,Adware,train
303,com.livegame.rss,com.livegame.rss,1,0,Adware,train
304,com.shirley.livewallpaper.sea,com.shirley.livewallpaper.sea,1,0,Adware,train
306,com.michael.landlords,com.michael.landlords,1,0,Adware,train
309,googleanzhi.zerohourelection,googleanzhi.zerohourelection,1,0,Adware,train
310,com.oyell.mayi,com.oyell.mayi,1,0,Adware,train
313,com.colorme.game.binishuishangshijie,com.colorme.game.binishuishangshijie,1,0,Adware,train
316,com.mobi.livewallpaper.dyynh6,com.mobi.livewallpaper.dyynh6,1,0,Adware,train
318,com.iym.leyuan,com.iym.leyuan,1,0,Adware,train
323,com.colorme.game.tuqiuzhanshi,com.colorme.game.tuqiuzhanshi,1,0,Adware,train
324,net.hidroid.hiapn.cn,net.hidroid.hiapn.cn,1,0,Adware,train
325,com.metre.zqw,com.metre.zqw,1,0,Adware,train
326,com.yyb.laorenyuhai,com.yyb.laorenyuhai,1,0,Adware,train
327,com.xingai100,com.xingai100,1,0,Adware,train
328,com.lmq.qsj,com.lmq.qsj,1,0,Adware,train
330,com.nompq.bcdbef12034.animal,com.nompq.bcdbef12034.animal,1,0,Adware,train
331,itaogame.imgapp23,itaogame.imgapp23,1,0,Adware,train
333,googleanzhi.dinosaurruns,googleanzhi.dinosaurruns,1,0,Adware,train
334,com.android.mmreader705,com.android.mmreader705,1,0,Adware,train
335,cn.com.nommv.bcdbbk12009.bee,cn.com.nommv.bcdbbk12009.bee,1,0,Adware,train
337,com.just521.mydraw,com.just521.mydraw,1,0,Adware,train
340,com.gamevisa8.fish,com.gamevisa8.fish,1,0,Adware,train
341,com.ts.ysxs,com.ts.ysxs,1,0,Adware,train
344,com.android.mmreader282,com.android.mmreader282,1,0,Adware,train
346,com.androidemu.bawangdedalu,com.androidemu.bawangdedalu,1,0,Adware,train
348,com.android.mmreader762,com.android.mmreader762,1,0,Adware,train
349,org.openintents.filemanager,org.openintents.filemanager,1,0,Adware,train
350,cn.hongxiu.singlebook105496,cn.hongxiu.singlebook105496,1,0,Adware,train
352,com.dobi.dgalley240,com.dobi.dgalley240,1,0,Adware,train
355,com.simple.graduate,com.simple.graduate,1,0,Adware,train
358,com.battery.monkey.ui,com.battery.monkey.ui,1,0,Adware,train
359,com.wuzi.bysc,com.wuzi.bysc,1,0,Adware,train
366,ps.wb.csppxx.lock20130412003167,ps.wb.csppxx.lock20130412003167,1,0,Adware,train
368,com.feng.wuiTicket,com.feng.wuiTicket,1,0,Adware,train
370,com.mm.ph,com.mm.ph,1,0,Adware,train
371,com.android.mmreader552,com.android.mmreader552,1,0,Adware,train
373,com.android.mmreader147,com.android.mmreader147,1,0,Adware,train
376,com.coderet.buddhasay,com.coderet.buddhasay,1,0,Adware,train
377,com.wyf.zousizi,com.wyf.zousizi,1,0,Adware,train
378,com.vaniship.tools.adsltool,com.vaniship.tools.adsltool,1,0,Adware,train
379,com.andoop.finger,com.andoop.finger,1,0,Adware,train
390,cn.com.lw.LSD_04_gun,cn.com.lw.LSD_04_gun,1,0,Adware,train
391,org.youdian.ebook.sample,org.youdian.ebook.sample,1,0,Adware,train
393,cn.yqzq.zqb,cn.yqzq.zqb,1,0,Adware,train
394,sunkay.BookLianchengjue,sunkay.BookLianchengjue,1,0,Adware,train
397,com.rewe.yterty,com.rewe.yterty,1,0,Adware,train
400,com.sh.xiaohua,com.sh.xiaohua,1,0,Adware,train
402,com.HSBapp.Renjiguanxi,com.HSBapp.Renjiguanxi,1,0,Adware,train
403,com.ss.ophone.chapter4_4,com.ss.ophone.chapter4_4,1,0,Adware,train
405,com.mobi.screensaver.mdn7,com.mobi.screensaver.mdn7,1,0,Adware,train
412,com.monkeytouchs.game.zombiesboss,com.monkeytouchs.game.zombiesboss,1,0,Adware,train
413,com.wangyh.android.changewallpager2,com.wangyh.android.changewallpager2,1,0,Adware,train
415,com.moving.microphone.charg,com.moving.microphone.charg,1,0,Adware,train
416,com.demon.xiaohua.app.view,com.demon.xiaohua.app.view,1,0,Adware,train
421,com.android.mmreader678,com.android.mmreader678,1,0,Adware,train
422,com.example.yujiyi,com.example.yujiyi,1,0,Adware,train
423,com.androidemu.harvehundouluo30.ssswnosign,com.androidemu.harvehundouluo30.ssswnosign,1,0,Adware,train
426,com.gzl.startluck,com.gzl.startluck,1,0,Adware,train
428,com.mobi.screensaver.tsj8,com.mobi.screensaver.tsj8,1,0,Adware,train
429,itaogame.imgapp27,itaogame.imgapp27,1,0,Adware,train
430,com.yanqing.xiaoshuo.wusuixuantian,com.yanqing.xiaoshuo.wusuixuantian,1,0,Adware,train
433,com.finker.wolfgirl,com.finker.wolfgirl,1,0,Adware,train
436,com.RunnerGames.game.Jesgtingche,com.RunnerGames.game.Jesgtingche,1,0,Adware,train
438,com.wrr.yjcw,com.wrr.yjcw,1,0,Adware,train
439,com.android.mmreader878,com.android.mmreader878,1,0,Adware,train
442,app.wb.ps.bz20121031001896,app.wb.ps.bz20121031001896,1,0,Adware,train
446,com.wei.and.third.chess.chall,com.wei.and.third.chess.chall,1,0,Adware,train
449,com.sjsd.yisan.ttkphlxxgq,com.sjsd.yisan.ttkphlxxgq,1,0,Adware,train
451,com.android.mmreader142,com.android.mmreader142,1,0,Adware,train
452,com.android.mmreader1075,com.android.mmreader1075,1,0,Adware,train
460,com.zzz.xhzq,com.zzz.xhzq,1,0,Adware,train
463,tud.nfnpelo.jedbrij,tud.nfnpelo.jedbrij,1,0,Adware,train
464,liuyaokun.game.jumpdino,liuyaokun.game.jumpdino,1,0,Adware,train
466,com.android.lzy.ringcut,com.android.lzy.ringcut,1,0,Adware,train
468,com.mobi.livewallpaper.fzlzy2,com.mobi.livewallpaper.fzlzy2,1,0,Adware,train
471,com.nkjmaeg,com.nkjmaeg,1,0,Adware,train
473,com.android.kmax.noisecheck,com.android.kmax.noisecheck,1,0,Adware,train
474,com.wallpaper.beatuygirl,com.wallpaper.beatuygirl,1,0,Adware,train
475,com.android.mmreader294,com.android.mmreader294,1,0,Adware,train
477,com.zhw.zb.ttkpaof,com.zhw.zb.ttkpaof,1,0,Adware,train
478,cn.zn.mymagic,cn.zn.mymagic,1,0,Adware,train
481,exam.driver,exam.driver,1,0,Adware,train
483,cn.album.emi.ishikawa,cn.album.emi.ishikawa,1,0,Adware,train
486,com.android.mmreader659,com.android.mmreader659,1,0,Adware,train
488,com.qilesoft.en.pword4,com.qilesoft.en.pword4,1,0,Adware,train
490,com.chenai.eyes,com.chenai.eyes,1,0,Adware,train
491,com.whzy.gps.search.name,com.whzy.gps.search.name,1,0,Adware,train
494,com.androidemu.harvekuaida1,com.androidemu.harvekuaida1,1,0,Adware,train
497,googlems.nursekiss,googlems.nursekiss,1,0,Adware,train
498,com.UC.imusic,com.UC.imusic,1,0,Adware,train
500,com.android.mmreader745,com.android.mmreader745,1,0,Adware,train
505,com.eastapp.spiderman,com.eastapp.spiderman,1,0,Adware,train
506,com.livegame.wallpapershuizeguan,com.livegame.wallpapershuizeguan,1,0,Adware,train
507,com.rao.love.yy.zhajinhua,com.rao.love.yy.zhajinhua,1,0,Adware,train
510,com.android.mmreader1055,com.android.mmreader1055,1,0,Adware,train
511,ren.xiaoniaolianliankan09,ren.xiaoniaolianliankan09,1,0,Adware,train
512,com.feifei.game.plane,com.feifei.game.plane,1,0,Adware,train
513,com.android.mmreader54,com.android.mmreader54,1,0,Adware,train
518,com.rechild.xtfvuhmokwaxrdvyhnikq,com.rechild.xtfvuhmokwaxrdvyhnikq,1,0,Adware,train
521,googlems.arrow,googlems.arrow,1,0,Adware,train
522,com.wb.olock20130715001157,com.wb.olock20130715001157,1,0,Adware,train
523,vLUgc.UbUU.nqpTdCb,vLUgc.UbUU.nqpTdCb,1,0,Adware,train
530,show.bacektballl,show.bacektballl,1,0,Adware,train
533,com.fywork.elegant,com.fywork.elegant,1,0,Adware,train
534,wabao.ETAppLoc,wabao.ETAppLoc,1,0,Adware,train
535,com.zwlxiaoxiao.appzwlxiaoxiao,com.zwlxiaoxiao.appzwlxiaoxiao,1,0,Adware,train
537,siji.dancitong,siji.dancitong,1,0,Adware,train
538,com.example.mystopwatch,com.example.mystopwatch,1,0,Adware,train
540,lzk.car.sric.android,lzk.car.sric.android,1,0,Adware,train
541,com.sostation.size,com.sostation.size,1,0,Adware,train
545,your.pack.namespace,your.pack.namespace,1,0,Adware,train
548,com.colorme.game.Presidentrafer,com.colorme.game.Presidentrafer,1,0,Adware,train
550,com.wangwei.tblianliankan,com.wangwei.tblianliankan,1,0,Adware,train
551,com.shirley.livewallpaper.shangmai,com.shirley.livewallpaper.shangmai,1,0,Adware,train
554,com.gp.jewels,com.gp.jewels,1,0,Adware,train
555,com.weiliang.rhythm,com.weiliang.rhythm,1,0,Adware,train
557,com.android.mmreader586,com.android.mmreader586,1,0,Adware,train
559,com.roamingsoft.manager,com.roamingsoft.manager,1,0,Adware,train
560,dangcidian.model,dangcidian.model,1,0,Adware,train
561,xw.hh.food02,xw.hh.food02,1,0,Adware,train
562,com.sllyj.rtglzz,com.sllyj.rtglzz,1,0,Adware,train
563,com.chenchel.A120404_camera2,com.chenchel.A120404_camera2,1,0,Adware,train
567,com.godtt.yisan.hlxxgqkpzs,com.godtt.yisan.hlxxgqkpzs,1,0,Adware,train
568,loading.javasamples,loading.javasamples,1,0,Adware,train
570,com.mobi.livewallpaper.panda6,com.mobi.livewallpaper.panda6,1,0,Adware,train
571,com.cn.philzhu.www.ddz,com.cn.philzhu.www.ddz,1,0,Adware,train
572,com.wk.fc.activity,com.wk.fc.activity,1,0,Adware,train
573,com.sysapk.wifibooster,com.sysapk.wifibooster,1,0,Adware,train
575,com.rao.flyfish.shakeboobs,com.rao.flyfish.shakeboobs,1,0,Adware,train
576,googlems.madpullingtoiletpaper,googlems.madpullingtoiletpaper,1,0,Adware,train
580,k.microcells.lotuswallpaper1,k.microcells.lotuswallpaper1,1,0,Adware,train
583,com.cn.baoyi.fairytale,com.cn.baoyi.fairytale,1,0,Adware,train
585,com.idiom.jp,com.idiom.jp,1,0,Adware,train
590,com.mobi.screensaver.JDBH8,com.mobi.screensaver.JDBH8,1,0,Adware,train
591,app.wb.ps.bz20130122002586,app.wb.ps.bz20130122002586,1,0,Adware,train
597,org.xhj.rennipeng,org.xhj.rennipeng,1,0,Adware,train
599,com.huahua.test,com.huahua.test,1,0,Adware,train
600,cn.hosy.simkawang,cn.hosy.simkawang,1,0,Adware,train
604,com.shirley.pingtu.babypin1,com.shirley.pingtu.babypin1,1,0,Adware,train
606,com.android.mmreader1185,com.android.mmreader1185,1,0,Adware,train
607,com.androidemu.harvexueren,com.androidemu.harvexueren,1,0,Adware,train
614,googleanzhi.summergames,googleanzhi.summergames,1,0,Adware,train
619,ps.wb.music20130509000344,ps.wb.music20130509000344,1,0,Adware,train
621,com.zzci.FlashLighter,com.zzci.FlashLighter,1,0,Adware,train
622,fl.activity,fl.activity,1,0,Adware,train
623,com.android.mmreader412,com.android.mmreader412,1,0,Adware,train
625,com.mobi.screensaver.mqhanban10,com.mobi.screensaver.mqhanban10,1,0,Adware,train
626,com.cosina.game.activity,com.cosina.game.activity,1,0,Adware,train
627,cn.hiuming.killfly,cn.hiuming.killfly,1,0,Adware,train
628,com.linwinx.dailyword,com.linwinx.dailyword,1,0,Adware,train
630,com.android.mmreader409,com.android.mmreader409,1,0,Adware,train
632,com.everdow,com.everdow,1,0,Adware,train
633,bps.search,bps.search,1,0,Adware,train
635,com.dooqumobile.xinhua,com.dooqumobile.xinhua,1,0,Adware,train
640,ps.wb.music20131020001963,ps.wb.music20131020001963,1,0,Adware,train
642,itaogame.imgapp14,itaogame.imgapp14,1,0,Adware,train
646,com.androidbox.g9lwkdxfcnadm,com.androidbox.g9lwkdxfcnadm,1,0,Adware,train
647,com.hao.iphoneQ.client,com.hao.iphoneQ.client,1,0,Adware,train
649,cn.hongxiu.singlebook79504,cn.hongxiu.singlebook79504,1,0,Adware,train
650,com.aj.kjsx,com.aj.kjsx,1,0,Adware,train
651,com.virsir.android.atrain,com.virsir.android.atrain,1,0,Adware,train
653,com.knightli.book.jokebookseries.m1,com.knightli.book.jokebookseries.m1,1,0,Adware,train
657,com.hotty.fslshow,com.hotty.fslshow,1,0,Adware,train
659,com.zzz.wnts,com.zzz.wnts,1,0,Adware,train
662,ps.wb.music20130520000524,ps.wb.music20130520000524,1,0,Adware,train
664,cn.com.lw.LSD_01_fox,cn.com.lw.LSD_01_fox,1,0,Adware,train
666,cn.hongxiu.singlebook254995,cn.hongxiu.singlebook254995,1,0,Adware,train
669,com.tztl.tdtq.kbscrb,com.tztl.tdtq.kbscrb,1,0,Adware,train
673,com.androidemu.harvesongshuzz.swnosign.sign,com.androidemu.harvesongshuzz.swnosign.sign,1,0,Adware,train
675,com.haily.accountrecorder,com.haily.accountrecorder,1,0,Adware,train
678,com.zhang.game.broken,com.zhang.game.broken,1,0,Adware,train
685,googleanzhi.kissmouth,googleanzhi.kissmouth,1,0,Adware,train
687,com.android.mmreader1063,com.android.mmreader1063,1,0,Adware,train
689,com.mogo.chongwullk,com.mogo.chongwullk,1,0,Adware,train
690,com.mango.flashlight,com.mango.flashlight,1,0,Adware,train
691,com.scdqs.camera,com.scdqs.camera,1,0,Adware,train
693,sunkay.BookFanZuiXinLiXue,sunkay.BookFanZuiXinLiXue,1,0,Adware,train
695,com.gemcot.lock,com.gemcot.lock,1,0,Adware,train
696,com.htcheng.jbook,com.htcheng.jbook,1,0,Adware,train
697,get.tel.info,get.tel.info,1,0,Adware,train
698,com.android.mmreader296,com.android.mmreader296,1,0,Adware,train
701,com.mobi.livewallpaper.lshy1,com.mobi.livewallpaper.lshy1,1,0,Adware,train
702,com.ktls.tonghuaweizao,com.ktls.tonghuaweizao,1,0,Adware,train
708,com.easy.battery.saver,com.easy.battery.saver,1,0,Adware,train
712,org.nmuop.fcbjde10823.animal,org.nmuop.fcbjde10823.animal,1,0,Adware,train
713,cn.nomnv.bcdbck12019.mobile,cn.nomnv.bcdbck12019.mobile,1,0,Adware,train
716,com.qixin.wbalanceballp,com.qixin.wbalanceballp,1,0,Adware,train
717,com.douniwaner.qqlocation,com.douniwaner.qqlocation,1,0,Adware,train
718,googleanzhi.obamasolved,googleanzhi.obamasolved,1,0,Adware,train
719,com.androidemu.harvedianjing,com.androidemu.harvedianjing,1,0,Adware,train
720,com.fhkuuej.qeam,com.fhkuuej.qeam,1,0,Adware,train
721,com.yybergeanzhi.ruhutianyi,com.yybergeanzhi.ruhutianyi,1,0,Adware,train
723,com.esatrw.rewty,com.esatrw.rewty,1,0,Adware,train
725,com.funnygames.manfart,com.funnygames.manfart,1,0,Adware,train
726,com.ADASiteMap,com.ADASiteMap,1,0,Adware,train
727,com.peter.hzbike,com.peter.hzbike,1,0,Adware,train
728,igudi.com.hanyu,igudi.com.hanyu,1,0,Adware,train
730,com.androidemu.harvemario.swnosigns,com.androidemu.harvemario.swnosigns,1,0,Adware,train
732,com.ysong.sickfood,com.ysong.sickfood,1,0,Adware,train
733,cn.com.noort.bcddgi12257.model,cn.com.noort.bcddgi12257.model,1,0,Adware,train
734,org.snakemax.apps.compass,org.snakemax.apps.compass,1,0,Adware,train
737,little.intercept,little.intercept,1,0,Adware,train
738,com.forace.ZyQmSSQ,com.forace.ZyQmSSQ,1,0,Adware,train
740,infire.legcn.ashely,infire.legcn.ashely,1,0,Adware,train
741,shipinbaoku.video.android_apk,shipinbaoku.video.android_apk,1,0,Adware,train
744,com.android.mmreader711,com.android.mmreader711,1,0,Adware,train
746,com.sun.tuozhan.guoxue.lunyu,com.sun.tuozhan.guoxue.lunyu,1,0,Adware,train
747,com.android.mmreader36,com.android.mmreader36,1,0,Adware,train
748,com.yyb.piao,com.yyb.piao,1,0,Adware,train
749,com.dale.signature,com.dale.signature,1,0,Adware,train
750,com.han.hxw1,com.han.hxw1,1,0,Adware,train
755,com.nfbazi.LiuyaoDuangua,com.nfbazi.LiuyaoDuangua,1,0,Adware,train
757,com.dianwe.joke,com.dianwe.joke,1,0,Adware,train
758,com.km.installer,com.km.installer,1,0,Adware,train
763,com.android.zj,com.android.zj,1,0,Adware,train
768,com.android.mmreader2182,com.android.mmreader2182,1,0,Adware,train
769,com.kait.yuanqu300,com.kait.yuanqu300,1,0,Adware,train
771,googleanzhi.cshalf,googleanzhi.cshalf,1,0,Adware,train
772,cn.com.xiaol.livewallpaper.jpqcmn,cn.com.xiaol.livewallpaper.jpqcmn,1,0,Adware,train
777,com.pcodenote.pic,com.pcodenote.pic,1,0,Adware,train
778,com.ccy.android.missedcallshow,com.ccy.android.missedcallshow,1,0,Adware,train
779,com.ps.opensudoku,com.ps.opensudoku,1,0,Adware,train
781,com.android.mmreader550,com.android.mmreader550,1,0,Adware,train
782,com.dddspice,com.dddspice,1,0,Adware,train
783,k.microcells.stars,k.microcells.stars,1,0,Adware,train
784,com.mogoair.hostshelper,com.mogoair.hostshelper,1,0,Adware,train
785,com.azfrgame.ijielongga,com.azfrgame.ijielongga,1,0,Adware,train
787,game.androng.andmj,game.androng.andmj,1,0,Adware,train
788,com.android.mmreader1065,com.android.mmreader1065,1,0,Adware,train
789,com.android.mmreader486,com.android.mmreader486,1,0,Adware,train
790,com.icecoldapps.ushxnridjxmrodkcqtofk,com.icecoldapps.ushxnridjxmrodkcqtofk,1,0,Adware,train
793,com.android.mmreader540,com.android.mmreader540,1,0,Adware,train
795,com.leo.kang.cetsix,com.leo.kang.cetsix,1,0,Adware,train
799,com.android.mmreader259,com.android.mmreader259,1,0,Adware,train
800,movecont4.music_beishang,movecont4.music_beishang,1,0,Adware,train
803,cn.lgx.jiaotongdahang,cn.lgx.jiaotongdahang,1,0,Adware,train
805,com.wl.wyyx.ttkpsjbwg,com.wl.wyyx.ttkpsjbwg,1,0,Adware,train
808,com.fancyy.compass,com.fancyy.compass,1,0,Adware,train
809,com.android.mmreader712,com.android.mmreader712,1,0,Adware,train
810,com.bb.abxingxdmimi.test,com.bb.abxingxdmimi.test,1,0,Adware,train
812,com.ifreesoft.ifreeautomode,com.ifreesoft.ifreeautomode,1,0,Adware,train
814,com.strongtech.yaoqianshu3,com.strongtech.yaoqianshu3,1,0,Adware,train
821,com.livegame.wallpapermingche,com.livegame.wallpapermingche,1,0,Adware,train
822,com.hummingbird.cet46,com.hummingbird.cet46,1,0,Adware,train
825,com.android.app.ewqdsa,com.android.app.ewqdsa,1,0,Adware,train
826,com.colorme.game.RedMenaceb1,com.colorme.game.RedMenaceb1,1,0,Adware,train
827,com.android.mmreader285,com.android.mmreader285,1,0,Adware,train
828,com.kait.twister,com.kait.twister,1,0,Adware,train
831,com.yfan.message,com.yfan.message,1,0,Adware,train
833,com.android.mmreader292,com.android.mmreader292,1,0,Adware,train
835,com.simple.music,com.simple.music,1,0,Adware,train
836,com.kait.stockbase,com.kait.stockbase,1,0,Adware,train
837,com.ssq.P00010,com.ssq.P00010,1,0,Adware,train
838,xinhaojianche.android,xinhaojianche.android,1,0,Adware,train
840,com.wlan.calllogmaster.free,com.wlan.calllogmaster.free,1,0,Adware,train
841,com.xl.book5,com.xl.book5,1,0,Adware,train
847,omg.micode.notes,omg.micode.notes,1,0,Adware,train
848,com.leduoworks.game.colorbrick,com.leduoworks.game.colorbrick,1,0,Adware,train
852,com.xbwx,com.xbwx,1,0,Adware,train
854,com.androidemu.kqsgzyjzjhb,com.androidemu.kqsgzyjzjhb,1,0,Adware,train
858,com.king.batterytest,com.king.batterytest,1,0,Adware,train
859,com.mobileuncle.qxgiwcg,com.mobileuncle.qxgiwcg,1,0,Adware,train
862,googleanzhi.birdstorms,googleanzhi.birdstorms,1,0,Adware,train
863,com.android.mmreader801,com.android.mmreader801,1,0,Adware,train
864,com.zmm.gaodian,com.zmm.gaodian,1,0,Adware,train
872,com.smallw.sgllk,com.smallw.sgllk,1,0,Adware,train
873,com.gzlapp.newrule,com.gzlapp.newrule,1,0,Adware,train
875,com.greensoft.chaoMengChuangYi,com.greensoft.chaoMengChuangYi,1,0,Adware,train
879,com.greensoft.chaoRenBiBei,com.greensoft.chaoRenBiBei,1,0,Adware,train
883,com.greensoft.llyjw,com.greensoft.llyjw,1,0,Adware,train
885,com.net.studyplayer.chinese,com.net.studyplayer.chinese,1,0,Adware,train
889,gzg.fruit.sric.android,gzg.fruit.sric.android,1,0,Adware,train
890,com.alan.translate,com.alan.translate,1,0,Adware,train
895,com.kait.tendrops,com.kait.tendrops,1,0,Adware,train
897,com.cn.baoyi.Guodegang,com.cn.baoyi.Guodegang,1,0,Adware,train
899,com.han.yfcs1,com.han.yfcs1,1,0,Adware,train
900,com.hojy.ulykrjegqfm,com.hojy.ulykrjegqfm,1,0,Adware,train
902,ps.wb.csppxx.lock20130415003182,ps.wb.csppxx.lock20130415003182,1,0,Adware,train
904,com.wb.hlock20130507000319,com.wb.hlock20130507000319,1,0,Adware,train
905,com.kandian.krtvapp,com.kandian.krtvapp,1,0,Adware,train
906,com.GTstudio.GoogleTranslator,com.GTstudio.GoogleTranslator,1,0,Adware,train
907,com.colorme.game.dongtaigaonanduzhaocha,com.colorme.game.dongtaigaonanduzhaocha,1,0,Adware,train
908,com.nanoha.SenseScreen,com.nanoha.SenseScreen,1,0,Adware,train
909,com.yyb.jidushan,com.yyb.jidushan,1,0,Adware,train
913,shouyou.xiaomie.zhuap,shouyou.xiaomie.zhuap,1,0,Adware,train
915,org.nnvsp.bcckhe11963.model,org.nnvsp.bcckhe11963.model,1,0,Adware,train
916,com.colorme.game.diaochedachaichu,com.colorme.game.diaochedachaichu,1,0,Adware,train
919,com.nanoha.MyLockScreen,com.nanoha.MyLockScreen,1,0,Adware,train
922,com.hentica.app.sentence.college,com.hentica.app.sentence.college,1,0,Adware,train
924,com.vdcam.zsmv,com.vdcam.zsmv,1,0,Adware,train
931,com.weiwin.jok,com.weiwin.jok,1,0,Adware,train
933,com.kait.txtreader,com.kait.txtreader,1,0,Adware,train
934,com.livegame.wallpaperribennvyou,com.livegame.wallpaperribennvyou,1,0,Adware,train
936,com.panfang.book,com.panfang.book,1,0,Adware,train
937,com.colorme.game.zhaochutaoyangui,com.colorme.game.zhaochutaoyangui,1,0,Adware,train
938,com.yybergeother.zhishiyi,com.yybergeother.zhishiyi,1,0,Adware,train
940,com.xianzhisoft10010.com,com.xianzhisoft10010.com,1,0,Adware,train
941,com.SibylDiary,com.SibylDiary,1,0,Adware,train
942,com.ps.kickmouse,com.ps.kickmouse,1,0,Adware,train
943,jizhangabcd.keepaccount,jizhangabcd.keepaccount,1,0,Adware,train
945,com.hai.a8508nku,com.hai.a8508nku,1,0,Adware,train
946,ren.zhetian,ren.zhetian,1,0,Adware,train
947,dh.ControlPad.main,dh.ControlPad.main,1,0,Adware,train
948,com.fuwenpan.weather,com.fuwenpan.weather,1,0,Adware,train
949,googlems.pointhim,googlems.pointhim,1,0,Adware,train
950,com.greensoft.chaoMengXiaoYaZi,com.greensoft.chaoMengXiaoYaZi,1,0,Adware,train
953,com.dobi.incessant466,com.dobi.incessant466,1,0,Adware,train
954,kay.cosina.game.kickkick,kay.cosina.game.kickkick,1,0,Adware,train
956,igudi.com.ergesz,igudi.com.ergesz,1,0,Adware,train
957,com.qilesoft.en.new02,com.qilesoft.en.new02,1,0,Adware,train
958,com.jiasoft.swreader,com.jiasoft.swreader,1,0,Adware,train
959,com.android.mmreader874,com.android.mmreader874,1,0,Adware,train
960,com.yyb.gongzhuriji,com.yyb.gongzhuriji,1,0,Adware,train
962,gzg.android.jewels,gzg.android.jewels,1,0,Adware,train
965,com.dobi.incessant469,com.dobi.incessant469,1,0,Adware,train
966,com.greensoft.jianDanShengHuo,com.greensoft.jianDanShengHuo,1,0,Adware,train
968,,__missing_package_row_968,1,0,Adware,train
970,com.lmobileapp.taskmanager,com.lmobileapp.taskmanager,1,0,Adware,train
972,com.daaa.dsgfer,com.daaa.dsgfer,1,0,Adware,train
976,com.mobi.screensaver.hxph,com.mobi.screensaver.hxph,1,0,Adware,train
981,com.darenzhuan.android,com.darenzhuan.android,1,0,Adware,train
987,com.sostation.dmv,com.sostation.dmv,1,0,Adware,train
989,com.gtja.dzhlgt,com.gtja.dzhlgt,1,0,Adware,train
990,com.ps.pushbox,com.ps.pushbox,1,0,Adware,train
991,,__missing_package_row_991,1,0,Adware,train
994,cn.com.lw.LS_02_apple,cn.com.lw.LS_02_apple,1,0,Adware,train
995,com.greensoft.zqqlpD,com.greensoft.zqqlpD,1,0,Adware,train
996,com.xianzhisoft.signsi,com.xianzhisoft.signsi,1,0,Adware,train
998,com.topnet999.android.sketchzduoduoy,com.topnet999.android.sketchzduoduoy,1,0,Adware,train
999,com.ada.adamusice,com.ada.adamusice,1,0,Adware,train
1001,mya.vnc,mya.vnc,1,0,Adware,train
1002,com.pdragon.weshare,com.pdragon.weshare,1,0,Adware,train
1004,com.gongjin.cradio,com.gongjin.cradio,1,0,Adware,train
1008,com.example.mynote,com.example.mynote,1,0,Adware,train
1010,com.han.swrlcx1,com.han.swrlcx1,1,0,Adware,train
1011,com.lovexy.songshuLX,com.lovexy.songshuLX,1,0,Adware,train
1014,info.rnmnpvj.jhnjtk.tprvh,info.rnmnpvj.jhnjtk.tprvh,1,0,Adware,train
1016,ps.wb.music20130514000421,ps.wb.music20130514000421,1,0,Adware,train
1017,com.colorme.game.stllk,com.colorme.game.stllk,1,0,Adware,train
1018,com.han.kcy60,com.han.kcy60,1,0,Adware,train
1019,com.android.mmreader692,com.android.mmreader692,1,0,Adware,train
1020,musafaey.guandeng.sric.android,musafaey.guandeng.sric.android,1,0,Adware,train
1023,com.android.mmreader102,com.android.mmreader102,1,0,Adware,train
1025,com.android.mmreader744,com.android.mmreader744,1,0,Adware,train
1026,com.qiangfeng.freecell.ads,com.qiangfeng.freecell.ads,1,0,Adware,train
1027,com.android.mmreader231,com.android.mmreader231,1,0,Adware,train
1031,com.rmlamqutg.gf,com.rmlamqutg.gf,1,0,Adware,train
1034,com.iym.baygushi,com.iym.baygushi,1,0,Adware,train
1035,com.rainbow.GirlDizid,com.rainbow.GirlDizid,1,0,Adware,train
1039,com.liuwei.androidleyuan,com.liuwei.androidleyuan,1,0,Adware,train
1040,sunkay.BookYuanyangdao,sunkay.BookYuanyangdao,1,0,Adware,train
1041,com.android.mmreader1190,com.android.mmreader1190,1,0,Adware,train
1043,com.hyl.alarm,com.hyl.alarm,1,0,Adware,train
1044,com.qerwsoft.uglyface,com.qerwsoft.uglyface,1,0,Adware,train
1045,com.mogo.threesameline,com.mogo.threesameline,1,0,Adware,train
1048,com.wb.olock20130925001815,com.wb.olock20130925001815,1,0,Adware,train
1049,com.rp.screensaver.yzcw2,com.rp.screensaver.yzcw2,1,0,Adware,train
1050,com.colorme.game.xiaohouzhaiyangmei,com.colorme.game.xiaohouzhaiyangmei,1,0,Adware,train
1051,com.ghs.jytjer,com.ghs.jytjer,1,0,Adware,train
1053,com.bobbar.joke,com.bobbar.joke,1,0,Adware,train
1055,com.speed.player.seemovie.coco,com.speed.player.seemovie.coco,1,0,Adware,train
1056,com.hrx.baby,com.hrx.baby,1,0,Adware,train
1059,com.feidou.flydoushoutui,com.feidou.flydoushoutui,1,0,Adware,train
1060,com.exme.baby.qimeng,com.exme.baby.qimeng,1,0,Adware,train
1061,sunkay.AndroidApp5,sunkay.AndroidApp5,1,0,Adware,train
1062,com.dream,com.dream,1,0,Adware,train
1064,com.wildbits.paperzombie,com.wildbits.paperzombie,1,0,Adware,train
1067,org.nosvp.bcdhke12693.model,org.nosvp.bcdhke12693.model,1,0,Adware,train
1068,com.xiangqiao.medicineactivitys,com.xiangqiao.medicineactivitys,1,0,Adware,train
1073,com.insthub.backupixh,com.insthub.backupixh,1,0,Adware,train
1079,com.wimolife.StarFace,com.wimolife.StarFace,1,0,Adware,train
1080,com.android.mmreader418,com.android.mmreader418,1,0,Adware,train
1084,android.itcyp.coffee.studyen.activity,android.itcyp.coffee.studyen.activity,1,0,Adware,train
1085,com.philzhu.www.ddz,com.philzhu.www.ddz,1,0,Adware,train
1090,com.example.slidingpai,com.example.slidingpai,1,0,Adware,train
1091,sh.dms,sh.dms,1,0,Adware,train
1092,com.qixin.ytujumpp,com.qixin.ytujumpp,1,0,Adware,train
1094,com.scientists.signs,com.scientists.signs,1,0,Adware,train
1095,ren.baoshi,ren.baoshi,1,0,Adware,train
1096,com.evilsunflower.reader.evilGongxin,com.evilsunflower.reader.evilGongxin,1,0,Adware,train
1097,com.android.mmreader611,com.android.mmreader611,1,0,Adware,train
1099,com.mogo.smspopup,com.mogo.smspopup,1,0,Adware,train
1103,com.gps,com.gps,1,0,Adware,train
1104,com.ps.keepaccount,com.ps.keepaccount,1,0,Adware,train
1106,x.jtozxvr.jmnwtce,x.jtozxvr.jmnwtce,1,0,Adware,train
1107,zs.iss.sric.android,zs.iss.sric.android,1,0,Adware,train
1111,com.android.mmreader1192,com.android.mmreader1192,1,0,Adware,train
1116,wenhr.Mcdonalds,wenhr.Mcdonalds,1,0,Adware,train
1118,com.gsapp.android.pfuninstall,com.gsapp.android.pfuninstall,1,0,Adware,train
1119,com.nanoha.GestureWidget_free,com.nanoha.GestureWidget_free,1,0,Adware,train
1123,com.mobi.screensaver.jdwmiphone3,com.mobi.screensaver.jdwmiphone3,1,0,Adware,train
1125,com.qixin.yclassmarip,com.qixin.yclassmarip,1,0,Adware,train
1127,org.void1898.ss.agilebuddy,org.void1898.ss.agilebuddy,1,0,Adware,train
1128,com.mobi.screensaver.hsxgiphone2,com.mobi.screensaver.hsxgiphone2,1,0,Adware,train
1130,com.android.mmreader167,com.android.mmreader167,1,0,Adware,train
1131,googleanzhi.potatopeelergame,googleanzhi.potatopeelergame,1,0,Adware,train
1132,movecont2.gotousaen2,movecont2.gotousaen2,1,0,Adware,train
1133,com.yangwen.nbvccxzzlkkjh,com.yangwen.nbvccxzzlkkjh,1,0,Adware,train
1134,zsz.xinzuo,zsz.xinzuo,1,0,Adware,train
1135,com.myjoy.campusbellealbumstwo,com.myjoy.campusbellealbumstwo,1,0,Adware,train
1137,com.gp.animalkeeper,com.gp.animalkeeper,1,0,Adware,train
1139,com.czf.quanqiou,com.czf.quanqiou,1,0,Adware,train
1141,cn.hongxiu.singlebook40615,cn.hongxiu.singlebook40615,1,0,Adware,train
1143,com.greensoft.shanshuifjZ,com.greensoft.shanshuifjZ,1,0,Adware,train
1147,com.android.take.officerexam,com.android.take.officerexam,1,0,Adware,train
1149,com.hentica.app.sentence,com.hentica.app.sentence,1,0,Adware,train
1150,ps.wb.csppxx.lock20120710000942,ps.wb.csppxx.lock20120710000942,1,0,Adware,train
1153,com.lwsoft.lsq.imageview,com.lwsoft.lsq.imageview,1,0,Adware,train
1154,com.mogo.DropBubble,com.mogo.DropBubble,1,0,Adware,train
1156,com.digital_and_dreams.android.swiss_army_knifer,com.digital_and_dreams.android.swiss_army_knifer,1,0,Adware,train
1157,com.android.mmreader55,com.android.mmreader55,1,0,Adware,train
1159,com.androidemu.harvesgmario,com.androidemu.harvesgmario,1,0,Adware,train
1161,com.aokp.elongr,com.aokp.elongr,1,0,Adware,train
1167,com.colorme.game.wunvdezeren,com.colorme.game.wunvdezeren,1,0,Adware,train
1168,ww.navycsu.mogo.caipiaochaxun,ww.navycsu.mogo.caipiaochaxun,1,0,Adware,train
1170,qq.rose,qq.rose,1,0,Adware,train
1171,com.android.mmreader856,com.android.mmreader856,1,0,Adware,train
1172,com.greensoft.buliniY,com.greensoft.buliniY,1,0,Adware,train
1173,com.reywe.werygew,com.reywe.werygew,1,0,Adware,train
1178,com.zyj.emu.hwjisufeiche,com.zyj.emu.hwjisufeiche,1,0,Adware,train
1179,com.zbx.ct.lolFightingCapacity.client,com.zbx.ct.lolFightingCapacity.client,1,0,Adware,train
1181,com.mmc.life45,com.mmc.life45,1,0,Adware,train
1182,com.lhn.apps.Fashionbeauty,com.lhn.apps.Fashionbeauty,1,0,Adware,train
1184,com.gps.phone.guoyou,com.gps.phone.guoyou,1,0,Adware,train
1185,com.androidemu.harvemario,com.androidemu.harvemario,1,0,Adware,train
1187,com.forace.BaZipp.BZActivity,com.forace.BaZipp.BZActivity,1,0,Adware,train
1192,com.oasisfeng.green,com.oasisfeng.green,1,0,Adware,train
1193,com.iym.imusic,com.iym.imusic,1,0,Adware,train
1194,j.kevin.daming.deskclock,j.kevin.daming.deskclock,1,0,Adware,train
1195,com.stuido.androidjp,com.stuido.androidjp,1,0,Adware,train
1200,com.android.mmreader311,com.android.mmreader311,1,0,Adware,train
1202,com.android.mmreader392,com.android.mmreader392,1,0,Adware,train
1203,mobi.game.hblnn10,mobi.game.hblnn10,1,0,Adware,train
1206,cn.com.noqso.bcdfhd12462.model,cn.com.noqso.bcdfhd12462.model,1,0,Adware,train
1208,com.fantasmosoft.xrfvyhnikqazedctgbi,com.fantasmosoft.xrfvyhnikqazedctgbi,1,0,Adware,train
1211,com.android.mmreader809,com.android.mmreader809,1,0,Adware,train
1212,com.androidemu.nesgame_chaojimaliwudbtc,com.androidemu.nesgame_chaojimaliwudbtc,1,0,Adware,train
1213,com.android.mmreader743,com.android.mmreader743,1,0,Adware,train
1214,com.android.LL.AutoSwitch,com.android.LL.AutoSwitch,1,0,Adware,train
1215,hk.rgmnpn.jkhqjt.kspsvj,hk.rgmnpn.jkhqjt.kspsvj,1,0,Adware,train
1219,cn.butongproducts.ezwms,cn.butongproducts.ezwms,1,0,Adware,train
1221,cn.nommt.bcdbbi12007.animal,cn.nommt.bcdbbi12007.animal,1,0,Adware,train
1222,sstudio.LotteryAnalyser,sstudio.LotteryAnalyser,1,0,Adware,train
1226,com.ccponcerinc.flashlight,com.ccponcerinc.flashlight,1,0,Adware,train
1227,com.gsapp.wifitransport,com.gsapp.wifitransport,1,0,Adware,train
1230,utpFTr.NpMQ.RlXnWg,utpFTr.NpMQ.RlXnWg,1,0,Adware,train
1233,com.youba.camgtzonf,com.youba.camgtzonf,1,0,Adware,train
1234,ps.wb.csppxx.lock20130108002441,ps.wb.csppxx.lock20130108002441,1,0,Adware,train
1238,gzg.game.mario.androidym.si,gzg.game.mario.androidym.si,1,0,Adware,train
1240,app.wb.ps.bz20120213204903,app.wb.ps.bz20120213204903,1,0,Adware,train
1243,com.inception.otaku,com.inception.otaku,1,0,Adware,train
1245,com.Sokoban.FirstGameTeam,com.Sokoban.FirstGameTeam,1,0,Adware,train
1249,zsj.android.systemappremover,zsj.android.systemappremover,1,0,Adware,train
1250,googleanzhi.prisonbreak,googleanzhi.prisonbreak,1,0,Adware,train
1259,com.hatjfqll.kr,com.hatjfqll.kr,2,1,Banking Malware,train
1261,com.ceandroid.security.zert,com.ceandroid.security.zert,2,1,Banking Malware,train
1267,com.bbcc.eeff,com.bbcc.eeff,2,1,Banking Malware,train
1274,com.hazeloutlet.gigawire,com.hazeloutlet.gigawire,2,1,Banking Malware,train
1278,,__missing_package_row_1278,2,1,Banking Malware,train
1279,,__missing_package_row_1279,2,1,Banking Malware,train
1281,cn.zhui.client899792,cn.zhui.client899792,2,1,Banking Malware,train
1283,com.example.ca,com.example.ca,2,1,Banking Malware,train
1284,cvfkvfovx.xgfqomtpwgb.yecieeb,cvfkvfovx.xgfqomtpwgb.yecieeb,2,1,Banking Malware,train
1287,css01.css02.view,css01.css02.view,2,1,Banking Malware,train
1297,com.googles.smsservicestel,com.googles.smsservicestel,2,1,Banking Malware,train
1302,com.futurnal.beautywall,com.futurnal.beautywall,2,1,Banking Malware,train
1304,vuadf.akdhfg.akdffga,vuadf.akdhfg.akdffga,2,1,Banking Malware,train
1308,com.christmasgame.balloon2,com.christmasgame.balloon2,2,1,Banking Malware,train
1310,com.example.xnjh,com.example.xnjh,2,1,Banking Malware,train
1311,nh.four,nh.four,2,1,Banking Malware,train
1319,,__missing_package_row_1319,2,1,Banking Malware,train
1321,zsz9.zsz0.view,zsz9.zsz0.view,2,1,Banking Malware,train
1328,ffaa.ffbb.view,ffaa.ffbb.view,2,1,Banking Malware,train
1329,com.ndar.ofm.app,com.ndar.ofm.app,2,1,Banking Malware,train
1330,,__missing_package_row_1330,2,1,Banking Malware,train
1331,com.a,com.a,2,1,Banking Malware,train
1333,com.police10.man20,com.police10.man20,2,1,Banking Malware,train
1334,buding.kaueade.dkfuva,buding.kaueade.dkfuva,2,1,Banking Malware,train
1335,com.google629.superracer237,com.google629.superracer237,2,1,Banking Malware,train
1336,,__missing_package_row_1336,2,1,Banking Malware,train
1337,com.example.logcatscanner_app,com.example.logcatscanner_app,2,1,Banking Malware,train
1338,com.sistem577.brand911,com.sistem577.brand911,2,1,Banking Malware,train
1340,com.nhhttv.kr,com.nhhttv.kr,2,1,Banking Malware,train
1343,com.dksgos.kr,com.dksgos.kr,2,1,Banking Malware,train
1344,com.sec.polooy,com.sec.polooy,2,1,Banking Malware,train
1345,,__missing_package_row_1345,2,1,Banking Malware,train
1347,pjz.cnm,pjz.cnm,2,1,Banking Malware,train
1353,,__missing_package_row_1353,2,1,Banking Malware,train
1362,com.gvvgle.sevvvce,com.gvvgle.sevvvce,2,1,Banking Malware,train
1366,com.androids.kr.kf.androids.sm.spb,com.androids.kr.kf.androids.sm.spb,2,1,Banking Malware,train
1370,xiaori01.xiaori02.view,xiaori01.xiaori02.view,2,1,Banking Malware,train
1376,com.spwebgames.blocks,com.spwebgames.blocks,2,1,Banking Malware,train
1382,streem.droid.chanss,streem.droid.chanss,2,1,Banking Malware,train
1387,,__missing_package_row_1387,2,1,Banking Malware,train
1388,,__missing_package_row_1388,2,1,Banking Malware,train
1389,,__missing_package_row_1389,2,1,Banking Malware,train
1392,com.android.dede.zert.install,com.android.dede.zert.install,2,1,Banking Malware,train
1394,haha101.haha102.view,haha101.haha102.view,2,1,Banking Malware,train
1396,com.software,com.software,2,1,Banking Malware,train
1404,com.emsmobile.epots,com.emsmobile.epots,2,1,Banking Malware,train
1409,com.kbs.tcdvo,com.kbs.tcdvo,2,1,Banking Malware,train
1412,com.player.androidflash,com.player.androidflash,2,1,Banking Malware,train
1414,com.androiddg.pgroute,com.androiddg.pgroute,2,1,Banking Malware,train
1415,exin01.exin02.view,exin01.exin02.view,2,1,Banking Malware,train
1421,wnnlib.njlacg.yewwvo,wnnlib.njlacg.yewwvo,2,1,Banking Malware,train
1422,gilrsx.jcsaiu.zufpkf,gilrsx.jcsaiu.zufpkf,2,1,Banking Malware,train
1429,com.ninepvi.shield,com.ninepvi.shield,2,1,Banking Malware,train
1431,com.game950.game520,com.game950.game520,2,1,Banking Malware,train
1434,com.sandroid.livewallpaper.holodroidinfotrial,com.sandroid.livewallpaper.holodroidinfotrial,2,1,Banking Malware,train
1447,com.mojang.minecrsddaftpe.asdDeEWgs,com.mojang.minecrsddaftpe.asdDeEWgs,2,1,Banking Malware,train
1451,,__missing_package_row_1451,2,1,Banking Malware,train
1455,hxakoi.hckoox.xefhoz,hxakoi.hckoox.xefhoz,2,1,Banking Malware,train
1460,com.android.Mzgrr,com.android.Mzgrr,2,1,Banking Malware,train
1466,pacyefr.peasced.pefaych.peualie,pacyefr.peasced.pefaych.peualie,2,1,Banking Malware,train
1467,vadi.dhuyou.dkfa,vadi.dhuyou.dkfa,2,1,Banking Malware,train
1481,com.google.goodmobile,com.google.goodmobile,2,1,Banking Malware,train
1486,,__missing_package_row_1486,2,1,Banking Malware,train
1493,com.rhchswkd.ko,com.rhchswkd.ko,2,1,Banking Malware,train
1498,com.hana.uyuyp,com.hana.uyuyp,2,1,Banking Malware,train
1504,com.dhtrjfdl.kr,com.dhtrjfdl.kr,2,1,Banking Malware,train
1505,com.wkehdck.ko,com.wkehdck.ko,2,1,Banking Malware,train
1507,me.jingqian.mix,me.jingqian.mix,2,1,Banking Malware,train
1511,com.zombie.ebola,com.zombie.ebola,2,1,Banking Malware,train
1514,,__missing_package_row_1514,2,1,Banking Malware,train
1517,com.cute.pin,com.cute.pin,2,1,Banking Malware,train
1519,ofsnk.rrjqihjijg.nsqotdcbcmz,ofsnk.rrjqihjijg.nsqotdcbcmz,2,1,Banking Malware,train
1521,com.ppp1.ppp2,com.ppp1.ppp2,2,1,Banking Malware,train
1524,com.guard.smart,com.guard.smart,2,1,Banking Malware,train
1529,zymesp.nyzdal.bbyyjp,zymesp.nyzdal.bbyyjp,2,1,Banking Malware,train
1530,com.google,com.google,2,1,Banking Malware,train
1532,gbbpjcevlwom.nropjkq.visdqi,gbbpjcevlwom.nropjkq.visdqi,2,1,Banking Malware,train
1533,com.droid.mkt,com.droid.mkt,2,1,Banking Malware,train
1538,,__missing_package_row_1538,2,1,Banking Malware,train
1539,pl.ohistsx.tvapponline,pl.ohistsx.tvapponline,2,1,Banking Malware,train
1549,com.codingcaveman.Solo,com.codingcaveman.Solo,2,1,Banking Malware,train
1550,,__missing_package_row_1550,2,1,Banking Malware,train
1551,spbj.ahfwykt.yjhtup,spbj.ahfwykt.yjhtup,2,1,Banking Malware,train
1556,,__missing_package_row_1556,2,1,Banking Malware,train
1559,com.kbnewbank,com.kbnewbank,2,1,Banking Malware,train
1560,iuakal.akekfvv.akajfa,iuakal.akekfvv.akajfa,2,1,Banking Malware,train
1562,,__missing_package_row_1562,2,1,Banking Malware,train
1564,,__missing_package_row_1564,2,1,Banking Malware,train
1566,,__missing_package_row_1566,2,1,Banking Malware,train
1573,com.xiaozhen00.xiaozhen11,com.xiaozhen00.xiaozhen11,2,1,Banking Malware,train
1574,com.xiao88,com.xiao88,2,1,Banking Malware,train
1577,com.goldorder.viabase,com.goldorder.viabase,2,1,Banking Malware,train
1579,com.qudadpz.yfeigry,com.qudadpz.yfeigry,2,1,Banking Malware,train
1586,ppxfbcx.pinmx.rjrvcculype,ppxfbcx.pinmx.rjrvcculype,2,1,Banking Malware,train
1587,,__missing_package_row_1587,2,1,Banking Malware,train
1589,,__missing_package_row_1589,2,1,Banking Malware,train
1594,com.zz.lockScreenDemo,com.zz.lockScreenDemo,2,1,Banking Malware,train
1602,,__missing_package_row_1602,2,1,Banking Malware,train
1603,com.free.powerline.batterydoctor,com.free.powerline.batterydoctor,2,1,Banking Malware,train
1606,com.BioTechnology.iClientsService4,com.BioTechnology.iClientsService4,2,1,Banking Malware,train
1611,,__missing_package_row_1611,2,1,Banking Malware,train
1623,com.battery.improve8,com.battery.improve8,2,1,Banking Malware,train
1626,com.example.pors,com.example.pors,2,1,Banking Malware,train
1632,vvxxbb.utviqi.rjmwep,vvxxbb.utviqi.rjmwep,2,1,Banking Malware,train
1633,,__missing_package_row_1633,2,1,Banking Malware,train
1635,com.android.x5a807058,com.android.x5a807058,2,1,Banking Malware,train
1637,small00.big11.view,small00.big11.view,2,1,Banking Malware,train
1651,ririni.niriri.view,ririni.niriri.view,2,1,Banking Malware,train
1652,,__missing_package_row_1652,2,1,Banking Malware,train
1654,com.andmm01.andmm02,com.andmm01.andmm02,2,1,Banking Malware,train
1660,com.yundong.plugin,com.yundong.plugin,2,1,Banking Malware,train
1665,com.kb,com.kb,2,1,Banking Malware,train
1666,com.android.tencent.zdevs.bah,com.android.tencent.zdevs.bah,2,1,Banking Malware,train
1668,com.zasSuf.fsMnkP,com.zasSuf.fsMnkP,2,1,Banking Malware,train
1672,com.droid641.android920,com.droid641.android920,2,1,Banking Malware,train
1674,com.up.net,com.up.net,2,1,Banking Malware,train
1675,com.rt.me,com.rt.me,2,1,Banking Malware,train
1676,com.orgn.bl,com.orgn.bl,2,1,Banking Malware,train
1680,com.google.game.store,com.google.game.store,2,1,Banking Malware,train
1686,sgpmosb.ghhudsqzg.mjpghjlce,sgpmosb.ghhudsqzg.mjpghjlce,2,1,Banking Malware,train
1688,,__missing_package_row_1688,2,1,Banking Malware,train
1702,,__missing_package_row_1702,2,1,Banking Malware,train
1704,tmgcbztm.mymqekuq.hrdegi,tmgcbztm.mymqekuq.hrdegi,2,1,Banking Malware,train
1709,com.Tiomiym9.Potzimm9,com.Tiomiym9.Potzimm9,2,1,Banking Malware,train
1715,com.mailbox88.mailbox99,com.mailbox88.mailbox99,2,1,Banking Malware,train
1718,com.leo.car.taichett,com.leo.car.taichett,2,1,Banking Malware,train
1721,,__missing_package_row_1721,2,1,Banking Malware,train
1722,com.google.meetaservice,com.google.meetaservice,2,1,Banking Malware,train
1723,serufbroad.vjhuqb.egaekqxvcpsu,serufbroad.vjhuqb.egaekqxvcpsu,2,1,Banking Malware,train
1725,com.wr.abc,com.wr.abc,2,1,Banking Malware,train
1728,read.challend.dorict,read.challend.dorict,2,1,Banking Malware,train
1745,zz101.zz102.view,zz101.zz102.view,2,1,Banking Malware,train
1749,com.ggg.xmatw,com.ggg.xmatw,2,1,Banking Malware,train
1750,com.delete687.delete910,com.delete687.delete910,2,1,Banking Malware,train
1752,com.maomao88.niuniu99,com.maomao88.niuniu99,2,1,Banking Malware,train
1757,,__missing_package_row_1757,2,1,Banking Malware,train
1758,oozeiu.hauvoh,oozeiu.hauvoh,2,1,Banking Malware,train
1763,uk.co.exelentia.wikipedia,uk.co.exelentia.wikipedia,2,1,Banking Malware,train
1765,,__missing_package_row_1765,2,1,Banking Malware,train
1766,com.ndar.sfm.adp2p,com.ndar.sfm.adp2p,2,1,Banking Malware,train
1767,com.BioTechnology.iClientsService42196,com.BioTechnology.iClientsService42196,2,1,Banking Malware,train
1768,,__missing_package_row_1768,2,1,Banking Malware,train
1773,com.awesome.football.play,com.awesome.football.play,2,1,Banking Malware,train
1778,aa.caq.wvw.ax.qs,aa.caq.wvw.ax.qs,2,1,Banking Malware,train
1781,,__missing_package_row_1781,2,1,Banking Malware,train
1785,,__missing_package_row_1785,2,1,Banking Malware,train
1788,com.example.adtyk3e,com.example.adtyk3e,2,1,Banking Malware,train
1792,,__missing_package_row_1792,2,1,Banking Malware,train
1793,com.example.hana,com.example.hana,2,1,Banking Malware,train
1799,dbs.hakd.cjf,dbs.hakd.cjf,2,1,Banking Malware,train
1809,,__missing_package_row_1809,2,1,Banking Malware,train
1810,exts.whats,exts.whats,2,1,Banking Malware,train
1814,test.app,test.app,2,1,Banking Malware,train
1815,ymezk.votfyo.maltest2,ymezk.votfyo.maltest2,2,1,Banking Malware,train
1822,com.orangeery.babbleharbor,com.orangeery.babbleharbor,2,1,Banking Malware,train
1823,com.kakastor,com.kakastor,2,1,Banking Malware,train
1827,com.delete687.delete910,com.delete687.delete910,2,1,Banking Malware,train
1830,com.qhwmdos.co,com.qhwmdos.co,2,1,Banking Malware,train
1832,com.pdfaccesslistserv,com.pdfaccesslistserv,2,1,Banking Malware,train
1836,com.a,com.a,2,1,Banking Malware,train
1837,com.mamamia.mamamib,com.mamamia.mamamib,2,1,Banking Malware,train
1842,com.android.marketplay.app,com.android.marketplay.app,2,1,Banking Malware,train
1845,com.markeu.android,com.markeu.android,2,1,Banking Malware,train
1846,com.mktsylayo.teyhgn,com.mktsylayo.teyhgn,2,1,Banking Malware,train
1847,,__missing_package_row_1847,2,1,Banking Malware,train
1853,efuca.giauo.kdua,efuca.giauo.kdua,2,1,Banking Malware,train
1856,kklaald.aklek.akfjalsa,kklaald.aklek.akfjalsa,2,1,Banking Malware,train
1859,ssadsdf.eoeof.akalc,ssadsdf.eoeof.akalc,2,1,Banking Malware,train
1866,vfiakd.akdfjd.akdfkda,vfiakd.akdfjd.akdfkda,2,1,Banking Malware,train
1867,guqbxzul.ppwfpcouzuj.rlicswbjbu,guqbxzul.ppwfpcouzuj.rlicswbjbu,2,1,Banking Malware,train
1869,com.a8274ba18.ac31b3236,com.a8274ba18.ac31b3236,2,1,Banking Malware,train
1874,xrsfdn.qfadap.rzdypx,xrsfdn.qfadap.rzdypx,2,1,Banking Malware,train
1878,ykdfald.kaydkfg.ahacv,ykdfald.kaydkfg.ahacv,2,1,Banking Malware,train
1879,com.xinhan.smsmanager,com.xinhan.smsmanager,2,1,Banking Malware,train
1881,com.systemsecurity6.gms,com.systemsecurity6.gms,2,1,Banking Malware,train
1882,com.way.xx,com.way.xx,2,1,Banking Malware,train
1884,wtpxfr.fnrbfp.xeiqaq,wtpxfr.fnrbfp.xeiqaq,2,1,Banking Malware,train
1887,com.kbpiyan,com.kbpiyan,2,1,Banking Malware,train
1894,,__missing_package_row_1894,2,1,Banking Malware,train
1896,,__missing_package_row_1896,2,1,Banking Malware,train
1900,,__missing_package_row_1900,2,1,Banking Malware,train
1903,,__missing_package_row_1903,2,1,Banking Malware,train
1905,com.agilebinary.phonebeagle,com.agilebinary.phonebeagle,2,1,Banking Malware,train
1907,com.mazar,com.mazar,2,1,Banking Malware,train
1908,org.zest.zoologist.zygote,org.zest.zoologist.zygote,2,1,Banking Malware,train
1912,com.wr,com.wr,2,1,Banking Malware,train
1917,com.way.xx,com.way.xx,2,1,Banking Malware,train
1919,,__missing_package_row_1919,2,1,Banking Malware,train
1921,com.venuechart.bubblehorde,com.venuechart.bubblehorde,2,1,Banking Malware,train
1923,efuca.giauo.kdua,efuca.giauo.kdua,2,1,Banking Malware,train
1926,com.ps001.ps002,com.ps001.ps002,2,1,Banking Malware,train
1927,dkak.dkfj.ckakdkfj,dkak.dkfj.ckakdkfj,2,1,Banking Malware,train
1928,com.example.diret,com.example.diret,2,1,Banking Malware,train
1930,opo11.opp22.view,opo11.opp22.view,2,1,Banking Malware,train
1931,qesuclv.mrgflohamur.bnidjkcvxb,qesuclv.mrgflohamur.bnidjkcvxb,2,1,Banking Malware,train
1936,com.tlatladl.ko,com.tlatladl.ko,2,1,Banking Malware,train
1939,,__missing_package_row_1939,2,1,Banking Malware,train
1942,ospao.dshsoco.dopso,ospao.dshsoco.dopso,2,1,Banking Malware,train
1944,com.tutu88.lvlv99,com.tutu88.lvlv99,2,1,Banking Malware,train
1949,bnp.gp.gen,bnp.gp.gen,2,1,Banking Malware,train
1951,com.tujtr.rtbrr,com.tujtr.rtbrr,2,1,Banking Malware,train
1965,com.ac.to,com.ac.to,2,1,Banking Malware,train
1966,,__missing_package_row_1966,2,1,Banking Malware,train
1967,cvfkvfovx.xgfqomtpwgb.yecieeb,cvfkvfovx.xgfqomtpwgb.yecieeb,2,1,Banking Malware,train
1968,,__missing_package_row_1968,2,1,Banking Malware,train
1971,vadkc.vfuck.akdf,vadkc.vfuck.akdf,2,1,Banking Malware,train
1972,com.heihuang.ifi1,com.heihuang.ifi1,2,1,Banking Malware,train
1973,,__missing_package_row_1973,2,1,Banking Malware,train
1975,com.mDJswaqu5.dd,com.mDJswaqu5.dd,2,1,Banking Malware,train
1980,appinventor.ai_funayamajogos.Caixa,appinventor.ai_funayamajogos.Caixa,2,1,Banking Malware,train
1981,,__missing_package_row_1981,2,1,Banking Malware,train
1983,com.nhkoshdguq9.abc,com.nhkoshdguq9.abc,2,1,Banking Malware,train
1986,com.nate01.on02,com.nate01.on02,2,1,Banking Malware,train
1990,com.nhnewbank,com.nhnewbank,2,1,Banking Malware,train
1991,help.note.view,help.note.view,2,1,Banking Malware,train
1994,com.rhtmaehcl.net,com.rhtmaehcl.net,2,1,Banking Malware,train
1995,com.knjcbsdjfvbdfv.Solo,com.knjcbsdjfvbdfv.Solo,2,1,Banking Malware,train
2001,com.android.calculator,com.android.calculator,2,1,Banking Malware,train
2006,,__missing_package_row_2006,2,1,Banking Malware,train
2009,ccab.akufya.dkdkc,ccab.akufya.dkdkc,2,1,Banking Malware,train
2010,,__missing_package_row_2010,2,1,Banking Malware,train
2013,com.android.systemsetting,com.android.systemsetting,2,1,Banking Malware,train
2014,com.motor.mouse.multiple,com.motor.mouse.multiple,2,1,Banking Malware,train
2017,lqtunf.jibkdg.prkmsr,lqtunf.jibkdg.prkmsr,2,1,Banking Malware,train
2021,,__missing_package_row_2021,2,1,Banking Malware,train
2024,com.jianshang.locl,com.jianshang.locl,2,1,Banking Malware,train
2030,vadky.amdf.akgfha,vadky.amdf.akgfha,2,1,Banking Malware,train
2031,com.faator.techxchange,com.faator.techxchange,2,1,Banking Malware,train
2032,,__missing_package_row_2032,2,1,Banking Malware,train
2034,fyddfo.wtlktu.ajiwhi,fyddfo.wtlktu.ajiwhi,2,1,Banking Malware,train
2038,,__missing_package_row_2038,2,1,Banking Malware,train
2041,wnit.nlchbuxtpw.yaxvs,wnit.nlchbuxtpw.yaxvs,2,1,Banking Malware,train
2051,,__missing_package_row_2051,2,1,Banking Malware,train
2053,com.Tiomiym9.Potzimm9,com.Tiomiym9.Potzimm9,2,1,Banking Malware,train
2056,witeel.aehwtv.iafmmv,witeel.aehwtv.iafmmv,2,1,Banking Malware,train
2062,com.adobe.flpview,com.adobe.flpview,2,1,Banking Malware,train
2064,,__missing_package_row_2064,2,1,Banking Malware,train
2072,com.xinhan,com.xinhan,2,1,Banking Malware,train
2076,es.gqjhqwm.arcadexplayarcadeemulator,es.gqjhqwm.arcadexplayarcadeemulator,2,1,Banking Malware,train
2078,com.Tiomiy7z.Potzimo7,com.Tiomiy7z.Potzimo7,2,1,Banking Malware,train
2080,p55.u7k.wb6,p55.u7k.wb6,2,1,Banking Malware,train
2083,com.mix_four.dd,com.mix_four.dd,2,1,Banking Malware,train
2086,,__missing_package_row_2086,2,1,Banking Malware,train
2088,,__missing_package_row_2088,2,1,Banking Malware,train
2090,,__missing_package_row_2090,2,1,Banking Malware,train
2091,com.wrdhdkf.net,com.wrdhdkf.net,2,1,Banking Malware,train
2095,com.ajsehf.net,com.ajsehf.net,2,1,Banking Malware,train
2100,luy.ccav.kura,luy.ccav.kura,2,1,Banking Malware,train
2106,com.BioTechnology.iClientsService,com.BioTechnology.iClientsService,2,1,Banking Malware,train
2109,luakdk.akaki.aioere,luakdk.akaki.aioere,2,1,Banking Malware,train
2110,tta.ttb.view,tta.ttb.view,2,1,Banking Malware,train
2113,,__missing_package_row_2113,2,1,Banking Malware,train
2125,,__missing_package_row_2125,2,1,Banking Malware,train
2127,bys.widgets.srihanuman,bys.widgets.srihanuman,2,1,Banking Malware,train
2131,com.pp001,com.pp001,2,1,Banking Malware,train
2137,zvy.zpfypq.bbuhtkwvaf,zvy.zpfypq.bbuhtkwvaf,2,1,Banking Malware,train
2138,com.mprotect.ihyundai,com.mprotect.ihyundai,2,1,Banking Malware,train
2140,zv.cbo.d,zv.cbo.d,2,1,Banking Malware,train
2148,com.iqeadmcuzf.jdjgl,com.iqeadmcuzf.jdjgl,2,1,Banking Malware,train
2149,aksjflak.aik.cv,aksjflak.aik.cv,2,1,Banking Malware,train
2162,,__missing_package_row_2162,2,1,Banking Malware,train
2164,com.ikedvikwdvukwsvukwsvuj,com.ikedvikwdvukwsvukwsvuj,2,1,Banking Malware,train
2165,iudkf.akdjfa.dkfjf,iudkf.akdjfa.dkfjf,2,1,Banking Malware,train
2167,com.goog.sc.android.dadbdkr.scbankapp,com.goog.sc.android.dadbdkr.scbankapp,2,1,Banking Malware,train
2169,com.kunpeng.babyting,com.kunpeng.babyting,2,1,Banking Malware,train
2170,com.oo.xx,com.oo.xx,2,1,Banking Malware,train
2171,com.bull88.bull99,com.bull88.bull99,2,1,Banking Malware,train
2172,bbn10.bbn20.view,bbn10.bbn20.view,2,1,Banking Malware,train
2178,bi.gemolay.sntareson,bi.gemolay.sntareson,2,1,Banking Malware,train
2184,tibaqi.rimhavtcfuzh.rungdiadnoj,tibaqi.rimhavtcfuzh.rungdiadnoj,2,1,Banking Malware,train
2189,com.iPhand.FirstAid,com.iPhand.FirstAid,2,1,Banking Malware,train
2200,,__missing_package_row_2200,2,1,Banking Malware,train
2207,vayhdf.akdjfg.akdfee,vayhdf.akdjfg.akdfee,2,1,Banking Malware,train
2208,,__missing_package_row_2208,2,1,Banking Malware,train
2212,com.androidl.mqmgr,com.androidl.mqmgr,2,1,Banking Malware,train
2215,com.tentcent.ckq,com.tentcent.ckq,2,1,Banking Malware,train
2217,iakmet.powajekkeh.jrpqhtz,iakmet.powajekkeh.jrpqhtz,2,1,Banking Malware,train
2220,com.shkotlsgks9.abc,com.shkotlsgks9.abc,2,1,Banking Malware,train
2233,iplay.indianmario,iplay.indianmario,2,1,Banking Malware,train
2234,guangchikuangchi.com,guangchikuangchi.com,2,1,Banking Malware,train
2236,com.android.services,com.android.services,2,1,Banking Malware,train
2239,,__missing_package_row_2239,2,1,Banking Malware,train
2244,kangzen.kangzen_v1,kangzen.kangzen_v1,2,1,Banking Malware,train
2247,com.games.asdssaj,com.games.asdssaj,2,1,Banking Malware,train
2248,vuakd.akdua.cdka,vuakd.akdua.cdka,2,1,Banking Malware,train
2249,com.xiaozhen99,com.xiaozhen99,2,1,Banking Malware,train
2257,com.BioTechnology.iClientsService46132,com.BioTechnology.iClientsService46132,2,1,Banking Malware,train
2260,com.andoid.chrm71.servic,com.andoid.chrm71.servic,2,1,Banking Malware,train
2265,,__missing_package_row_2265,2,1,Banking Malware,train
2267,com.android.avpgf.poguard,com.android.avpgf.poguard,2,1,Banking Malware,train
2269,dpgtao.tfvurk.eomhkd,dpgtao.tfvurk.eomhkd,2,1,Banking Malware,train
2272,zsz11.zsz22.view,zsz11.zsz22.view,2,1,Banking Malware,train
2287,com.police20.man30,com.police20.man30,2,1,Banking Malware,train
2290,,__missing_package_row_2290,2,1,Banking Malware,train
2291,afroggyphoto201011_3.com,afroggyphoto201011_3.com,2,1,Banking Malware,train
2292,com.shinhan.sbanking,com.shinhan.sbanking,2,1,Banking Malware,train
2296,com.androids.kr.kf.androids.sm.spb,com.androids.kr.kf.androids.sm.spb,2,1,Banking Malware,train
2299,,__missing_package_row_2299,2,1,Banking Malware,train
2300,com.digismith.azugroup,com.digismith.azugroup,2,1,Banking Malware,train
2306,dkfjd.akdifk.aaacv,dkfjd.akdifk.aaacv,2,1,Banking Malware,train
2309,com.ibk.korea.kr.androids.ibkbanking,com.ibk.korea.kr.androids.ibkbanking,2,1,Banking Malware,train
2312,com.menyrsting.Solo,com.menyrsting.Solo,2,1,Banking Malware,train
2318,com.plugin.spy,com.plugin.spy,2,1,Banking Malware,train
2321,Cai7real.mah5Lure,Cai7real.mah5Lure,2,1,Banking Malware,train
2325,com.cn.googleapp,com.cn.googleapp,2,1,Banking Malware,train
2330,rhcrv.qsrqscfp.mmbabqf,rhcrv.qsrqscfp.mmbabqf,2,1,Banking Malware,train
2333,com.mix.kr,com.mix.kr,2,1,Banking Malware,train
2337,com.nij3In.xFcecy,com.nij3In.xFcecy,2,1,Banking Malware,train
2339,com.lge.clock,com.lge.clock,2,1,Banking Malware,train
2346,wcu.onmsrbt.zrlyuhm,wcu.onmsrbt.zrlyuhm,2,1,Banking Malware,train
2349,com.japango.jp,com.japango.jp,2,1,Banking Malware,train
2354,com.tiger.nds,com.tiger.nds,2,1,Banking Malware,train
2356,com.knjcbsdjfvbdfv.Sol,com.knjcbsdjfvbdfv.Sol,2,1,Banking Malware,train
2357,,__missing_package_row_2357,2,1,Banking Malware,train
2361,com.red.tube,com.red.tube,2,1,Banking Malware,train
2370,azz.oof.aucvvgjsxswe,azz.oof.aucvvgjsxswe,2,1,Banking Malware,train
2374,com.kawadieil96,com.kawadieil96,2,1,Banking Malware,train
2375,russh.toddler.carsabcnumbers,russh.toddler.carsabcnumbers,2,1,Banking Malware,train
2379,com.aichess.rpg.lineage,com.aichess.rpg.lineage,2,1,Banking Malware,train
2385,com.yykfetkj77kkkfdaghht.Solo,com.yykfetkj77kkkfdaghht.Solo,2,1,Banking Malware,train
2389,ru.droidlab.bogrpro,ru.droidlab.bogrpro,2,1,Banking Malware,train
2392,msc.switchlib.act,msc.switchlib.act,2,1,Banking Malware,train
2395,com.exam.ro,com.exam.ro,2,1,Banking Malware,train
2397,com.tkahtkah.net,com.tkahtkah.net,2,1,Banking Malware,train
2398,com.android.post.avproguard,com.android.post.avproguard,2,1,Banking Malware,train
2400,com.zzrrdd.zzrree,com.zzrrdd.zzrree,2,1,Banking Malware,train
2403,,__missing_package_row_2403,2,1,Banking Malware,train
2408,droid.invisible,droid.invisible,2,1,Banking Malware,train
2409,com.youkaicountry.sandroid,com.youkaicountry.sandroid,2,1,Banking Malware,train
2412,,__missing_package_row_2412,2,1,Banking Malware,train
2413,,__missing_package_row_2413,2,1,Banking Malware,train
2416,com.baidu.pay2,com.baidu.pay2,2,1,Banking Malware,train
2417,qrprjp.scxrxw.upuwjg,qrprjp.scxrxw.upuwjg,2,1,Banking Malware,train
2419,,__missing_package_row_2419,2,1,Banking Malware,train
2420,com.ppk101.ppk102,com.ppk101.ppk102,2,1,Banking Malware,train
2425,com.zhffkfk.ko,com.zhffkfk.ko,2,1,Banking Malware,train
2429,zihao.QQ1365036395,zihao.QQ1365036395,2,1,Banking Malware,train
2439,uakdc.vnaid.nalde,uakdc.vnaid.nalde,2,1,Banking Malware,train
2440,com.mrken.ninjaturtlesflapy,com.mrken.ninjaturtlesflapy,2,1,Banking Malware,train
2444,,__missing_package_row_2444,2,1,Banking Malware,train
2447,com.hanabb,com.hanabb,2,1,Banking Malware,train
2448,com.xinhannewbank,com.xinhannewbank,2,1,Banking Malware,train
2449,com.shdtjfqll.kr,com.shdtjfqll.kr,2,1,Banking Malware,train
2451,vahyya.dkfuza.kdjfag,vahyya.dkfuza.kdjfag,2,1,Banking Malware,train
2452,com.adroidzscpc.penetratezb,com.adroidzscpc.penetratezb,2,1,Banking Malware,train
2455,luy.ccav.kura,luy.ccav.kura,2,1,Banking Malware,train
2456,lbdzuixkgp.aygbyf.thvnvugihed,lbdzuixkgp.aygbyf.thvnvugihed,2,1,Banking Malware,train
2457,com.choiceofgames.vampire,com.choiceofgames.vampire,2,1,Banking Malware,train
2470,,__missing_package_row_2470,2,1,Banking Malware,train
2472,com.tvone.untoenynh,com.tvone.untoenynh,2,1,Banking Malware,train
2483,com.example.keb,com.example.keb,2,1,Banking Malware,train
2484,com.xinhan,com.xinhan,2,1,Banking Malware,train
2485,com.googleplaymainview,com.googleplaymainview,2,1,Banking Malware,train
2488,liwe.wngzla.ykubt,liwe.wngzla.ykubt,2,1,Banking Malware,train
2489,com.kbtjfqll.kr,com.kbtjfqll.kr,2,1,Banking Malware,train
2495,com.shinhan.three,com.shinhan.three,2,1,Banking Malware,train
2506,,__missing_package_row_2506,2,1,Banking Malware,train
2513,com.fgol.sharkfree,com.fgol.sharkfree,2,1,Banking Malware,train
2514,,__missing_package_row_2514,2,1,Banking Malware,train
2522,com.yidian.pregnancy,com.yidian.pregnancy,2,1,Banking Malware,train
2527,com.android.admin.hongyan,com.android.admin.hongyan,2,1,Banking Malware,train
2528,com.kr.androids.kbstar.kbbankings.app,com.kr.androids.kbstar.kbbankings.app,2,1,Banking Malware,train
2529,,__missing_package_row_2529,2,1,Banking Malware,train
2533,dkfuad.kauvkad.krugka,dkfuad.kauvkad.krugka,2,1,Banking Malware,train
2535,,__missing_package_row_2535,2,1,Banking Malware,train
2537,com.wrhttv.kr,com.wrhttv.kr,2,1,Banking Malware,train
2538,,__missing_package_row_2538,2,1,Banking Malware,train
2541,com.cn.googleapp,com.cn.googleapp,2,1,Banking Malware,train
2544,com.bhagya.tictactoe,com.bhagya.tictactoe,2,1,Banking Malware,train
2545,vdia.dkfj.ggbv,vdia.dkfj.ggbv,2,1,Banking Malware,train
2549,barak.obama.badgirl,barak.obama.badgirl,2,1,Banking Malware,train
2552,com.police20.man30,com.police20.man30,2,1,Banking Malware,train
2557,com.example.hana,com.example.hana,2,1,Banking Malware,train
2560,com.kbsornrals9.abc,com.kbsornrals9.abc,2,1,Banking Malware,train
2565,exts.denmark,exts.denmark,2,1,Banking Malware,train
2567,,__missing_package_row_2567,2,1,Banking Malware,train
2571,com.andorid.chrm68.service,com.andorid.chrm68.service,2,1,Banking Malware,train
2572,,__missing_package_row_2572,2,1,Banking Malware,train
2573,,__missing_package_row_2573,2,1,Banking Malware,train
2574,com.mDJswaqu7.dd,com.mDJswaqu7.dd,2,1,Banking Malware,train
2581,org.starsizew,org.starsizew,2,1,Banking Malware,train
2584,com.bull88.bull99,com.bull88.bull99,2,1,Banking Malware,train
2585,com.mengting.Solo,com.mengting.Solo,2,1,Banking Malware,train
2594,,__missing_package_row_2594,2,1,Banking Malware,train
2602,com.systemsecurity6.gms,com.systemsecurity6.gms,2,1,Banking Malware,train
2603,,__missing_package_row_2603,2,1,Banking Malware,train
2607,,__missing_package_row_2607,2,1,Banking Malware,train
2608,yw.axg.ndffx.axsdfoo.qsxxsdfoo,yw.axg.ndffx.axsdfoo.qsxxsdfoo,2,1,Banking Malware,train
2610,,__missing_package_row_2610,2,1,Banking Malware,train
2612,org.starsizew,org.starsizew,2,1,Banking Malware,train
2614,,__missing_package_row_2614,2,1,Banking Malware,train
2616,com.qdzi.hlhoj.awzwu,com.qdzi.hlhoj.awzwu,2,1,Banking Malware,train
2623,com.kbhttv.kr,com.kbhttv.kr,2,1,Banking Malware,train
2624,phot.effects.fun.photo_editing,phot.effects.fun.photo_editing,2,1,Banking Malware,train
2626,,__missing_package_row_2626,2,1,Banking Malware,train
2630,com.zhen001.zhen002,com.zhen001.zhen002,2,1,Banking Malware,train
2634,com.herocraft.game.scrubs.freemium,com.herocraft.game.scrubs.freemium,2,1,Banking Malware,train
2638,com.mDJswaqu4.dd,com.mDJswaqu4.dd,2,1,Banking Malware,train
2639,com.msefsgting.Solo,com.msefsgting.Solo,2,1,Banking Malware,train
2641,,__missing_package_row_2641,2,1,Banking Malware,train
2645,,__missing_package_row_2645,2,1,Banking Malware,train
2646,com.EDzgPz.KwIOuS,com.EDzgPz.KwIOuS,2,1,Banking Malware,train
2651,,__missing_package_row_2651,2,1,Banking Malware,train
2657,com.trdos.cores,com.trdos.cores,2,1,Banking Malware,train
2664,com.ftt82.ftt010,com.ftt82.ftt010,2,1,Banking Malware,train
2667,,__missing_package_row_2667,2,1,Banking Malware,train
2671,net.evnzazfxq.adobeair.vmrwxddws,net.evnzazfxq.adobeair.vmrwxddws,2,1,Banking Malware,train
2673,com.games.cocos.gj,com.games.cocos.gj,2,1,Banking Malware,train
2674,com.m.android.data,com.m.android.data,2,1,Banking Malware,train
2676,,__missing_package_row_2676,2,1,Banking Malware,train
2681,com.mkjshga166,com.mkjshga166,2,1,Banking Malware,train
2683,com.sms.google,com.sms.google,2,1,Banking Malware,train
2685,exts.whats,exts.whats,2,1,Banking Malware,train
2687,cca.ccb.view,cca.ccb.view,2,1,Banking Malware,train
2688,,__missing_package_row_2688,2,1,Banking Malware,train
2692,com.android.services,com.android.services,2,1,Banking Malware,train
2693,com.adobe.flpview,com.adobe.flpview,2,1,Banking Malware,train
2715,com.wjsrlwjs.kr,com.wjsrlwjs.kr,2,1,Banking Malware,train
2724,com.ttu88.ttu99,com.ttu88.ttu99,2,1,Banking Malware,train
2726,txfntbfzwse.objinon.ilffazgzol,txfntbfzwse.objinon.ilffazgzol,2,1,Banking Malware,train
2740,com.RZStudio.iMine,com.RZStudio.iMine,2,1,Banking Malware,train
2743,,__missing_package_row_2743,2,1,Banking Malware,train
2749,metaki.dkfuga.joike,metaki.dkfuga.joike,2,1,Banking Malware,train
2751,com.google.cckun,com.google.cckun,2,1,Banking Malware,train
2756,samtrac.smartphototricks,samtrac.smartphototricks,2,1,Banking Malware,train
2761,com.android.navikey,com.android.navikey,2,1,Banking Malware,train
2762,com.azgpsfu.video,com.azgpsfu.video,2,1,Banking Malware,train
2763,,__missing_package_row_2763,2,1,Banking Malware,train
2765,,__missing_package_row_2765,2,1,Banking Malware,train
2768,com.xsdlkgtdg.mognvqo,com.xsdlkgtdg.mognvqo,2,1,Banking Malware,train
2769,,__missing_package_row_2769,2,1,Banking Malware,train
2771,,__missing_package_row_2771,2,1,Banking Malware,train
2776,com.ngoo.networks.krd.dk.kr,com.ngoo.networks.krd.dk.kr,2,1,Banking Malware,train
2778,com.ns1d.a2ar.sfm.adp2p,com.ns1d.a2ar.sfm.adp2p,2,1,Banking Malware,train
2779,,__missing_package_row_2779,2,1,Banking Malware,train
2782,com.sqli32,com.sqli32,2,1,Banking Malware,train
2785,,__missing_package_row_2785,2,1,Banking Malware,train
2789,com.vsdb2.polooy,com.vsdb2.polooy,2,1,Banking Malware,train
2794,nh.smart,nh.smart,2,1,Banking Malware,train
2795,pigu01.pigu02.view,pigu01.pigu02.view,2,1,Banking Malware,train
2796,com.android.calculator,com.android.calculator,2,1,Banking Malware,train
2798,com.google.dubest,com.google.dubest,2,1,Banking Malware,train
2800,ualvk.akdjf.gga,ualvk.akdjf.gga,2,1,Banking Malware,train
2801,com.sjems88.sjems99,com.sjems88.sjems99,2,1,Banking Malware,train
2808,vaydf.kajfgg.akdfaya,vaydf.kajfgg.akdfaya,2,1,Banking Malware,train
2831,com.appaapps.softtoyalphabet2,com.appaapps.softtoyalphabet2,2,1,Banking Malware,train
2832,com.dnei32,com.dnei32,2,1,Banking Malware,train
2834,com.pro_new.www,com.pro_new.www,2,1,Banking Malware,train
2836,com.games.cocos.ssaj,com.games.cocos.ssaj,2,1,Banking Malware,train
2843,vidk.dkald.co,vidk.dkald.co,2,1,Banking Malware,train
2849,,__missing_package_row_2849,2,1,Banking Malware,train
2851,ririni.niriri.view,ririni.niriri.view,2,1,Banking Malware,train
2856,,__missing_package_row_2856,2,1,Banking Malware,train
2858,yukda.kvuaiq.dkfjc,yukda.kvuaiq.dkfjc,2,1,Banking Malware,train
2860,,__missing_package_row_2860,2,1,Banking Malware,train
2863,bsvu.dkfj.gvss,bsvu.dkfj.gvss,2,1,Banking Malware,train
2867,,__missing_package_row_2867,2,1,Banking Malware,train
2871,com.wrtjfqll.kr,com.wrtjfqll.kr,2,1,Banking Malware,train
2874,air.com.aceviral.mutantfightingcup2.store,air.com.aceviral.mutantfightingcup2.store,2,1,Banking Malware,train
2881,com.totquf.kr,com.totquf.kr,2,1,Banking Malware,train
2886,com.tJ3t02.vxu36A,com.tJ3t02.vxu36A,2,1,Banking Malware,train
2891,com.tamim.xmodclash,com.tamim.xmodclash,2,1,Banking Malware,train
2892,avdmt.wiadf.vhad,avdmt.wiadf.vhad,2,1,Banking Malware,train
2896,com.vksafe,com.vksafe,2,1,Banking Malware,train
2902,,__missing_package_row_2902,2,1,Banking Malware,train
2909,com.incorporateapps.whipitfree,com.incorporateapps.whipitfree,2,1,Banking Malware,train
2911,com.cn.smsclient,com.cn.smsclient,2,1,Banking Malware,train
2912,njeyxfvehl.lleucgqd.hqofdr,njeyxfvehl.lleucgqd.hqofdr,2,1,Banking Malware,train
2914,,__missing_package_row_2914,2,1,Banking Malware,train
2929,com.donutgames.microbattles2,com.donutgames.microbattles2,2,1,Banking Malware,train
2931,com.android.slientinstall,com.android.slientinstall,2,1,Banking Malware,train
2932,com.androids.execpps296a,com.androids.execpps296a,2,1,Banking Malware,train
2936,com.crazystudio.mms7.imessager,com.crazystudio.mms7.imessager,2,1,Banking Malware,train
2937,,__missing_package_row_2937,2,1,Banking Malware,train
2938,com.bysczh.converter,com.bysczh.converter,2,1,Banking Malware,train
2941,ann01.ann02.view,ann01.ann02.view,2,1,Banking Malware,train
2942,com.android.tencent.zdevs.bah,com.android.tencent.zdevs.bah,2,1,Banking Malware,train
2946,com.android.security,com.android.security,2,1,Banking Malware,train
2947,pigu01.pigu02.view,pigu01.pigu02.view,2,1,Banking Malware,train
2958,com.fallentreegames.kkfsefw34fsdfdfw,com.fallentreegames.kkfsefw34fsdfdfw,2,1,Banking Malware,train
2959,com.datahopper.tinyture,com.datahopper.tinyture,2,1,Banking Malware,train
2964,crj.kdjfv.dka,crj.kdjfv.dka,2,1,Banking Malware,train
2968,eu.cbexo.measuremappro,eu.cbexo.measuremappro,2,1,Banking Malware,train
2971,icpnihffla.kuwutljix.lprwppd,icpnihffla.kuwutljix.lprwppd,2,1,Banking Malware,train
2973,com.uus01.uus02,com.uus01.uus02,2,1,Banking Malware,train
2975,dkaosp.droid.terbo,dkaosp.droid.terbo,2,1,Banking Malware,train
2979,com.tmznjgf1.dudtjsq5,com.tmznjgf1.dudtjsq5,2,1,Banking Malware,train
2980,com.clubyy.zba,com.clubyy.zba,2,1,Banking Malware,train
2982,com.ccgame.pool,com.ccgame.pool,2,1,Banking Malware,train
2985,com.mixywiqrt5.dd,com.mixywiqrt5.dd,2,1,Banking Malware,train
2988,iosdkd.iodisoe.poapdo,iosdkd.iodisoe.poapdo,2,1,Banking Malware,train
2996,com.zxly.assist,com.zxly.assist,2,1,Banking Malware,train
3008,wvknbzh.mwrpxg.qpha,wvknbzh.mwrpxg.qpha,2,1,Banking Malware,train
3009,com.mixywgoique29.dd,com.mixywgoique29.dd,2,1,Banking Malware,train
3010,naonao01.naonao02.view,naonao01.naonao02.view,2,1,Banking Malware,train
3011,com.ybrc.net,com.ybrc.net,2,1,Banking Malware,train
3014,com.mix.dd,com.mix.dd,2,1,Banking Malware,train
3018,com.baidu.pay3,com.baidu.pay3,2,1,Banking Malware,train
3021,yw.ag.nf.ax.qt,yw.ag.nf.ax.qt,2,1,Banking Malware,train
3025,,__missing_package_row_3025,2,1,Banking Malware,train
3029,com.hana.google.kr.channel.korea.app,com.hana.google.kr.channel.korea.app,2,1,Banking Malware,train
3030,,__missing_package_row_3030,2,1,Banking Malware,train
3032,saosp.tocopa.ecposc,saosp.tocopa.ecposc,2,1,Banking Malware,train
3041,com.example,com.example,2,1,Banking Malware,train
3042,auva.ybaadi.vuad,auva.ybaadi.vuad,2,1,Banking Malware,train
3043,,__missing_package_row_3043,2,1,Banking Malware,train
3047,sydychpkxqdb.vfselzotiu.mwadaftauzu,sydychpkxqdb.vfselzotiu.mwadaftauzu,2,1,Banking Malware,train
3048,com.device.system,com.device.system,2,1,Banking Malware,train
3056,com.gameloft.android.ANMP.GloftINHM,com.gameloft.android.ANMP.GloftINHM,2,1,Banking Malware,train
3058,com.dhfldhfl.kr,com.dhfldhfl.kr,2,1,Banking Malware,train
3061,,__missing_package_row_3061,2,1,Banking Malware,train
3063,uemspr.ikwygybae.thhzny,uemspr.ikwygybae.thhzny,2,1,Banking Malware,train
3064,lalgszua.zcgqtcahaeyi.ozfmybnfxz,lalgszua.zcgqtcahaeyi.ozfmybnfxz,2,1,Banking Malware,train
3065,com.shinhan.three,com.shinhan.three,2,1,Banking Malware,train
3067,test.app,test.app,2,1,Banking Malware,train
3068,com.modded.app,com.modded.app,2,1,Banking Malware,train
3073,com.dreamtown.redpackagewya,com.dreamtown.redpackagewya,2,1,Banking Malware,train
3074,,__missing_package_row_3074,2,1,Banking Malware,train
3076,ppw01.ppw02.view,ppw01.ppw02.view,2,1,Banking Malware,train
3079,,__missing_package_row_3079,2,1,Banking Malware,train
3090,liang88.liang99.view,liang88.liang99.view,2,1,Banking Malware,train
3092,,__missing_package_row_3092,2,1,Banking Malware,train
3093,com.adobe.flash,com.adobe.flash,2,1,Banking Malware,train
3094,com.example,com.example,2,1,Banking Malware,train
3095,bvuayd.akdkfhg.kakvad,bvuayd.akdkfhg.kakvad,2,1,Banking Malware,train
3099,za000.za111.view,za000.za111.view,2,1,Banking Malware,train
3100,com.camera.iphone,com.camera.iphone,2,1,Banking Malware,train
3104,,__missing_package_row_3104,2,1,Banking Malware,train
3107,com.vivaclao.syncservice,com.vivaclao.syncservice,2,1,Banking Malware,train
3108,,__missing_package_row_3108,2,1,Banking Malware,train
3111,com.shi.tcdvo,com.shi.tcdvo,2,1,Banking Malware,train
3113,com.thaipro.photowonder,com.thaipro.photowonder,2,1,Banking Malware,train
3118,unlock.blow.blowtounlockpro,unlock.blow.blowtounlockpro,2,1,Banking Malware,train
3120,,__missing_package_row_3120,2,1,Banking Malware,train
3124,,__missing_package_row_3124,2,1,Banking Malware,train
3126,com.mma.mmb,com.mma.mmb,2,1,Banking Malware,train
3127,,__missing_package_row_3127,2,1,Banking Malware,train
3134,edao.phone.ssoo,edao.phone.ssoo,2,1,Banking Malware,train
3137,vhwwrb.pcawjf.deszoq,vhwwrb.pcawjf.deszoq,2,1,Banking Malware,train
3138,quetyx.llxrkx.zsxcwd,quetyx.llxrkx.zsxcwd,2,1,Banking Malware,train
3142,vdkaufk.akdkida.chdlf,vdkaufk.akdkida.chdlf,2,1,Banking Malware,train
3143,com.zzuu,com.zzuu,2,1,Banking Malware,train
3146,com.h,com.h,2,1,Banking Malware,train
3159,com.yybergeanzhi.qinzqwang,com.yybergeanzhi.qinzqwang,2,1,Banking Malware,train
3161,kjhjh.switchlib.act,kjhjh.switchlib.act,2,1,Banking Malware,train
3162,open.droik.chans,open.droik.chans,2,1,Banking Malware,train
3164,com.vivaclao.syncservice,com.vivaclao.syncservice,2,1,Banking Malware,train
3167,,__missing_package_row_3167,2,1,Banking Malware,train
3169,com.minimonitor.blackschooner,com.minimonitor.blackschooner,2,1,Banking Malware,train
3170,com.yundong.plugin,com.yundong.plugin,2,1,Banking Malware,train
3171,,__missing_package_row_3171,2,1,Banking Malware,train
3174,com.example.testcallchange,com.example.testcallchange,2,1,Banking Malware,train
3188,com.mefsjsdekkkkkkhikuuiedgting.Solo,com.mefsjsdekkkkkkhikuuiedgting.Solo,2,1,Banking Malware,train
3189,com.anniezc.uqchprbksymxg,com.anniezc.uqchprbksymxg,2,1,Banking Malware,train
3190,net.bving.dmsnsbabpvpvoco,net.bving.dmsnsbabpvpvoco,2,1,Banking Malware,train
3191,lbdzuixkgp.aygbyf.thvnvugihed,lbdzuixkgp.aygbyf.thvnvugihed,2,1,Banking Malware,train
3192,kosp.ynqekv.swdt,kosp.ynqekv.swdt,2,1,Banking Malware,train
3194,com.abstdsb.demo,com.abstdsb.demo,2,1,Banking Malware,train
3195,com.example.ibk,com.example.ibk,2,1,Banking Malware,train
3196,kuswhy.ozvhcy.zxzcwp,kuswhy.ozvhcy.zxzcwp,2,1,Banking Malware,train
3201,yukda.kvuaiq.dkfjc,yukda.kvuaiq.dkfjc,2,1,Banking Malware,train
3210,com.furof4d.pf984fu,com.furof4d.pf984fu,2,1,Banking Malware,train
3214,com.mkjshga141,com.mkjshga141,2,1,Banking Malware,train
3215,com.tnlvkfl.net,com.tnlvkfl.net,2,1,Banking Malware,train
3218,com.games.cocos.saj,com.games.cocos.saj,2,1,Banking Malware,train
3221,com.android.systgec,com.android.systgec,2,1,Banking Malware,train
3223,,__missing_package_row_3223,2,1,Banking Malware,train
3229,org.fkl.wgk,org.fkl.wgk,2,1,Banking Malware,train
3231,com.android.work.activity,com.android.work.activity,2,1,Banking Malware,train
3238,com.sandroid.todonote,com.sandroid.todonote,2,1,Banking Malware,train
3239,com.example.bs,com.example.bs,2,1,Banking Malware,train
3240,com.paobu.tiaosheng,com.paobu.tiaosheng,2,1,Banking Malware,train
3245,,__missing_package_row_3245,2,1,Banking Malware,train
3246,hvmgthfq.razrrpzkxbf.ephmrbreek,hvmgthfq.razrrpzkxbf.ephmrbreek,2,1,Banking Malware,train
3248,dong.shiand.kakaokr.bcapc.aptor,dong.shiand.kakaokr.bcapc.aptor,2,1,Banking Malware,train
3254,com.wjsrlwjs.kr,com.wjsrlwjs.kr,2,1,Banking Malware,train
3255,com.atomharbor.brownprint,com.atomharbor.brownprint,2,1,Banking Malware,train
3258,com.andmm01.andmm02,com.andmm01.andmm02,2,1,Banking Malware,train
3264,com.nhtjfqll.kr,com.nhtjfqll.kr,2,1,Banking Malware,train
3274,com.kentapps.theselftimer,com.kentapps.theselftimer,2,1,Banking Malware,train
3281,,__missing_package_row_3281,2,1,Banking Malware,train
3285,isngyx.uboewh.fedhwk,isngyx.uboewh.fedhwk,2,1,Banking Malware,train
3292,com.google.games.stores,com.google.games.stores,2,1,Banking Malware,train
3294,com.nhdhdkf.net,com.nhdhdkf.net,2,1,Banking Malware,train
3299,com.Tiomiyk7.Potzimk7,com.Tiomiyk7.Potzimk7,2,1,Banking Malware,train
3306,vyaga.kdufad.kyakev,vyaga.kdufad.kyakev,2,1,Banking Malware,train
3307,com.sdfge.wty,com.sdfge.wty,2,1,Banking Malware,train
3308,com.cash.apc.woori.kr.android.apd,com.cash.apc.woori.kr.android.apd,2,1,Banking Malware,train
3311,,__missing_package_row_3311,2,1,Banking Malware,train
3318,com.custom.lwp.MagictouchIcecubesinwaterone,com.custom.lwp.MagictouchIcecubesinwaterone,2,1,Banking Malware,train
3319,dlki.kaiv.nzza,dlki.kaiv.nzza,2,1,Banking Malware,train
3329,com.diolatzis.piyr,com.diolatzis.piyr,2,1,Banking Malware,train
3331,com.rexsee.kkc.xsezse,com.rexsee.kkc.xsezse,2,1,Banking Malware,train
3332,com.hana.google.kr.channel.korea.app,com.hana.google.kr.channel.korea.app,2,1,Banking Malware,train
3341,com.linhongjie.com,com.linhongjie.com,2,1,Banking Malware,train
3342,tnifot.zmcrph.yefzpn,tnifot.zmcrph.yefzpn,2,1,Banking Malware,train
3343,,__missing_package_row_3343,2,1,Banking Malware,train
3345,,__missing_package_row_3345,2,1,Banking Malware,train
3347,gaa.gbb.view,gaa.gbb.view,2,1,Banking Malware,train
3349,com.android.sce.smart,com.android.sce.smart,2,1,Banking Malware,train
3371,ru.system.android,ru.system.android,3,2,SMS Malware,train
3376,com.hamedia.gamestore,com.hamedia.gamestore,3,2,SMS Malware,train
3378,com.xeetj.voouoh,com.xeetj.voouoh,3,2,SMS Malware,train
3388,xgikgppv.ceqodeg,xgikgppv.ceqodeg,3,2,SMS Malware,train
3390,eiwoqu.ueoob,eiwoqu.ueoob,3,2,SMS Malware,train
3392,ru.install.opera,ru.install.opera,3,2,SMS Malware,train
3405,com.loadfon.filer,com.loadfon.filer,3,2,SMS Malware,train
3410,com.prestigio.achros,com.prestigio.achros,3,2,SMS Malware,train
3413,nmwurmoxc.vwtavlp,nmwurmoxc.vwtavlp,3,2,SMS Malware,train
3415,wap.syst.two,wap.syst.two,3,2,SMS Malware,train
3436,com.soft.android.appinstaller,com.soft.android.appinstaller,3,2,SMS Malware,train
3441,org.zhanyao.shoushike.wvga,org.zhanyao.shoushike.wvga,3,2,SMS Malware,train
3452,com.bratolubzet.stlstart,com.bratolubzet.stlstart,3,2,SMS Malware,train
3460,pushme.android,pushme.android,3,2,SMS Malware,train
3462,com.x25.cn.AgeTool,com.x25.cn.AgeTool,3,2,SMS Malware,train
3474,ru.getcorvin.mettir,ru.getcorvin.mettir,3,2,SMS Malware,train
3477,com.software.app,com.software.app,3,2,SMS Malware,train
3478,lOlOOo.IoOlCIoCllo,lOlOOo.IoOlCIoCllo,3,2,SMS Malware,train
3488,fhvm.vnnej,fhvm.vnnej,3,2,SMS Malware,train
3493,net.mwkekdsf,net.mwkekdsf,3,2,SMS Malware,train
3507,com.software.app,com.software.app,3,2,SMS Malware,train
3508,tp5x.WGt12,tp5x.WGt12,3,2,SMS Malware,train
3513,blue.water.id20150801,blue.water.id20150801,3,2,SMS Malware,train
3517,ru.zveryatki.stado,ru.zveryatki.stado,3,2,SMS Malware,train
3522,com.software.install,com.software.install,3,2,SMS Malware,train
3550,com.soft.android.appinstaller,com.soft.android.appinstaller,3,2,SMS Malware,train
3553,ru.install.opera,ru.install.opera,3,2,SMS Malware,train
3557,com.noname.ins,com.noname.ins,3,2,SMS Malware,train
3563,jp.bravo.honda,jp.bravo.honda,3,2,SMS Malware,train
3566,com.hamedia.gamestore,com.hamedia.gamestore,3,2,SMS Malware,train
3581,ee.maestro.slaming,ee.maestro.slaming,3,2,SMS Malware,train
3584,com.kinkymobile_nl.com,com.kinkymobile_nl.com,3,2,SMS Malware,train
3586,dfjg6.Gtr6H,dfjg6.Gtr6H,3,2,SMS Malware,train
3593,software.android,software.android,3,2,SMS Malware,train
3595,com.j2h3kj2h3jk2h3.The_Adventures_of_Tintin,com.j2h3kj2h3jk2h3.The_Adventures_of_Tintin,3,2,SMS Malware,train
3601,cdfs.sy,cdfs.sy,3,2,SMS Malware,train
3605,com.android.autointernet,com.android.autointernet,3,2,SMS Malware,train
3609,com.software.chrome,com.software.chrome,3,2,SMS Malware,train
3616,jp.bravo.honda,jp.bravo.honda,3,2,SMS Malware,train
3624,com.system.update_setting,com.system.update_setting,3,2,SMS Malware,train
3626,astyu.nbhjt,astyu.nbhjt,3,2,SMS Malware,train
3634,egb45.g4gYY,egb45.g4gYY,3,2,SMS Malware,train
3643,net.mwkekdsf,net.mwkekdsf,3,2,SMS Malware,train
3646,com.viploder.install,com.viploder.install,3,2,SMS Malware,train
3650,com.software.android.install,com.software.android.install,3,2,SMS Malware,train
3656,com.satismangrooup.stlstart,com.satismangrooup.stlstart,3,2,SMS Malware,train
3660,ru.anmarket,ru.anmarket,3,2,SMS Malware,train
3674,weather.app,weather.app,3,2,SMS Malware,train
3675,tpmcpil.ytsgijs,tpmcpil.ytsgijs,3,2,SMS Malware,train
3681,com.app.installer,com.app.installer,3,2,SMS Malware,train
3684,ekdrjuhjaih.qyofplge,ekdrjuhjaih.qyofplge,3,2,SMS Malware,train
3689,wizard.mobile,wizard.mobile,3,2,SMS Malware,train
3700,de.docherka.muter,de.docherka.muter,3,2,SMS Malware,train
3712,com.example.service,com.example.service,3,2,SMS Malware,train
3726,com.reg,com.reg,3,2,SMS Malware,train
3734,com.googleplay.app,com.googleplay.app,3,2,SMS Malware,train
3735,ru.install.opera,ru.install.opera,3,2,SMS Malware,train
3742,ru.zveryatki.stado,ru.zveryatki.stado,3,2,SMS Malware,train
3754,com.software.chrome,com.software.chrome,3,2,SMS Malware,train
3757,kjplwxewy.wqpwdbfu,kjplwxewy.wqpwdbfu,3,2,SMS Malware,train
3761,com.android.apps,com.android.apps,3,2,SMS Malware,train
3762,wizard.mobile,wizard.mobile,3,2,SMS Malware,train
3763,net.android.app,net.android.app,3,2,SMS Malware,train
3768,ru.app.android,ru.app.android,3,2,SMS Malware,train
3771,ouepxayhr.efutel,ouepxayhr.efutel,3,2,SMS Malware,train
3778,com.appdroid.sexyclipcpc33444,com.appdroid.sexyclipcpc33444,3,2,SMS Malware,train
3790,kjplwxewy.wqpwdbfu,kjplwxewy.wqpwdbfu,3,2,SMS Malware,train
3794,kudgofcpa.cdddbuto,kudgofcpa.cdddbuto,3,2,SMS Malware,train
3795,bhwoctrouva.ucxrqnd,bhwoctrouva.ucxrqnd,3,2,SMS Malware,train
3807,ouepxayhr.efutel,ouepxayhr.efutel,3,2,SMS Malware,train
3813,qffhro.himfnyda,qffhro.himfnyda,3,2,SMS Malware,train
3829,com.nullsoft.active,com.nullsoft.active,3,2,SMS Malware,train
3852,org.google.app,org.google.app,3,2,SMS Malware,train
3853,pmjwjd.ijtyuoo,pmjwjd.ijtyuoo,3,2,SMS Malware,train
3855,blue.water.id20160408,blue.water.id20160408,3,2,SMS Malware,train
3858,jqwnryufwbu.qlmpjr,jqwnryufwbu.qlmpjr,3,2,SMS Malware,train
3864,egb45.g4gYY,egb45.g4gYY,3,2,SMS Malware,train
3869,astyu.nbhjt,astyu.nbhjt,3,2,SMS Malware,train
3876,com.install.droid,com.install.droid,3,2,SMS Malware,train
3877,ru.app.android,ru.app.android,3,2,SMS Malware,train
3879,com.android.app,com.android.app,3,2,SMS Malware,train
3907,com.getpay.update,com.getpay.update,3,2,SMS Malware,train
3938,mwlqythh.rwbkulojmti,mwlqythh.rwbkulojmti,3,2,SMS Malware,train
3943,pliuuphn.ljqbqntai,pliuuphn.ljqbqntai,3,2,SMS Malware,train
3953,ru.android.apps,ru.android.apps,3,2,SMS Malware,train
3962,ru.zveryatki.stado,ru.zveryatki.stado,3,2,SMS Malware,train
3969,dfjg6.Gtr6H,dfjg6.Gtr6H,3,2,SMS Malware,train
3974,com.googleapi.apps,com.googleapi.apps,3,2,SMS Malware,train
3979,mhejoqkihc.gourea,mhejoqkihc.gourea,3,2,SMS Malware,train
3983,jqwnryufwbu.qlmpjr,jqwnryufwbu.qlmpjr,3,2,SMS Malware,train
3984,ru.android.apps,ru.android.apps,3,2,SMS Malware,train
3987,ru.google.app,ru.google.app,3,2,SMS Malware,train
3988,com.satismangrooup.stlstart,com.satismangrooup.stlstart,3,2,SMS Malware,train
3996,com.googleapps.ru,com.googleapps.ru,3,2,SMS Malware,train
4002,bc.android.install,bc.android.install,3,2,SMS Malware,train
4006,gofngjvbqhl.nrhouxjbgbx,gofngjvbqhl.nrhouxjbgbx,3,2,SMS Malware,train
4012,com.nullsoft.active,com.nullsoft.active,3,2,SMS Malware,train
4023,net.android.apps,net.android.apps,3,2,SMS Malware,train
4025,com.app.bot,com.app.bot,3,2,SMS Malware,train
4030,net.mwkekdsf,net.mwkekdsf,3,2,SMS Malware,train
4056,com.depositmobi,com.depositmobi,3,2,SMS Malware,train
4063,astyu.nbhjt,astyu.nbhjt,3,2,SMS Malware,train
4069,fkjsgmjl.ceinnykas,fkjsgmjl.ceinnykas,3,2,SMS Malware,train
4084,com.soft.android.appinstaller,com.soft.android.appinstaller,3,2,SMS Malware,train
4090,com.system.update_setting,com.system.update_setting,3,2,SMS Malware,train
4091,ru.android.apps,ru.android.apps,3,2,SMS Malware,train
4127,com.android.apps,com.android.apps,3,2,SMS Malware,train
4133,pliuuphn.ljqbqntai,pliuuphn.ljqbqntai,3,2,SMS Malware,train
4134,egb45.g4gYY,egb45.g4gYY,3,2,SMS Malware,train
4136,com.Doodle_Physics.game,com.Doodle_Physics.game,3,2,SMS Malware,train
4141,lOlOOo.IoOlCIoCllo,lOlOOo.IoOlCIoCllo,3,2,SMS Malware,train
4150,com.soft.android.appinstaller,com.soft.android.appinstaller,3,2,SMS Malware,train
4152,pliuuphn.ljqbqntai,pliuuphn.ljqbqntai,3,2,SMS Malware,train
4157,qffhro.himfnyda,qffhro.himfnyda,3,2,SMS Malware,train
4162,bhwoctrouva.ucxrqnd,bhwoctrouva.ucxrqnd,3,2,SMS Malware,train
4174,com.opera.install,com.opera.install,3,2,SMS Malware,train
4188,ru.system.android,ru.system.android,3,2,SMS Malware,train
4190,com.opera.install,com.opera.install,3,2,SMS Malware,train
4197,com.googleplay.app,com.googleplay.app,3,2,SMS Malware,train
4201,jp.bravo.honda,jp.bravo.honda,3,2,SMS Malware,train
4206,com.software.application,com.software.application,3,2,SMS Malware,train
4212,com.app.installer,com.app.installer,3,2,SMS Malware,train
4214,com.manufacturatinkov.instman,com.manufacturatinkov.instman,3,2,SMS Malware,train
4228,bhwoctrouva.ucxrqnd,bhwoctrouva.ucxrqnd,3,2,SMS Malware,train
4248,fkjsgmjl.ceinnykas,fkjsgmjl.ceinnykas,3,2,SMS Malware,train
4260,net.mbpro,net.mbpro,3,2,SMS Malware,train
4262,com.google.appinstall,com.google.appinstall,3,2,SMS Malware,train
4280,software.android,software.android,3,2,SMS Malware,train
4287,tpmcpil.ytsgijs,tpmcpil.ytsgijs,3,2,SMS Malware,train
4293,org.google,org.google,3,2,SMS Malware,train
4295,com.opera.install,com.opera.install,3,2,SMS Malware,train
4298,com.googleapi.apps,com.googleapi.apps,3,2,SMS Malware,train
4300,com.nullsoft.active,com.nullsoft.active,3,2,SMS Malware,train
4302,com.volte.sms,com.volte.sms,3,2,SMS Malware,train
4310,wip.click.master,wip.click.master,3,2,SMS Malware,train
4319,bhwoctrouva.ucxrqnd,bhwoctrouva.ucxrqnd,3,2,SMS Malware,train
4328,xgikgppv.ceqodeg,xgikgppv.ceqodeg,3,2,SMS Malware,train
4339,app.apk,app.apk,3,2,SMS Malware,train
4342,com.soft.android.appinstaller,com.soft.android.appinstaller,3,2,SMS Malware,train
4344,bhwoctrouva.ucxrqnd,bhwoctrouva.ucxrqnd,3,2,SMS Malware,train
4347,mwlqythh.rwbkulojmti,mwlqythh.rwbkulojmti,3,2,SMS Malware,train
4359,com.termate,com.termate,3,2,SMS Malware,train
4365,ru.android.top,ru.android.top,3,2,SMS Malware,train
4367,rpyhwytfysl.uikbvktgwp,rpyhwytfysl.uikbvktgwp,3,2,SMS Malware,train
4376,com.google.appinstall,com.google.appinstall,3,2,SMS Malware,train
4380,jtqsawchyv.qerbfsott,jtqsawchyv.qerbfsott,3,2,SMS Malware,train
4385,com.software.chrome,com.software.chrome,3,2,SMS Malware,train
4404,com.soft.common,com.soft.common,3,2,SMS Malware,train
4409,com.soft.common,com.soft.common,3,2,SMS Malware,train
4411,com.software.application,com.software.application,3,2,SMS Malware,train
4413,ru.uvaga.sokker,ru.uvaga.sokker,3,2,SMS Malware,train
4418,ru.droid.install,ru.droid.install,3,2,SMS Malware,train
4423,ru.app.android,ru.app.android,3,2,SMS Malware,train
4427,net.os.android,net.os.android,3,2,SMS Malware,train
4430,com.satismangrooup.stlstart,com.satismangrooup.stlstart,3,2,SMS Malware,train
4431,bhwoctrouva.ucxrqnd,bhwoctrouva.ucxrqnd,3,2,SMS Malware,train
4433,com.software.marketapp,com.software.marketapp,3,2,SMS Malware,train
4437,horoscope.app,horoscope.app,3,2,SMS Malware,train
4439,com.app.downloader,com.app.downloader,3,2,SMS Malware,train
4450,jqwnryufwbu.qlmpjr,jqwnryufwbu.qlmpjr,3,2,SMS Malware,train
4460,com.googleapps.ru,com.googleapps.ru,3,2,SMS Malware,train
4464,app.apk,app.apk,3,2,SMS Malware,train
4466,com.googleapi,com.googleapi,3,2,SMS Malware,train
4479,com.manufacturatinkov.instman,com.manufacturatinkov.instman,3,2,SMS Malware,train
4511,ru.google.app,ru.google.app,3,2,SMS Malware,train
4532,com.getpay.update,com.getpay.update,3,2,SMS Malware,train
4539,mwlqythh.rwbkulojmti,mwlqythh.rwbkulojmti,3,2,SMS Malware,train
4545,mhejoqkihc.gourea,mhejoqkihc.gourea,3,2,SMS Malware,train
4547,ru.installer.droid,ru.installer.droid,3,2,SMS Malware,train
4556,ekdrjuhjaih.qyofplge,ekdrjuhjaih.qyofplge,3,2,SMS Malware,train
4564,com.android.app,com.android.app,3,2,SMS Malware,train
4575,fhvm.vnnej,fhvm.vnnej,3,2,SMS Malware,train
4578,com.getpay.update,com.getpay.update,3,2,SMS Malware,train
4581,ru.installer.droid,ru.installer.droid,3,2,SMS Malware,train
4585,ru.getcorvin.mettir,ru.getcorvin.mettir,3,2,SMS Malware,train
4591,com.alphadev.midlet.executor,com.alphadev.midlet.executor,3,2,SMS Malware,train
4597,com.app.installer,com.app.installer,3,2,SMS Malware,train
4603,com.software.marketapp,com.software.marketapp,3,2,SMS Malware,train
4610,ru.app.android,ru.app.android,3,2,SMS Malware,train
4622,xgikgppv.ceqodeg,xgikgppv.ceqodeg,3,2,SMS Malware,train
4628,jp.bravo.honda,jp.bravo.honda,3,2,SMS Malware,train
4629,online_tv.app,online_tv.app,3,2,SMS Malware,train
4639,com.opera.install,com.opera.install,3,2,SMS Malware,train
4651,com.googleapps.ru,com.googleapps.ru,3,2,SMS Malware,train
4662,jp.bravo.honda,jp.bravo.honda,3,2,SMS Malware,train
4667,mwlqythh.rwbkulojmti,mwlqythh.rwbkulojmti,3,2,SMS Malware,train
4679,xuvsrvpvuic.qpmngivtup,xuvsrvpvuic.qpmngivtup,3,2,SMS Malware,train
4683,com.google.appinstall,com.google.appinstall,3,2,SMS Malware,train
4687,tp5x.WGt12,tp5x.WGt12,3,2,SMS Malware,train
4688,com.googleapi,com.googleapi,3,2,SMS Malware,train
4692,dabmhi.nhryionafv,dabmhi.nhryionafv,3,2,SMS Malware,train
4698,com.manufacturatinkov.instman,com.manufacturatinkov.instman,3,2,SMS Malware,train
4710,com.googleapi,com.googleapi,3,2,SMS Malware,train
4713,com.android.install,com.android.install,3,2,SMS Malware,train
4721,dfjg6.Gtr6H,dfjg6.Gtr6H,3,2,SMS Malware,train
4722,com.alphadev.midlet.executor,com.alphadev.midlet.executor,3,2,SMS Malware,train
4730,com.app.downloader,com.app.downloader,3,2,SMS Malware,train
4736,tpmcpil.ytsgijs,tpmcpil.ytsgijs,3,2,SMS Malware,train
4741,software.android,software.android,3,2,SMS Malware,train
4748,com.depositmobi,com.depositmobi,3,2,SMS Malware,train
4771,net.android.app,net.android.app,3,2,SMS Malware,train
4785,net.os.android,net.os.android,3,2,SMS Malware,train
4786,ensufwosr.rokcvyfjtdp,ensufwosr.rokcvyfjtdp,3,2,SMS Malware,train
4794,com.soft.android.appinstaller,com.soft.android.appinstaller,3,2,SMS Malware,train
4796,net.android.apps,net.android.apps,3,2,SMS Malware,train
4801,fhvm.vnnej,fhvm.vnnej,3,2,SMS Malware,train
4806,com.load.wap,com.load.wap,3,2,SMS Malware,train
4830,com.android.systges,com.android.systges,3,2,SMS Malware,train
4833,lOlOOo.IoOlCIoCllo,lOlOOo.IoOlCIoCllo,3,2,SMS Malware,train
4834,ru.app.android,ru.app.android,3,2,SMS Malware,train
4849,tp5x.WGt12,tp5x.WGt12,3,2,SMS Malware,train
4854,com.android.apps,com.android.apps,3,2,SMS Malware,train
4857,org.google.app,org.google.app,3,2,SMS Malware,train
4859,software.android,software.android,3,2,SMS Malware,train
4862,pmjwjd.ijtyuoo,pmjwjd.ijtyuoo,3,2,SMS Malware,train
4870,ewqjula.vderhjmfxb,ewqjula.vderhjmfxb,3,2,SMS Malware,train
4890,com.dnd.media.app,com.dnd.media.app,3,2,SMS Malware,train
4893,com.googleplay.app,com.googleplay.app,3,2,SMS Malware,train
4907,com.software.android.install,com.software.android.install,3,2,SMS Malware,train
4908,com.dnd.media.app,com.dnd.media.app,3,2,SMS Malware,train
4912,lbjwhhtdin.veuenar,lbjwhhtdin.veuenar,3,2,SMS Malware,train
4914,jtqsawchyv.qerbfsott,jtqsawchyv.qerbfsott,3,2,SMS Malware,train
4915,com.google.app,com.google.app,3,2,SMS Malware,train
4919,software.android,software.android,3,2,SMS Malware,train
4922,ohGhonY.Wohngau,ohGhonY.Wohngau,3,2,SMS Malware,train
4925,tpmcpil.ytsgijs,tpmcpil.ytsgijs,3,2,SMS Malware,train
4927,online_tv.app,online_tv.app,3,2,SMS Malware,train
4928,com.depositmobi,com.depositmobi,3,2,SMS Malware,train
4930,com.hamedia.gamestore,com.hamedia.gamestore,3,2,SMS Malware,train
4948,wip.click.master,wip.click.master,3,2,SMS Malware,train
4957,vnpysgo.wbwkavy,vnpysgo.wbwkavy,3,2,SMS Malware,train
4959,com.software.install,com.software.install,3,2,SMS Malware,train
4960,kjplwxewy.wqpwdbfu,kjplwxewy.wqpwdbfu,3,2,SMS Malware,train
4963,aahbca.oohein.iiwea,aahbca.oohein.iiwea,3,2,SMS Malware,train
4971,kjplwxewy.wqpwdbfu,kjplwxewy.wqpwdbfu,3,2,SMS Malware,train
4974,com.nskeylab.chinesecalendar,com.nskeylab.chinesecalendar,3,2,SMS Malware,train
4978,com.google.app,com.google.app,3,2,SMS Malware,train
4981,net.os.android,net.os.android,3,2,SMS Malware,train
4983,green.stone.in20161104,green.stone.in20161104,3,2,SMS Malware,train
4987,com.software.marketapp,com.software.marketapp,3,2,SMS Malware,train
4990,lddtqrmdb.ibabjapcq,lddtqrmdb.ibabjapcq,3,2,SMS Malware,train
4996,net.mwkekdsf,net.mwkekdsf,3,2,SMS Malware,train
5014,com.software.install,com.software.install,3,2,SMS Malware,train
5016,org.google,org.google,3,2,SMS Malware,train
5028,com.example.service,com.example.service,3,2,SMS Malware,train
5046,ru.app.android,ru.app.android,3,2,SMS Malware,train
5049,ekdrjuhjaih.qyofplge,ekdrjuhjaih.qyofplge,3,2,SMS Malware,train
5050,com.googleapi,com.googleapi,3,2,SMS Malware,train
5052,ru.app.android,ru.app.android,3,2,SMS Malware,train
5054,com.android.systges,com.android.systges,3,2,SMS Malware,train
5060,net.android.apps,net.android.apps,3,2,SMS Malware,train
5063,com.software.antivirus,com.software.antivirus,3,2,SMS Malware,train
5067,fkjsgmjl.ceinnykas,fkjsgmjl.ceinnykas,3,2,SMS Malware,train
5072,com.dnd.media.app,com.dnd.media.app,3,2,SMS Malware,train
5073,com.bluedragon.sa,com.bluedragon.sa,3,2,SMS Malware,train
5077,com.soft.common,com.soft.common,3,2,SMS Malware,train
5094,org.google.app,org.google.app,3,2,SMS Malware,train
5096,mhejoqkihc.gourea,mhejoqkihc.gourea,3,2,SMS Malware,train
5098,opera_mini.app,opera_mini.app,3,2,SMS Malware,train
5122,pliuuphn.ljqbqntai,pliuuphn.ljqbqntai,3,2,SMS Malware,train
5123,com.software.chrome,com.software.chrome,3,2,SMS Malware,train
5126,software.android,software.android,3,2,SMS Malware,train
5128,midlet.com,midlet.com,3,2,SMS Malware,train
5130,midlet.com,midlet.com,3,2,SMS Malware,train
5138,org.google,org.google,3,2,SMS Malware,train
5150,ru.installer.droid,ru.installer.droid,3,2,SMS Malware,train
5155,dabmhi.nhryionafv,dabmhi.nhryionafv,3,2,SMS Malware,train
5157,mwlqythh.rwbkulojmti,mwlqythh.rwbkulojmti,3,2,SMS Malware,train
5162,com.googleapi,com.googleapi,3,2,SMS Malware,train
5167,ekdrjuhjaih.qyofplge,ekdrjuhjaih.qyofplge,3,2,SMS Malware,train
5171,com.txiykwvi.floypxu,com.txiykwvi.floypxu,3,2,SMS Malware,train
5176,aahbca.oohein.iiwea,aahbca.oohein.iiwea,3,2,SMS Malware,train
5177,com.code4mobile.android.weedfarmer,com.code4mobile.android.weedfarmer,3,2,SMS Malware,train
5179,brendsu.gamedemo,brendsu.gamedemo,3,2,SMS Malware,train
5181,com.android.app,com.android.app,3,2,SMS Malware,train
5185,nmwurmoxc.vwtavlp,nmwurmoxc.vwtavlp,3,2,SMS Malware,train
5188,com.software.marketapp,com.software.marketapp,3,2,SMS Malware,train
5198,net.downfiles,net.downfiles,3,2,SMS Malware,train
5204,jp.bravo.honda,jp.bravo.honda,3,2,SMS Malware,train
5215,org.google.app,org.google.app,3,2,SMS Malware,train
5250,eom.johndev.smitinst,eom.johndev.smitinst,3,2,SMS Malware,train
5252,lOlOOo.IoOlCIoCllo,lOlOOo.IoOlCIoCllo,3,2,SMS Malware,train
5267,jtqsawchyv.qerbfsott,jtqsawchyv.qerbfsott,3,2,SMS Malware,train
5270,com.software.app,com.software.app,3,2,SMS Malware,train
5271,com.android.app,com.android.app,3,2,SMS Malware,train
5273,com.googleapi.apps,com.googleapi.apps,3,2,SMS Malware,train
5275,com.software.app,com.software.app,3,2,SMS Malware,train
5276,com.app.PowerAMP,com.app.PowerAMP,3,2,SMS Malware,train
5297,com.convertoman.proin,com.convertoman.proin,3,2,SMS Malware,train
5298,pliuuphn.ljqbqntai,pliuuphn.ljqbqntai,3,2,SMS Malware,train
5304,com.software.marketapp,com.software.marketapp,3,2,SMS Malware,train
5305,il.co.egv,il.co.egv,3,2,SMS Malware,train
5309,ee.maestro.slaming,ee.maestro.slaming,3,2,SMS Malware,train
5310,ru.installer.droid,ru.installer.droid,3,2,SMS Malware,train
5318,eom.johndev.smitinst,eom.johndev.smitinst,3,2,SMS Malware,train
5337,astyu.nbhjt,astyu.nbhjt,3,2,SMS Malware,train
5344,ru.install.opera,ru.install.opera,3,2,SMS Malware,train
5348,com.manufacturatinkov.instman,com.manufacturatinkov.instman,3,2,SMS Malware,train
5365,jtqsawchyv.qerbfsott,jtqsawchyv.qerbfsott,3,2,SMS Malware,train
5367,com.android.systges,com.android.systges,3,2,SMS Malware,train
5369,midlet.com,midlet.com,3,2,SMS Malware,train
5376,app.apk,app.apk,3,2,SMS Malware,train
5383,org.google,org.google,3,2,SMS Malware,train
5397,com.google.app,com.google.app,3,2,SMS Malware,train
5399,app.apk,app.apk,3,2,SMS Malware,train
5415,bchtml.android.install,bchtml.android.install,3,2,SMS Malware,train
5418,com.bluedragon.sa,com.bluedragon.sa,3,2,SMS Malware,train
5420,egb45.g4gYY,egb45.g4gYY,3,2,SMS Malware,train
5422,ouepxayhr.efutel,ouepxayhr.efutel,3,2,SMS Malware,train
5424,com.nullsoft.active,com.nullsoft.active,3,2,SMS Malware,train
5426,com.google.appinstall,com.google.appinstall,3,2,SMS Malware,train
5435,jqwnryufwbu.qlmpjr,jqwnryufwbu.qlmpjr,3,2,SMS Malware,train
5438,com.software.installer,com.software.installer,3,2,SMS Malware,train
5453,com.googleapps.ru,com.googleapps.ru,3,2,SMS Malware,train
5461,blue.water.vn20151126,blue.water.vn20151126,3,2,SMS Malware,train
5464,com.convertoman.proin,com.convertoman.proin,3,2,SMS Malware,train
5472,ensufwosr.rokcvyfjtdp,ensufwosr.rokcvyfjtdp,3,2,SMS Malware,train
5473,com.example.service,com.example.service,3,2,SMS Malware,train
5477,wizard.mobile,wizard.mobile,3,2,SMS Malware,train
5484,imauyfxuhxd.qhlsrdb,imauyfxuhxd.qhlsrdb,3,2,SMS Malware,train
5486,de.docherka.muter,de.docherka.muter,3,2,SMS Malware,train
5494,com.bratolubzet.stlstart,com.bratolubzet.stlstart,3,2,SMS Malware,train
5504,ru.system.android,ru.system.android,3,2,SMS Malware,train
5512,ru.installer.droid,ru.installer.droid,3,2,SMS Malware,train
5518,com.google.app,com.google.app,3,2,SMS Malware,train
5521,net.mwkekdsf,net.mwkekdsf,3,2,SMS Malware,train
5522,vnpysgo.wbwkavy,vnpysgo.wbwkavy,3,2,SMS Malware,train
5523,jqwnryufwbu.qlmpjr,jqwnryufwbu.qlmpjr,3,2,SMS Malware,train
5529,software.android,software.android,3,2,SMS Malware,train
5539,ru.zveryatki.stado,ru.zveryatki.stado,3,2,SMS Malware,train
5548,gvvwtjh.btvamydntnm,gvvwtjh.btvamydntnm,3,2,SMS Malware,train
5552,ru.droid.install,ru.droid.install,3,2,SMS Malware,train
5554,tp5x.WGt12,tp5x.WGt12,3,2,SMS Malware,train
5559,jqwnryufwbu.qlmpjr,jqwnryufwbu.qlmpjr,3,2,SMS Malware,train
5568,ensufwosr.rokcvyfjtdp,ensufwosr.rokcvyfjtdp,3,2,SMS Malware,train
5570,roh6U.jea2Ohm,roh6U.jea2Ohm,3,2,SMS Malware,train
5572,online_tv.app,online_tv.app,3,2,SMS Malware,train
5575,fkjsgmjl.ceinnykas,fkjsgmjl.ceinnykas,3,2,SMS Malware,train
5577,com.googleapi,com.googleapi,3,2,SMS Malware,train
5587,com.depositmobi,com.depositmobi,3,2,SMS Malware,train
5589,egb45.g4gYY,egb45.g4gYY,3,2,SMS Malware,train
5592,com.google.appinstall,com.google.appinstall,3,2,SMS Malware,train
5608,ru.android.top,ru.android.top,3,2,SMS Malware,train
5613,ekdrjuhjaih.qyofplge,ekdrjuhjaih.qyofplge,3,2,SMS Malware,train
5617,com.android.apps,com.android.apps,3,2,SMS Malware,train
5626,com.satismangrooup.stlstart,com.satismangrooup.stlstart,3,2,SMS Malware,train
5628,com.android.apps,com.android.apps,3,2,SMS Malware,train
5634,blue.water.id20150801,blue.water.id20150801,3,2,SMS Malware,train
5646,fkjsgmjl.ceinnykas,fkjsgmjl.ceinnykas,3,2,SMS Malware,train
5660,com.termate,com.termate,3,2,SMS Malware,train
5666,com.nullsoft.active,com.nullsoft.active,3,2,SMS Malware,train
5669,egb45.g4gYY,egb45.g4gYY,3,2,SMS Malware,train
5671,tqnecukooty.qehawxgy,tqnecukooty.qehawxgy,3,2,SMS Malware,train
5673,ru.zveryatki.stado,ru.zveryatki.stado,3,2,SMS Malware,train
5679,com.software.chrome,com.software.chrome,3,2,SMS Malware,train
5689,jtqsawchyv.qerbfsott,jtqsawchyv.qerbfsott,3,2,SMS Malware,train
5712,com.software.app,com.software.app,3,2,SMS Malware,train
5720,app.apk,app.apk,3,2,SMS Malware,train
5723,tp5x.WGt12,tp5x.WGt12,3,2,SMS Malware,train
5724,com.bluedragon.sa,com.bluedragon.sa,3,2,SMS Malware,train
5725,ru.install.opera,ru.install.opera,3,2,SMS Malware,train
5726,com.install.droid,com.install.droid,3,2,SMS Malware,train
5730,eahit.areaot.sahea,eahit.areaot.sahea,3,2,SMS Malware,train
5747,tpmcpil.ytsgijs,tpmcpil.ytsgijs,3,2,SMS Malware,train
5752,ru.install.opera,ru.install.opera,3,2,SMS Malware,train
5753,kjplwxewy.wqpwdbfu,kjplwxewy.wqpwdbfu,3,2,SMS Malware,train
5756,com.software.installer,com.software.installer,3,2,SMS Malware,train
5766,de.docherka.muter,de.docherka.muter,3,2,SMS Malware,train
5770,opera_mini.app,opera_mini.app,3,2,SMS Malware,train
5771,net.mwkekdsf,net.mwkekdsf,3,2,SMS Malware,train
5777,net.android.apps,net.android.apps,3,2,SMS Malware,train
5780,com.android.install,com.android.install,3,2,SMS Malware,train
5786,net.android.app,net.android.app,3,2,SMS Malware,train
5791,wizard.mobile,wizard.mobile,3,2,SMS Malware,train
5798,com.bluedragon.sa,com.bluedragon.sa,3,2,SMS Malware,train
5802,com.nullsoft.active,com.nullsoft.active,3,2,SMS Malware,train
5821,xgikgppv.ceqodeg,xgikgppv.ceqodeg,3,2,SMS Malware,train
5828,com.software.android.install,com.software.android.install,3,2,SMS Malware,train
5854,tqnecukooty.qehawxgy,tqnecukooty.qehawxgy,3,2,SMS Malware,train
5858,eom.johndev.smitinst,eom.johndev.smitinst,3,2,SMS Malware,train
5861,com.software.softinstall,com.software.softinstall,3,2,SMS Malware,train
5868,com.app.downloader,com.app.downloader,3,2,SMS Malware,train
5871,com.software.install,com.software.install,3,2,SMS Malware,train
5880,ru.soft.droid,ru.soft.droid,3,2,SMS Malware,train
5882,org.google,org.google,3,2,SMS Malware,train
5883,com.opera.install,com.opera.install,3,2,SMS Malware,train
5891,com.getpay.update,com.getpay.update,3,2,SMS Malware,train
5902,solgfsuu.bevamyufi,solgfsuu.bevamyufi,3,2,SMS Malware,train
5912,com.hamedia.gamestore,com.hamedia.gamestore,3,2,SMS Malware,train
5927,lOlOOo.IoOlCIoCllo,lOlOOo.IoOlCIoCllo,3,2,SMS Malware,train
5930,com.software.install,com.software.install,3,2,SMS Malware,train
5931,eom.johndev.smitinst,eom.johndev.smitinst,3,2,SMS Malware,train
5932,tpmcpil.ytsgijs,tpmcpil.ytsgijs,3,2,SMS Malware,train
5950,com.software.application,com.software.application,3,2,SMS Malware,train
5956,com.bratolubzet.stlstart,com.bratolubzet.stlstart,3,2,SMS Malware,train
5959,com.soft.common,com.soft.common,3,2,SMS Malware,train
5961,ru.droid.app,ru.droid.app,3,2,SMS Malware,train
5971,mqojjslefrn.iluqstuseo,mqojjslefrn.iluqstuseo,3,2,SMS Malware,train
5974,dfjg6.Gtr6H,dfjg6.Gtr6H,3,2,SMS Malware,train
5976,brendsu.gamedemo,brendsu.gamedemo,3,2,SMS Malware,train
5982,mhejoqkihc.gourea,mhejoqkihc.gourea,3,2,SMS Malware,train
5984,com.android.app,com.android.app,3,2,SMS Malware,train
5988,fhvm.vnnej,fhvm.vnnej,3,2,SMS Malware,train
5992,com.termate,com.termate,3,2,SMS Malware,train
5993,lbjwhhtdin.veuenar,lbjwhhtdin.veuenar,3,2,SMS Malware,train
6001,com.opera.install,com.opera.install,3,2,SMS Malware,train
6005,dfjg6.Gtr6H,dfjg6.Gtr6H,3,2,SMS Malware,train
6010,com.convertoman.proin,com.convertoman.proin,3,2,SMS Malware,train
6013,ouepxayhr.efutel,ouepxayhr.efutel,3,2,SMS Malware,train
6020,com.depositmobi,com.depositmobi,3,2,SMS Malware,train
6027,com.android.install,com.android.install,3,2,SMS Malware,train
6031,ru.android.apps,ru.android.apps,3,2,SMS Malware,train
6032,fhvm.vnnej,fhvm.vnnej,3,2,SMS Malware,train
6038,com.convertoman.proin,com.convertoman.proin,3,2,SMS Malware,train
6041,com.googleapps.ru,com.googleapps.ru,3,2,SMS Malware,train
6049,green.stone.in20160126,green.stone.in20160126,3,2,SMS Malware,train
6056,mhejoqkihc.gourea,mhejoqkihc.gourea,3,2,SMS Malware,train
6067,tp5x.WGt12,tp5x.WGt12,3,2,SMS Malware,train
6070,com.androidinstall.client,com.androidinstall.client,3,2,SMS Malware,train
6071,com.abc001.cn,com.abc001.cn,3,2,SMS Malware,train
6084,com.bratolubzet.stlstart,com.bratolubzet.stlstart,3,2,SMS Malware,train
6099,midlet.com,midlet.com,3,2,SMS Malware,train
6101,com.satismangrooup.stlstart,com.satismangrooup.stlstart,3,2,SMS Malware,train
6109,com.google.app,com.google.app,3,2,SMS Malware,train
6117,com.app.installer,com.app.installer,3,2,SMS Malware,train
6144,ru.installer.droid,ru.installer.droid,3,2,SMS Malware,train
6145,com.software.marketapp,com.software.marketapp,3,2,SMS Malware,train
6162,com.android.app,com.android.app,3,2,SMS Malware,train
6163,eom.johndev.smitinst,eom.johndev.smitinst,3,2,SMS Malware,train
6169,solgfsuu.bevamyufi,solgfsuu.bevamyufi,3,2,SMS Malware,train
6187,fhvm.vnnej,fhvm.vnnej,3,2,SMS Malware,train
6202,eom.johndev.smitinst,eom.johndev.smitinst,3,2,SMS Malware,train
6213,midlet.com,midlet.com,3,2,SMS Malware,train
6214,com.loadfon.filer,com.loadfon.filer,3,2,SMS Malware,train
6215,com.convertoman.proin,com.convertoman.proin,3,2,SMS Malware,train
6222,ouepxayhr.efutel,ouepxayhr.efutel,3,2,SMS Malware,train
6235,com.software.install,com.software.install,3,2,SMS Malware,train
6238,mwlqythh.rwbkulojmti,mwlqythh.rwbkulojmti,3,2,SMS Malware,train
6242,xgikgppv.ceqodeg,xgikgppv.ceqodeg,3,2,SMS Malware,train
6248,aahbca.oohein.iiwea,aahbca.oohein.iiwea,3,2,SMS Malware,train
6257,com.google.app,com.google.app,3,2,SMS Malware,train
6258,com.bluedragon.sa,com.bluedragon.sa,3,2,SMS Malware,train
6259,jp.bravo.honda,jp.bravo.honda,3,2,SMS Malware,train
6260,com.viploder.install,com.viploder.install,3,2,SMS Malware,train
6276,net.android.apps,net.android.apps,3,2,SMS Malware,train
6284,com.hamedia.gamestore,com.hamedia.gamestore,3,2,SMS Malware,train
6295,com.nullsoft.prostub,com.nullsoft.prostub,3,2,SMS Malware,train
6298,net.android.app,net.android.app,3,2,SMS Malware,train
6323,net.os.android,net.os.android,3,2,SMS Malware,train
6326,com.google.app,com.google.app,3,2,SMS Malware,train
6333,de.docherka.muter,de.docherka.muter,3,2,SMS Malware,train
6342,green.stone.in20151225,green.stone.in20151225,3,2,SMS Malware,train
6351,fllpusub.nwovthu,fllpusub.nwovthu,3,2,SMS Malware,train
6354,com.software.android.install,com.software.android.install,3,2,SMS Malware,train
6366,com.hanjins123123.cn,com.hanjins123123.cn,3,2,SMS Malware,train
6372,net.os.android,net.os.android,3,2,SMS Malware,train
6378,org.google.app,org.google.app,3,2,SMS Malware,train
6383,lOlOOo.IoOlCIoCllo,lOlOOo.IoOlCIoCllo,3,2,SMS Malware,train
6392,net.android.app,net.android.app,3,2,SMS Malware,train
6404,wap.cash,wap.cash,3,2,SMS Malware,train
6405,com.bratolubzet.stlstart,com.bratolubzet.stlstart,3,2,SMS Malware,train
6421,com.noname.ins,com.noname.ins,3,2,SMS Malware,train
6424,ensufwosr.rokcvyfjtdp,ensufwosr.rokcvyfjtdp,3,2,SMS Malware,train
6427,com.googleapps.ru,com.googleapps.ru,3,2,SMS Malware,train
6429,com.software.app,com.software.app,3,2,SMS Malware,train
6440,com.operas.install,com.operas.install,3,2,SMS Malware,train
6462,com.googleapi,com.googleapi,3,2,SMS Malware,train
6466,net.android.app,net.android.app,3,2,SMS Malware,train
6467,net.os.android,net.os.android,3,2,SMS Malware,train
6487,tp5x.WGt12,tp5x.WGt12,3,2,SMS Malware,train
6490,bhwoctrouva.ucxrqnd,bhwoctrouva.ucxrqnd,3,2,SMS Malware,train
6493,rpyhwytfysl.uikbvktgwp,rpyhwytfysl.uikbvktgwp,3,2,SMS Malware,train
6494,ekdrjuhjaih.qyofplge,ekdrjuhjaih.qyofplge,3,2,SMS Malware,train
6504,com.kinkymobile_ch,com.kinkymobile_ch,3,2,SMS Malware,train
6517,com.satismangrooup.stlstart,com.satismangrooup.stlstart,3,2,SMS Malware,train
6525,jtqsawchyv.qerbfsott,jtqsawchyv.qerbfsott,3,2,SMS Malware,train
6528,app.apk,app.apk,3,2,SMS Malware,train
6531,qffhro.himfnyda,qffhro.himfnyda,3,2,SMS Malware,train
6532,ru.google.app,ru.google.app,3,2,SMS Malware,train
6538,org.google.app,org.google.app,3,2,SMS Malware,train
6547,eom.johndev.smitinst,eom.johndev.smitinst,3,2,SMS Malware,train
6548,opera_mini.app,opera_mini.app,3,2,SMS Malware,train
6550,wap.syst.two,wap.syst.two,3,2,SMS Malware,train
6553,gvvwtjh.btvamydntnm,gvvwtjh.btvamydntnm,3,2,SMS Malware,train
6559,nmwurmoxc.vwtavlp,nmwurmoxc.vwtavlp,3,2,SMS Malware,train
6563,net.android.apps,net.android.apps,3,2,SMS Malware,train
6567,mwlqythh.rwbkulojmti,mwlqythh.rwbkulojmti,3,2,SMS Malware,train
6574,com.example.service,com.example.service,3,2,SMS Malware,train
6577,net.os.android,net.os.android,3,2,SMS Malware,train
6587,com.appdroid.sexyclip12366,com.appdroid.sexyclip12366,3,2,SMS Malware,train
6588,com.app.bangclub.ru,com.app.bangclub.ru,3,2,SMS Malware,train
6598,ee.maestro.slaming,ee.maestro.slaming,3,2,SMS Malware,train
6618,com.software.android.install,com.software.android.install,3,2,SMS Malware,train
6620,xgikgppv.ceqodeg,xgikgppv.ceqodeg,3,2,SMS Malware,train
6651,iapradvvxi.fiddtwyhag,iapradvvxi.fiddtwyhag,3,2,SMS Malware,train
6655,tqnecukooty.qehawxgy,tqnecukooty.qehawxgy,3,2,SMS Malware,train
6657,okuZooN.Ahfiphs,okuZooN.Ahfiphs,3,2,SMS Malware,train
6662,mhejoqkihc.gourea,mhejoqkihc.gourea,3,2,SMS Malware,train
6666,com.tubeflic_es.com,com.tubeflic_es.com,3,2,SMS Malware,train
6670,org.google,org.google,3,2,SMS Malware,train
6673,ru.droid.install,ru.droid.install,3,2,SMS Malware,train
6674,ee.maestro.slaming,ee.maestro.slaming,3,2,SMS Malware,train
6680,com.software.app,com.software.app,3,2,SMS Malware,train
6682,blue.water.in20160118,blue.water.in20160118,3,2,SMS Malware,train
6686,fkjsgmjl.ceinnykas,fkjsgmjl.ceinnykas,3,2,SMS Malware,train
6687,de.docherka.muter,de.docherka.muter,3,2,SMS Malware,train
6688,com.pocketbunnyvids6049c.com,com.pocketbunnyvids6049c.com,3,2,SMS Malware,train
6693,com.android.downloader,com.android.downloader,3,2,SMS Malware,train
6696,com.sm002,com.sm002,3,2,SMS Malware,train
6712,com.app.downloader,com.app.downloader,3,2,SMS Malware,train
6718,com.android.downloader,com.android.downloader,3,2,SMS Malware,train
6720,com.software.marketapp,com.software.marketapp,3,2,SMS Malware,train
6732,com.software.android.install,com.software.android.install,3,2,SMS Malware,train
6733,com.termate,com.termate,3,2,SMS Malware,train
6749,com.software.application,com.software.application,3,2,SMS Malware,train
6750,mhejoqkihc.gourea,mhejoqkihc.gourea,3,2,SMS Malware,train
6754,com.manufacturatinkov.instman,com.manufacturatinkov.instman,3,2,SMS Malware,train
6759,jqwnryufwbu.qlmpjr,jqwnryufwbu.qlmpjr,3,2,SMS Malware,train
6760,com.manufacturatinkov.instman,com.manufacturatinkov.instman,3,2,SMS Malware,train
6763,gamevui113.com,gamevui113.com,3,2,SMS Malware,train
6768,com.android.app,com.android.app,3,2,SMS Malware,train
6774,xuvsrvpvuic.qpmngivtup,xuvsrvpvuic.qpmngivtup,3,2,SMS Malware,train
6777,ru.google.app,ru.google.app,3,2,SMS Malware,train
6784,ewqjula.vderhjmfxb,ewqjula.vderhjmfxb,3,2,SMS Malware,train
6803,com.app.installer,com.app.installer,3,2,SMS Malware,train
6806,com.convertoman.proin,com.convertoman.proin,3,2,SMS Malware,train
6807,com.bluedragon.sa,com.bluedragon.sa,3,2,SMS Malware,train
6808,astyu.nbhjt,astyu.nbhjt,3,2,SMS Malware,train
6811,ru.droid.install,ru.droid.install,3,2,SMS Malware,train
6822,com.android.apps,com.android.apps,3,2,SMS Malware,train
6835,com.hamedia.gamestore,com.hamedia.gamestore,3,2,SMS Malware,train
6851,com.filesjam,com.filesjam,3,2,SMS Malware,train
6854,ru.zveryatki.stado,ru.zveryatki.stado,3,2,SMS Malware,train
6861,nmwurmoxc.vwtavlp,nmwurmoxc.vwtavlp,3,2,SMS Malware,train
6862,com.software.install,com.software.install,3,2,SMS Malware,train
6863,frhfsd.siksdk.ujdsfjkfsd,frhfsd.siksdk.ujdsfjkfsd,3,2,SMS Malware,train
6867,fkjsgmjl.ceinnykas,fkjsgmjl.ceinnykas,3,2,SMS Malware,train
6869,org.google,org.google,3,2,SMS Malware,train
6875,com.software.application,com.software.application,3,2,SMS Malware,train
6877,com.termate,com.termate,3,2,SMS Malware,train
6880,ru.system.android,ru.system.android,3,2,SMS Malware,train
6890,com.system.update_setting,com.system.update_setting,3,2,SMS Malware,train
6894,astyu.nbhjt,astyu.nbhjt,3,2,SMS Malware,train
6902,ru.misha.smsbuy,ru.misha.smsbuy,3,2,SMS Malware,train
6905,kudgofcpa.cdddbuto,kudgofcpa.cdddbuto,3,2,SMS Malware,train
6907,com.onlygoodcompass.wedoourbest,com.onlygoodcompass.wedoourbest,3,2,SMS Malware,train
6910,ru.installer.droid,ru.installer.droid,3,2,SMS Malware,train
6915,pmjwjd.ijtyuoo,pmjwjd.ijtyuoo,3,2,SMS Malware,train
6916,net.android.apps,net.android.apps,3,2,SMS Malware,train
6919,kudgofcpa.cdddbuto,kudgofcpa.cdddbuto,3,2,SMS Malware,train
6927,gvvwtjh.btvamydntnm,gvvwtjh.btvamydntnm,3,2,SMS Malware,train
6929,brendsu.gamedemo,brendsu.gamedemo,3,2,SMS Malware,train
6935,fhvm.vnnej,fhvm.vnnej,3,2,SMS Malware,train
6942,wip.click.master,wip.click.master,3,2,SMS Malware,train
6948,ouepxayhr.efutel,ouepxayhr.efutel,3,2,SMS Malware,train
6949,com.bratolubzet.stlstart,com.bratolubzet.stlstart,3,2,SMS Malware,train
6956,ru.android.apps,ru.android.apps,3,2,SMS Malware,train
6961,com.termate,com.termate,3,2,SMS Malware,train
6963,com.satismangrooup.stlstart,com.satismangrooup.stlstart,3,2,SMS Malware,train
6971,green.stone.br20160829,green.stone.br20160829,3,2,SMS Malware,train
6984,com.software.installer,com.software.installer,3,2,SMS Malware,train
6998,astyu.nbhjt,astyu.nbhjt,3,2,SMS Malware,train
7004,kudgofcpa.cdddbuto,kudgofcpa.cdddbuto,3,2,SMS Malware,train
7012,com.getpay.update,com.getpay.update,3,2,SMS Malware,train
7025,ru.install.opera,ru.install.opera,3,2,SMS Malware,train
7030,com.nullsoft.active,com.nullsoft.active,3,2,SMS Malware,train
7031,ekdrjuhjaih.qyofplge,ekdrjuhjaih.qyofplge,3,2,SMS Malware,train
7035,com.opera.install,com.opera.install,3,2,SMS Malware,train
7041,ru.android.apps,ru.android.apps,3,2,SMS Malware,train
7047,com.software.application,com.software.application,3,2,SMS Malware,train
7052,ru.system.android,ru.system.android,3,2,SMS Malware,train
7058,oagcvlrff.mmheesr,oagcvlrff.mmheesr,3,2,SMS Malware,train
7060,kudgofcpa.cdddbuto,kudgofcpa.cdddbuto,3,2,SMS Malware,train
7062,wip.click.master,wip.click.master,3,2,SMS Malware,train
7066,com.googleapps.ru,com.googleapps.ru,3,2,SMS Malware,train
7068,qffhro.himfnyda,qffhro.himfnyda,3,2,SMS Malware,train
7071,dfjg6.Gtr6H,dfjg6.Gtr6H,3,2,SMS Malware,train
7074,com.soft.content,com.soft.content,3,2,SMS Malware,train
7080,ru.getcorvin.mettir,ru.getcorvin.mettir,3,2,SMS Malware,train
7084,online_tv.app,online_tv.app,3,2,SMS Malware,train
7100,gvvwtjh.btvamydntnm,gvvwtjh.btvamydntnm,3,2,SMS Malware,train
7109,com.reg,com.reg,3,2,SMS Malware,train
7125,xgikgppv.ceqodeg,xgikgppv.ceqodeg,3,2,SMS Malware,train
7145,com.example.voltz,com.example.voltz,3,2,SMS Malware,train
7167,online_tv.app,online_tv.app,3,2,SMS Malware,train
7173,ofpduju.uyftwlgitb,ofpduju.uyftwlgitb,3,2,SMS Malware,train
7178,kjplwxewy.wqpwdbfu,kjplwxewy.wqpwdbfu,3,2,SMS Malware,train
7179,midlet.com,midlet.com,3,2,SMS Malware,train
7182,online_tv.app,online_tv.app,3,2,SMS Malware,train
7183,com.dnd.media.app,com.dnd.media.app,3,2,SMS Malware,train
7193,com.opera.mini.android,com.opera.mini.android,3,2,SMS Malware,train
7197,com.depositmobi,com.depositmobi,3,2,SMS Malware,train
7205,lOlOOo.IoOlCIoCllo,lOlOOo.IoOlCIoCllo,3,2,SMS Malware,train
7207,tpmcpil.ytsgijs,tpmcpil.ytsgijs,3,2,SMS Malware,train
7208,app.apk,app.apk,3,2,SMS Malware,train
7210,com.manufacturatinkov.instman,com.manufacturatinkov.instman,3,2,SMS Malware,train
7221,pmjwjd.ijtyuoo,pmjwjd.ijtyuoo,3,2,SMS Malware,train
7226,kudgofcpa.cdddbuto,kudgofcpa.cdddbuto,3,2,SMS Malware,train
7241,com.prestigio.achros,com.prestigio.achros,3,2,SMS Malware,train
7244,com.app.bot,com.app.bot,3,2,SMS Malware,train
7259,com.kdo.obqjxr,com.kdo.obqjxr,4,3,Riskware,train
7260,com.dci.nxpzdl,com.dci.nxpzdl,4,3,Riskware,train
7262,com.ljo.ialfab,com.ljo.ialfab,4,3,Riskware,train
7264,com.sbkmi.gv.ly.qap,com.sbkmi.gv.ly.qap,4,3,Riskware,train
7270,edu.gentlewoman.credulity,edu.gentlewoman.credulity,4,3,Riskware,train
7280,com.oqy.woifja,com.oqy.woifja,4,3,Riskware,train
7283,com.rpz.smbter,com.rpz.smbter,4,3,Riskware,train
7287,com.wzry.dyscq.dgmh,com.wzry.dyscq.dgmh,4,3,Riskware,train
7289,me.paranoid.wifikill,me.paranoid.wifikill,4,3,Riskware,train
7291,com.qkv.ythcsn,com.qkv.ythcsn,4,3,Riskware,train
7300,com.ecq.kujcdh,com.ecq.kujcdh,4,3,Riskware,train
7302,com.bfmeko.dqezolxx,com.bfmeko.dqezolxx,4,3,Riskware,train
7305,twz.yygame.A090002A01,twz.yygame.A090002A01,4,3,Riskware,train
7307,edu.cvbshhokca.frozenicequeensalon,edu.cvbshhokca.frozenicequeensalon,4,3,Riskware,train
7312,com.iapp.i1452055198857,com.iapp.i1452055198857,4,3,Riskware,train
7315,yijie.shiqiwo.ncmoc,yijie.shiqiwo.ncmoc,4,3,Riskware,train
7321,com.lswd.xxx,com.lswd.xxx,4,3,Riskware,train
7324,com.dtc.iouvsk,com.dtc.iouvsk,4,3,Riskware,train
7327,com.wxn.sbhzmf,com.wxn.sbhzmf,4,3,Riskware,train
7330,com.vfz.vwtzze,com.vfz.vwtzze,4,3,Riskware,train
7331,com.mobvel.nanrdx,com.mobvel.nanrdx,4,3,Riskware,train
7343,com.yhm.hibrqe,com.yhm.hibrqe,4,3,Riskware,train
7347,com.e4a.fangji,com.e4a.fangji,4,3,Riskware,train
7349,com.bei.olsskg,com.bei.olsskg,4,3,Riskware,train
7357,com.nzv.kulvbp,com.nzv.kulvbp,4,3,Riskware,train
7364,com.fxj.kozswn,com.fxj.kozswn,4,3,Riskware,train
7366,lpvtc.gs.q,lpvtc.gs.q,4,3,Riskware,train
7367,com.mcx.mnxled,com.mcx.mnxled,4,3,Riskware,train
7376,com.tei.ircvhq,com.tei.ircvhq,4,3,Riskware,train
7380,ci.gku.kgegx.ud7a334.ed82be4f897,ci.gku.kgegx.ud7a334.ed82be4f897,4,3,Riskware,train
7384,eu.wckkyzqzwnsin.lupaimikroskop,eu.wckkyzqzwnsin.lupaimikroskop,4,3,Riskware,train
7399,com.kbdvauii.fsajwhgb,com.kbdvauii.fsajwhgb,4,3,Riskware,train
7401,com.xwv.lgbnpi,com.xwv.lgbnpi,4,3,Riskware,train
7402,com.dii.nplnjo,com.dii.nplnjo,4,3,Riskware,train
7403,mob.wu.hece.fofocuwera,mob.wu.hece.fofocuwera,4,3,Riskware,train
7405,com.qtc.rllijf,com.qtc.rllijf,4,3,Riskware,train
7412,,__missing_package_row_7412,4,3,Riskware,train
7418,com.speedsoftware.rootexplorer,com.speedsoftware.rootexplorer,4,3,Riskware,train
7423,com.yjv.muksfb,com.yjv.muksfb,4,3,Riskware,train
7424,com.geohot.towelroot,com.geohot.towelroot,4,3,Riskware,train
7427,biz.mass.popular.seeing,biz.mass.popular.seeing,4,3,Riskware,train
7428,com.xing4.mv23,com.xing4.mv23,4,3,Riskware,train
7430,edu.wejjmsaamzy.maddennflmobile,edu.wejjmsaamzy.maddennflmobile,4,3,Riskware,train
7434,daohaoxt.apk,daohaoxt.apk,4,3,Riskware,train
7439,com.bmg.fiyocp,com.bmg.fiyocp,4,3,Riskware,train
7440,com.sivo.purafe.deqafajuw,com.sivo.purafe.deqafajuw,4,3,Riskware,train
7444,com.fja.wobxdo,com.fja.wobxdo,4,3,Riskware,train
7446,com.ttsMMw42l2Y592,com.ttsMMw42l2Y592,4,3,Riskware,train
7447,com.beautyzq,com.beautyzq,4,3,Riskware,train
7448,com.yusheng520,com.yusheng520,4,3,Riskware,train
7452,com.eun.sungqo,com.eun.sungqo,4,3,Riskware,train
7454,com.nrl.hsmjav,com.nrl.hsmjav,4,3,Riskware,train
7470,,__missing_package_row_7470,4,3,Riskware,train
7473,com.esx.zoynfm,com.esx.zoynfm,4,3,Riskware,train
7479,com.ewz.iofibc,com.ewz.iofibc,4,3,Riskware,train
7480,mobi.romnpgjh.hojtkt.pgvv,mobi.romnpgjh.hojtkt.pgvv,4,3,Riskware,train
7484,com.zxm.cjxuzw,com.zxm.cjxuzw,4,3,Riskware,train
7488,co.rgmkpvj.rhkkjj.upsvinq,co.rgmkpvj.rhkkjj.upsvinq,4,3,Riskware,train
7489,com.nzl.wqmvbs,com.nzl.wqmvbs,4,3,Riskware,train
7492,com.zmtpqjy,com.zmtpqjy,4,3,Riskware,train
7496,,__missing_package_row_7496,4,3,Riskware,train
7498,com.gsn.dfyoui,com.gsn.dfyoui,4,3,Riskware,train
7499,com.yuuepravwl.casesimulator,com.yuuepravwl.casesimulator,4,3,Riskware,train
7500,com.giriiq.mtzdjwks,com.giriiq.mtzdjwks,4,3,Riskware,train
7507,com.kingroot.kinguser,com.kingroot.kinguser,4,3,Riskware,train
7515,com.vcrtjv.lqrnsnhb,com.vcrtjv.lqrnsnhb,4,3,Riskware,train
7516,net.dgsworkvckocyd.beachgirls,net.dgsworkvckocyd.beachgirls,4,3,Riskware,train
7517,nhrbpeqaa.fvbtff.ivp,nhrbpeqaa.fvbtff.ivp,4,3,Riskware,train
7518,com.qqzuans,com.qqzuans,4,3,Riskware,train
7520,com.mkx.tzhyve,com.mkx.tzhyve,4,3,Riskware,train
7523,com.stsadASSse.game.AngryBirds,com.stsadASSse.game.AngryBirds,4,3,Riskware,train
7524,com.fvm.wszmfx,com.fvm.wszmfx,4,3,Riskware,train
7526,z.exlaimikruhbu,z.exlaimikruhbu,4,3,Riskware,train
7527,com.lejgwi.pjgdbxcd,com.lejgwi.pjgdbxcd,4,3,Riskware,train
7531,com.zky.yixqtb,com.zky.yixqtb,4,3,Riskware,train
7536,com.y10TdCb9O482346wD00,com.y10TdCb9O482346wD00,4,3,Riskware,train
7538,com.nhzuguo.kilg,com.nhzuguo.kilg,4,3,Riskware,train
7543,com.muc.patax.fepefepopab,com.muc.patax.fepefepopab,4,3,Riskware,train
7546,com.cqqiyxbxms.awijbvpjmr,com.cqqiyxbxms.awijbvpjmr,4,3,Riskware,train
7554,One.qgapk.toolbox,One.qgapk.toolbox,4,3,Riskware,train
7562,com.ooedhsl.jvje.nuky,com.ooedhsl.jvje.nuky,4,3,Riskware,train
7564,eu.zjtrwngfld.subwaysurferssurf,eu.zjtrwngfld.subwaysurferssurf,4,3,Riskware,train
7565,com.lemagame4.lemagametcs4,com.lemagame4.lemagametcs4,4,3,Riskware,train
7566,com.csuvhu.ggugpupv,com.csuvhu.ggugpupv,4,3,Riskware,train
7574,com.oesnoy.rwzwhmfb,com.oesnoy.rwzwhmfb,4,3,Riskware,train
7575,com.vyn.opkccm,com.vyn.opkccm,4,3,Riskware,train
7581,com.nwopakdj.qpoieop,com.nwopakdj.qpoieop,4,3,Riskware,train
7586,s.leng.mm,s.leng.mm,4,3,Riskware,train
7593,com.ispklx.fttx.saheqy,com.ispklx.fttx.saheqy,4,3,Riskware,train
7598,com.oiuyul.zrwfproy,com.oiuyul.zrwfproy,4,3,Riskware,train
7603,com.lsn.gmjqbk,com.lsn.gmjqbk,4,3,Riskware,train
7612,info.xcjtbvbtbshbs.samanthasaintjigsawpuzzle,info.xcjtbvbtbshbs.samanthasaintjigsawpuzzle,4,3,Riskware,train
7613,com.polish.raging,com.polish.raging,4,3,Riskware,train
7616,swush.zashiuum.catapumpum.chang,swush.zashiuum.catapumpum.chang,4,3,Riskware,train
7619,edu.psfzlqnapbu.subwaysurfersparapc,edu.psfzlqnapbu.subwaysurfersparapc,4,3,Riskware,train
7631,com.avtysx.olyvvgbx,com.avtysx.olyvvgbx,4,3,Riskware,train
7633,com.nbn.fbejzh,com.nbn.fbejzh,4,3,Riskware,train
7634,,__missing_package_row_7634,4,3,Riskware,train
7636,org.pusu.gemac.micanajis,org.pusu.gemac.micanajis,4,3,Riskware,train
7637,com.lema.lematcs2112,com.lema.lematcs2112,4,3,Riskware,train
7647,com.ixk.wjlokz,com.ixk.wjlokz,4,3,Riskware,train
7651,com.zey.zyuvkc,com.zey.zyuvkc,4,3,Riskware,train
7655,com.guolingzd.xycall,com.guolingzd.xycall,4,3,Riskware,train
7659,com.anzhi.jugtaadewfvregcfgrhtdwfwjytkfwwfwg,com.anzhi.jugtaadewfvregcfgrhtdwfwjytkfwwfwg,4,3,Riskware,train
7664,com.acheng,com.acheng,4,3,Riskware,train
7668,com.iapp.hongbao,com.iapp.hongbao,4,3,Riskware,train
7675,bkmdrin.azt.xxsfuo.uudjdwuh,bkmdrin.azt.xxsfuo.uudjdwuh,4,3,Riskware,train
7680,com.lmg.ewrpf1,com.lmg.ewrpf1,4,3,Riskware,train
7684,com.dfo.pyjgip,com.dfo.pyjgip,4,3,Riskware,train
7685,com.ffffkkksao.saofuc,com.ffffkkksao.saofuc,4,3,Riskware,train
7688,com.lanyanbiaobai.app,com.lanyanbiaobai.app,4,3,Riskware,train
7696,eu.qmtpnhowukq.yudukd,eu.qmtpnhowukq.yudukd,4,3,Riskware,train
7697,asia.rhmgph.jthqkh.jupsvunr,asia.rhmgph.jthqkh.jupsvunr,4,3,Riskware,train
7698,com.naturalmotion.csrracing,com.naturalmotion.csrracing,4,3,Riskware,train
7704,com.sad.instance.save.plate.score,com.sad.instance.save.plate.score,4,3,Riskware,train
7706,com.egy.gggapc,com.egy.gggapc,4,3,Riskware,train
7707,edu.dxeawajtvjwxw.zombiereaperzombiegame,edu.dxeawajtvjwxw.zombiereaperzombiegame,4,3,Riskware,train
7710,com.beu.songtu,com.beu.songtu,4,3,Riskware,train
7719,com.nsy.emsiif,com.nsy.emsiif,4,3,Riskware,train
7725,,__missing_package_row_7725,4,3,Riskware,train
7728,com.gki.mtvgbe,com.gki.mtvgbe,4,3,Riskware,train
7731,com.bjm.rzzjiw,com.bjm.rzzjiw,4,3,Riskware,train
7736,com.qhb.bzuxoi,com.qhb.bzuxoi,4,3,Riskware,train
7740,org.vsimply.ezcontact.backmeup,org.vsimply.ezcontact.backmeup,4,3,Riskware,train
7745,com.fanzhuan,com.fanzhuan,4,3,Riskware,train
7753,com.wmv.rmjrha,com.wmv.rmjrha,4,3,Riskware,train
7758,vdyz.gfndfom.plhswp,vdyz.gfndfom.plhswp,4,3,Riskware,train
7759,com.gvc.dfjvhs,com.gvc.dfjvhs,4,3,Riskware,train
7760,com.burin.orkdn,com.burin.orkdn,4,3,Riskware,train
7761,com.pex.lrdslq,com.pex.lrdslq,4,3,Riskware,train
7764,com.uma.popstart.haiyou,com.uma.popstart.haiyou,4,3,Riskware,train
7765,com.meiriyougou.cn,com.meiriyougou.cn,4,3,Riskware,train
7769,com.GloryofSkin2,com.GloryofSkin2,4,3,Riskware,train
7770,com.wpc.piipbh,com.wpc.piipbh,4,3,Riskware,train
7771,cn.net.tencet.qq.weixin.org,cn.net.tencet.qq.weixin.org,4,3,Riskware,train
7772,info.pwzsvzszmgijhq.drawsomething,info.pwzsvzszmgijhq.drawsomething,4,3,Riskware,train
7773,com.xnhfza.qjwzsjbt,com.xnhfza.qjwzsjbt,4,3,Riskware,train
7776,com.wsm.lazkqf,com.wsm.lazkqf,4,3,Riskware,train
7783,com.lnxzscq,com.lnxzscq,4,3,Riskware,train
7791,tfcshgfja.bvwadtwlm.nvzzciqva,tfcshgfja.bvwadtwlm.nvzzciqva,4,3,Riskware,train
7792,com.yke.uzpxpe,com.yke.uzpxpe,4,3,Riskware,train
7795,com.sonoc.janome.wormix,com.sonoc.janome.wormix,4,3,Riskware,train
7796,com.upn.laellx,com.upn.laellx,4,3,Riskware,train
7803,com.qit.qaketu.patucacax,com.qit.qaketu.patucacax,4,3,Riskware,train
7809,euia.dcbr.azkv.quzmv,euia.dcbr.azkv.quzmv,4,3,Riskware,train
7810,com.runtastic.android.heartrate.pro,com.runtastic.android.heartrate.pro,4,3,Riskware,train
7815,info.hkyaybtlpgd.tocanature,info.hkyaybtlpgd.tocanature,4,3,Riskware,train
7821,com.closely.score.lunch.whatever.germany.clock,com.closely.score.lunch.whatever.germany.clock,4,3,Riskware,train
7830,com.ko.quri.genaqeburi,com.ko.quri.genaqeburi,4,3,Riskware,train
7833,com.android.xq.noiconads,com.android.xq.noiconads,4,3,Riskware,train
7837,xsld.mbb.iyqwnz.klooxnpx,xsld.mbb.iyqwnz.klooxnpx,4,3,Riskware,train
7841,com.huihu.multplugin00,com.huihu.multplugin00,4,3,Riskware,train
7843,com.bfbrmzyx.gydhnaif,com.bfbrmzyx.gydhnaif,4,3,Riskware,train
7846,com.skymobi.moposns8avj,com.skymobi.moposns8avj,4,3,Riskware,train
7847,com.def.ezboys,com.def.ezboys,4,3,Riskware,train
7848,com.ojw.lhraro,com.ojw.lhraro,4,3,Riskware,train
7849,com.zfo.zrbyke,com.zfo.zrbyke,4,3,Riskware,train
7864,info.enbslthhjum.pocketinveditor,info.enbslthhjum.pocketinveditor,4,3,Riskware,train
7865,com.gho.udzzev,com.gho.udzzev,4,3,Riskware,train
7877,com.ffj.iistsz,com.ffj.iistsz,4,3,Riskware,train
7878,com.whoso.cheerful.loose,com.whoso.cheerful.loose,4,3,Riskware,train
7881,com.ivnpsldlkl.chhotabheemhimalayangame,com.ivnpsldlkl.chhotabheemhimalayangame,4,3,Riskware,train
7887,xknf.corm.zcqt,xknf.corm.zcqt,4,3,Riskware,train
7889,com.enu.poshxq,com.enu.poshxq,4,3,Riskware,train
7892,xsld.mbb.snbgru.osbfibnb,xsld.mbb.snbgru.osbfibnb,4,3,Riskware,train
7893,cd.gofxnzuutmpqqayjptb,cd.gofxnzuutmpqqayjptb,4,3,Riskware,train
7897,,__missing_package_row_7897,4,3,Riskware,train
7900,,__missing_package_row_7900,4,3,Riskware,train
7904,com.bol.ktzddo,com.bol.ktzddo,4,3,Riskware,train
7913,com.dgn.iewbme,com.dgn.iewbme,4,3,Riskware,train
7914,uAv.pcwYjwf.dg.JXLZ,uAv.pcwYjwf.dg.JXLZ,4,3,Riskware,train
7919,edu.alkillj.elmscantoyota,edu.alkillj.elmscantoyota,4,3,Riskware,train
7921,dfje.aoz.nvnk.asadr,dfje.aoz.nvnk.asadr,4,3,Riskware,train
7924,com.fca.wrovdp,com.fca.wrovdp,4,3,Riskware,train
7931,com.min.yqvbeg,com.min.yqvbeg,4,3,Riskware,train
7935,biz.zainanbuffet.jlebfw,biz.zainanbuffet.jlebfw,4,3,Riskware,train
7942,org.cool.test,org.cool.test,4,3,Riskware,train
7955,com.service.usbhelper,com.service.usbhelper,4,3,Riskware,train
7956,com.aaq.marosf,com.aaq.marosf,4,3,Riskware,train
7962,com.xhuo.xey09,com.xhuo.xey09,4,3,Riskware,train
7965,ua.lrdprtr.ityna.wee05928f04989.h9b9,ua.lrdprtr.ityna.wee05928f04989.h9b9,4,3,Riskware,train
7969,riqha.bnv.bkqzsdf,riqha.bnv.bkqzsdf,4,3,Riskware,train
7971,com.fqy.nalwbp,com.fqy.nalwbp,4,3,Riskware,train
7975,twz.yygame.A090009A02,twz.yygame.A090009A02,4,3,Riskware,train
7983,info.xoefvvkpzduw.betternetunlimitedfreevpn,info.xoefvvkpzduw.betternetunlimitedfreevpn,4,3,Riskware,train
7985,com.wnz.hzapuo,com.wnz.hzapuo,4,3,Riskware,train
7992,uahj.eyibbfx.jmdrjhpv.rbdnhh,uahj.eyibbfx.jmdrjhpv.rbdnhh,4,3,Riskware,train
7998,xxx.stench.Dec,xxx.stench.Dec,4,3,Riskware,train
8001,com.vlu.shtkte,com.vlu.shtkte,4,3,Riskware,train
8003,com.jefpvd.mnmdhwlo,com.jefpvd.mnmdhwlo,4,3,Riskware,train
8010,gwywse.zoei.buajw,gwywse.zoei.buajw,4,3,Riskware,train
8018,com.C45BHF8161N844180PG,com.C45BHF8161N844180PG,4,3,Riskware,train
8026,com.abj.fbfzfp,com.abj.fbfzfp,4,3,Riskware,train
8032,com.pho.dbgzik,com.pho.dbgzik,4,3,Riskware,train
8036,com.leq.sujo.moy.govoryashiytom,com.leq.sujo.moy.govoryashiytom,4,3,Riskware,train
8045,biz.efegeb.eeekejdleiegeh,biz.efegeb.eeekejdleiegeh,4,3,Riskware,train
8052,net.lybgezqbnz.griffinsimulator,net.lybgezqbnz.griffinsimulator,4,3,Riskware,train
8053,com.brnid.bntidd,com.brnid.bntidd,4,3,Riskware,train
8059,com.rhm.oopjyh,com.rhm.oopjyh,4,3,Riskware,train
8066,com.xee.nzdmdn,com.xee.nzdmdn,4,3,Riskware,train
8076,com.aas.oqskbl,com.aas.oqskbl,4,3,Riskware,train
8080,com.seeing.instance.railroad.fence.smooth.newspaper,com.seeing.instance.railroad.fence.smooth.newspaper,4,3,Riskware,train
8083,air.ve.mamato.supenaka,air.ve.mamato.supenaka,4,3,Riskware,train
8084,com.uy6xt.zxiu,com.uy6xt.zxiu,4,3,Riskware,train
8085,se.laetus.lwp.bobs,se.laetus.lwp.bobs,4,3,Riskware,train
8089,zwreryrcnnuxlsq.qdqimatsjczfxbywyqaq,zwreryrcnnuxlsq.qdqimatsjczfxbywyqaq,4,3,Riskware,train
8101,,__missing_package_row_8101,4,3,Riskware,train
8102,com.vanduc.thiendiaquyet,com.vanduc.thiendiaquyet,4,3,Riskware,train
8118,com.oqx.pqzqem,com.oqx.pqzqem,4,3,Riskware,train
8119,com.YVO.Q9f2,com.YVO.Q9f2,4,3,Riskware,train
8122,com.fanwei,com.fanwei,4,3,Riskware,train
8123,com.pzk.dvxmgt,com.pzk.dvxmgt,4,3,Riskware,train
8128,zhuangbishenqi.com,zhuangbishenqi.com,4,3,Riskware,train
8129,com.hpb.uqyvun,com.hpb.uqyvun,4,3,Riskware,train
8131,com.lema.lematcs2107,com.lema.lematcs2107,4,3,Riskware,train
8132,com.dsb.knkift,com.dsb.knkift,4,3,Riskware,train
8135,com.safquq.nkmmuroe,com.safquq.nkmmuroe,4,3,Riskware,train
8142,com.pretty.white.cd,com.pretty.white.cd,4,3,Riskware,train
8143,com.peco.qepek.wokaban,com.peco.qepek.wokaban,4,3,Riskware,train
8147,com.iapp.i4,com.iapp.i4,4,3,Riskware,train
8155,xsld.mbb.gnqvnk.bactvjja,xsld.mbb.gnqvnk.bactvjja,4,3,Riskware,train
8156,biz.odmhscajab.theshadowsun,biz.odmhscajab.theshadowsun,4,3,Riskware,train
8159,org.exp.test,org.exp.test,4,3,Riskware,train
8165,com.iaxbpsvr.bernlbvr,com.iaxbpsvr.bernlbvr,4,3,Riskware,train
8168,com.example.smslister,com.example.smslister,4,3,Riskware,train
8169,com.ooiio.oinlib,com.ooiio.oinlib,4,3,Riskware,train
8173,com.yik.kamhvd,com.yik.kamhvd,4,3,Riskware,train
8174,com.ooedvcf.zmgv.ztwe,com.ooedvcf.zmgv.ztwe,4,3,Riskware,train
8180,fl.fumble,fl.fumble,4,3,Riskware,train
8192,gRu.PvMZwHoZWExxX,gRu.PvMZwHoZWExxX,4,3,Riskware,train
8197,com.tpw.qhfuwp,com.tpw.qhfuwp,4,3,Riskware,train
8198,com.guao,com.guao,4,3,Riskware,train
8201,,__missing_package_row_8201,4,3,Riskware,train
8203,com.czf.ktlumc,com.czf.ktlumc,4,3,Riskware,train
8206,com.Ay.webapp,com.Ay.webapp,4,3,Riskware,train
8209,,__missing_package_row_8209,4,3,Riskware,train
8212,com.ewt.rlahpr,com.ewt.rlahpr,4,3,Riskware,train
8216,android.skp.new21,android.skp.new21,4,3,Riskware,train
8218,com.nub.odorkb,com.nub.odorkb,4,3,Riskware,train
8220,xjtqwgfiqljhliuki.advfsmbhxw,xjtqwgfiqljhliuki.advfsmbhxw,4,3,Riskware,train
8227,org.cocos2dx.MeiNvSp.uigrf,org.cocos2dx.MeiNvSp.uigrf,4,3,Riskware,train
8229,com.sxniprfe.znudepxl,com.sxniprfe.znudepxl,4,3,Riskware,train
8230,com.ilbypx.jnkgpwcl,com.ilbypx.jnkgpwcl,4,3,Riskware,train
8232,com.tdw.sagrmv,com.tdw.sagrmv,4,3,Riskware,train
8234,com.uzg.cgiglh,com.uzg.cgiglh,4,3,Riskware,train
8249,com.jcfpyv.jughuntz,com.jcfpyv.jughuntz,4,3,Riskware,train
8252,info.rvtxaqklnoody.subwaysurfersreallife,info.rvtxaqklnoody.subwaysurfersreallife,4,3,Riskware,train
8255,com.kfj.geljxv,com.kfj.geljxv,4,3,Riskware,train
8256,com.kive.dosabo.ramepa,com.kive.dosabo.ramepa,4,3,Riskware,train
8259,,__missing_package_row_8259,4,3,Riskware,train
8265,com.nih.myfdow,com.nih.myfdow,4,3,Riskware,train
8266,org.txdgzightwigwf.vnedorozhniksimuliator,org.txdgzightwigwf.vnedorozhniksimuliator,4,3,Riskware,train
8283,com.droid.rbx.kits,com.droid.rbx.kits,4,3,Riskware,train
8285,dilashama.silaisilao.nijibolan,dilashama.silaisilao.nijibolan,4,3,Riskware,train
8295,com.ktm.covsim,com.ktm.covsim,4,3,Riskware,train
8299,com.zzc.gukbho,com.zzc.gukbho,4,3,Riskware,train
8302,edu.ypjzfqtopft.sexsextersextinganimated,edu.ypjzfqtopft.sexsextersextinganimated,4,3,Riskware,train
8306,org.zpoakfsosu.fifaxboxfreeboot,org.zpoakfsosu.fifaxboxfreeboot,4,3,Riskware,train
8309,info.powerful.lake.grain.dangerous.ann,info.powerful.lake.grain.dangerous.ann,4,3,Riskware,train
8312,mu.czts.zjrkdxmproozylp.ha085f07b339a76.ie7,mu.czts.zjrkdxmproozylp.ha085f07b339a76.ie7,4,3,Riskware,train
8314,com.rfpqyy.lbvfabis,com.rfpqyy.lbvfabis,4,3,Riskware,train
8315,com.zuzqmj.sqzayxfy,com.zuzqmj.sqzayxfy,4,3,Riskware,train
8319,com.yxm.wyrgzb,com.yxm.wyrgzb,4,3,Riskware,train
8320,com.bowi.kaqot.nfs.nolimits,com.bowi.kaqot.nfs.nolimits,4,3,Riskware,train
8325,uk.vpnfo.twilightprounlock,uk.vpnfo.twilightprounlock,4,3,Riskware,train
8333,com.rqq.lnqzpb,com.rqq.lnqzpb,4,3,Riskware,train
8339,cn.mje.wgws.lc,cn.mje.wgws.lc,4,3,Riskware,train
8347,com.android.henbox,com.android.henbox,4,3,Riskware,train
8350,com.scsfdx.mdxofvpj,com.scsfdx.mdxofvpj,4,3,Riskware,train
8353,com.senty.android.babystory,com.senty.android.babystory,4,3,Riskware,train
8374,com.ikt.eurdmk,com.ikt.eurdmk,4,3,Riskware,train
8378,com.fqhx.by,com.fqhx.by,4,3,Riskware,train
8381,com.zimperium.zanti,com.zimperium.zanti,4,3,Riskware,train
8382,com.qq.tjkj,com.qq.tjkj,4,3,Riskware,train
8405,com.git.rcrhsk,com.git.rcrhsk,4,3,Riskware,train
8412,com.vpz.kjsuns,com.vpz.kjsuns,4,3,Riskware,train
8421,com.ihr.gghnrh,com.ihr.gghnrh,4,3,Riskware,train
8424,vrnyl.qeykn.gxluh,vrnyl.qeykn.gxluh,4,3,Riskware,train
8427,com.powerful.sail.nearby,com.powerful.sail.nearby,4,3,Riskware,train
8428,psg.nll.ehnpwg.iwwfflya,psg.nll.ehnpwg.iwwfflya,4,3,Riskware,train
8429,com.uau.oiwtmx,com.uau.oiwtmx,4,3,Riskware,train
8431,com.zmg.crazy,com.zmg.crazy,4,3,Riskware,train
8432,com.laq.wremkt,com.laq.wremkt,4,3,Riskware,train
8434,com.ccfdfvf.dgvfvdaw,com.ccfdfvf.dgvfvdaw,4,3,Riskware,train
8439,mbjotoldwdcu.qlaivj.aemfwzfi.fwzggnauzdr.glk,mbjotoldwdcu.qlaivj.aemfwzfi.fwzggnauzdr.glk,4,3,Riskware,train
8442,org.cocos2dx.MeiNvSp.uytvg,org.cocos2dx.MeiNvSp.uytvg,4,3,Riskware,train
8445,com.nty.inzjdq,com.nty.inzjdq,4,3,Riskware,train
8446,com.urg.gmkwcc,com.urg.gmkwcc,4,3,Riskware,train
8449,com.olt.rlonlf,com.olt.rlonlf,4,3,Riskware,train
8454,com.xaunjh.dieformetal,com.xaunjh.dieformetal,4,3,Riskware,train
8456,com.q89v.imbp,com.q89v.imbp,4,3,Riskware,train
8472,com.game.talkingangela.yOUt1116,com.game.talkingangela.yOUt1116,4,3,Riskware,train
8475,info.olnkviqnib.cardwarsadventuretimepdalife,info.olnkviqnib.cardwarsadventuretimepdalife,4,3,Riskware,train
8478,com.pwxj3.bytvh.ddd,com.pwxj3.bytvh.ddd,4,3,Riskware,train
8480,xsld.mbb.egtacw.nusntnfe,xsld.mbb.egtacw.nusntnfe,4,3,Riskware,train
8481,com.tencent.tmgp.pkppl,com.tencent.tmgp.pkppl,4,3,Riskware,train
8483,guorong.zx.com,guorong.zx.com,4,3,Riskware,train
8485,com.kwq.gyfeee,com.kwq.gyfeee,4,3,Riskware,train
8487,com.hmp.wuuqbn,com.hmp.wuuqbn,4,3,Riskware,train
8490,com.guolingzd.cbtcall,com.guolingzd.cbtcall,4,3,Riskware,train
8491,clbhgj.wadda.vvbdqq.gdecicxy,clbhgj.wadda.vvbdqq.gdecicxy,4,3,Riskware,train
8494,qn.agmgtkbnxvdlijnlue.ntfqywjjyaxvadihx,qn.agmgtkbnxvdlijnlue.ntfqywjjyaxvadihx,4,3,Riskware,train
8497,com.kch.vpjvkf,com.kch.vpjvkf,4,3,Riskware,train
8500,net.droidjack.server,net.droidjack.server,4,3,Riskware,train
8501,com.fin.unncnj,com.fin.unncnj,4,3,Riskware,train
8503,com.gbwhatsapp,com.gbwhatsapp,4,3,Riskware,train
8510,com.jfsj.nfsee.werzgfj,com.jfsj.nfsee.werzgfj,4,3,Riskware,train
8512,com.skvugr.giwyyofs,com.skvugr.giwyyofs,4,3,Riskware,train
8516,com.izeddr.cghafowr,com.izeddr.cghafowr,4,3,Riskware,train
8534,com.activebatterylook,com.activebatterylook,4,3,Riskware,train
8535,com.yidian.man,com.yidian.man,4,3,Riskware,train
8536,com.wed.ebqoag,com.wed.ebqoag,4,3,Riskware,train
8540,com.lprknz.kmlswqjq,com.lprknz.kmlswqjq,4,3,Riskware,train
8549,com.android.liulingwu,com.android.liulingwu,4,3,Riskware,train
8551,com.iapp.i1456129234663,com.iapp.i1456129234663,4,3,Riskware,train
8556,com.ED78F.LllC.STX4.W9VU,com.ED78F.LllC.STX4.W9VU,4,3,Riskware,train
8565,com.aio.downloader,com.aio.downloader,4,3,Riskware,train
8569,,__missing_package_row_8569,4,3,Riskware,train
8583,com.hpe.xzciqw,com.hpe.xzciqw,4,3,Riskware,train
8586,com.dalingj.YyYm007,com.dalingj.YyYm007,4,3,Riskware,train
8587,com.isj.fzmapb,com.isj.fzmapb,4,3,Riskware,train
8594,com.hes.cjopjx,com.hes.cjopjx,4,3,Riskware,train
8600,com.choujiang300,com.choujiang300,4,3,Riskware,train
8602,com.ytz.tlonfx,com.ytz.tlonfx,4,3,Riskware,train
8603,org.germany.detail.spell.bowl.wore.barn,org.germany.detail.spell.bowl.wore.barn,4,3,Riskware,train
8606,hfbatdl.hfcatidgue.hfaxodur.hferafst,hfbatdl.hfcatidgue.hfaxodur.hferafst,4,3,Riskware,train
8611,com.IJ3d3o8356E,com.IJ3d3o8356E,4,3,Riskware,train
8617,com.anl.tayqgs,com.anl.tayqgs,4,3,Riskware,train
8621,com.lqq.Ay,com.lqq.Ay,4,3,Riskware,train
8625,com.euyxei.uwxdwohu,com.euyxei.uwxdwohu,4,3,Riskware,train
8627,com.huoying.renzhe20601,com.huoying.renzhe20601,4,3,Riskware,train
8630,com.qwy.ghfokl,com.qwy.ghfokl,4,3,Riskware,train
8634,com.tianyan.wangzhan,com.tianyan.wangzhan,4,3,Riskware,train
8635,au.com.phil.minepro,au.com.phil.minepro,4,3,Riskware,train
8648,com.umrcar.uhlobota,com.umrcar.uhlobota,4,3,Riskware,train
8651,com.bdzexa.hzpz.tccdzz11287,com.bdzexa.hzpz.tccdzz11287,4,3,Riskware,train
8657,com.jymfgk.koltb,com.jymfgk.koltb,4,3,Riskware,train
8661,com.tencens.snake.ca,com.tencens.snake.ca,4,3,Riskware,train
8662,mob.viwu.hugulu.picucafaxo,mob.viwu.hugulu.picucafaxo,4,3,Riskware,train
8665,com.ttyt.book,com.ttyt.book,4,3,Riskware,train
8670,com.dsfpqv.yaarjcbf,com.dsfpqv.yaarjcbf,4,3,Riskware,train
8675,com.jlksdh.anxolxoh,com.jlksdh.anxolxoh,4,3,Riskware,train
8676,com.sfv.ysdwlh,com.sfv.ysdwlh,4,3,Riskware,train
8682,com.efz.lzywuo,com.efz.lzywuo,4,3,Riskware,train
8683,com.crh.hidgvk,com.crh.hidgvk,4,3,Riskware,train
8698,edu.dxgdldfdycdchj.nyzombies,edu.dxgdldfdycdchj.nyzombies,4,3,Riskware,train
8700,com.newfruit.game.ff,com.newfruit.game.ff,4,3,Riskware,train
8701,com.wio.xcztvn,com.wio.xcztvn,4,3,Riskware,train
8702,com.yne.mfmvyv,com.yne.mfmvyv,4,3,Riskware,train
8707,com.zrk.ldxjag,com.zrk.ldxjag,4,3,Riskware,train
8717,com.hongzhaji,com.hongzhaji,4,3,Riskware,train
8718,com.genamar.oopsapp,com.genamar.oopsapp,4,3,Riskware,train
8728,com.oga.kxaaxx,com.oga.kxaaxx,4,3,Riskware,train
8739,com.mogrrcyfry,com.mogrrcyfry,4,3,Riskware,train
8744,com.rvs.quuyvs,com.rvs.quuyvs,4,3,Riskware,train
8746,gmjfydc.wvtvlfx.okqg,gmjfydc.wvtvlfx.okqg,4,3,Riskware,train
8748,mscqv.qowzbfc.gvypmmvgebp.eyqdecwgsrpjgm.hslwzgu,mscqv.qowzbfc.gvypmmvgebp.eyqdecwgsrpjgm.hslwzgu,4,3,Riskware,train
8749,com.mbx.frryqo,com.mbx.frryqo,4,3,Riskware,train
8752,com.elm.kvncdn,com.elm.kvncdn,4,3,Riskware,train
8753,com.android.print.incallui2,com.android.print.incallui2,4,3,Riskware,train
8754,com.sz.games.duiduipeng,com.sz.games.duiduipeng,4,3,Riskware,train
8763,com.nwe.kk,com.nwe.kk,4,3,Riskware,train
8764,com.asdbvg.asba,com.asdbvg.asba,4,3,Riskware,train
8765,twz.yygame.A080009A05,twz.yygame.A080009A05,4,3,Riskware,train
8766,com.tfn.kilnxp,com.tfn.kilnxp,4,3,Riskware,train
8768,com.llp.wqidez,com.llp.wqidez,4,3,Riskware,train
8772,ixmzlb.wkme.yyektaw.ritdvafo,ixmzlb.wkme.yyektaw.ritdvafo,4,3,Riskware,train
8780,org.rusmdhbqvykj.puzzlejenyfer,org.rusmdhbqvykj.puzzlejenyfer,4,3,Riskware,train
8785,com.xwbfql.ihosvahf,com.xwbfql.ihosvahf,4,3,Riskware,train
8787,biz.gvavytzagujco.bsplayer,biz.gvavytzagujco.bsplayer,4,3,Riskware,train
8791,sd.cd.ss,sd.cd.ss,4,3,Riskware,train
8793,com.qsp.mhugms,com.qsp.mhugms,4,3,Riskware,train
8796,cn.chinahn.soj.net.org,cn.chinahn.soj.net.org,4,3,Riskware,train
8798,twz.yygame.A030009A03,twz.yygame.A030009A03,4,3,Riskware,train
8801,net.deer.wonderful.muscle.lunch.sweet.coffee.powerful,net.deer.wonderful.muscle.lunch.sweet.coffee.powerful,4,3,Riskware,train
8804,com.jaw.rjceni,com.jaw.rjceni,4,3,Riskware,train
8808,com.trt.zbvnkp,com.trt.zbvnkp,4,3,Riskware,train
8818,com.v1_4.BFC70ED44DA26C4AE2D2615E.com,com.v1_4.BFC70ED44DA26C4AE2D2615E.com,4,3,Riskware,train
8819,com.lqz.hxtada,com.lqz.hxtada,4,3,Riskware,train
8822,com.hesek.visep.critical.ops,com.hesek.visep.critical.ops,4,3,Riskware,train
8824,com.caf.hogktk,com.caf.hogktk,4,3,Riskware,train
8836,com.pwgtny.axmnomcf,com.pwgtny.axmnomcf,4,3,Riskware,train
8847,com.rlt.lbrshn,com.rlt.lbrshn,4,3,Riskware,train
8857,com.egh.rnmbvw,com.egh.rnmbvw,4,3,Riskware,train
8864,org.whenever.airplane.upper.track.knife,org.whenever.airplane.upper.track.knife,4,3,Riskware,train
8865,com.ajk.rxoexb,com.ajk.rxoexb,4,3,Riskware,train
8867,com.hcpbkc.zuofvwqz,com.hcpbkc.zuofvwqz,4,3,Riskware,train
8869,com.ailuwq.qwhddsfb,com.ailuwq.qwhddsfb,4,3,Riskware,train
8871,bapazv.lugun.umfrkk.vk,bapazv.lugun.umfrkk.vk,4,3,Riskware,train
8875,com.spappm_mondow.alarm,com.spappm_mondow.alarm,4,3,Riskware,train
8876,com.mng.kzuuqf,com.mng.kzuuqf,4,3,Riskware,train
8878,com.umaytech.iap.mi,com.umaytech.iap.mi,4,3,Riskware,train
8879,,__missing_package_row_8879,4,3,Riskware,train
8887,vgasl.mujzna.zunlt.jttyiv,vgasl.mujzna.zunlt.jttyiv,4,3,Riskware,train
8889,com.xwg.zuoyeshenqioa,com.xwg.zuoyeshenqioa,4,3,Riskware,train
8892,com.rqx.vqfvps,com.rqx.vqfvps,4,3,Riskware,train
8900,com.patusd.rlucmxtu,com.patusd.rlucmxtu,4,3,Riskware,train
8911,gov.sweet.art.bowl.track.art.whenever,gov.sweet.art.bowl.track.art.whenever,4,3,Riskware,train
8912,com.jeh.vhasdk,com.jeh.vhasdk,4,3,Riskware,train
8919,com.opw.mvxsdk,com.opw.mvxsdk,4,3,Riskware,train
8922,ru.goluk.tiropi.sportivnie.prognozi,ru.goluk.tiropi.sportivnie.prognozi,4,3,Riskware,train
8930,com.zhainveworld.enyrnwj,com.zhainveworld.enyrnwj,4,3,Riskware,train
8940,ru.de.teje.texori,ru.de.teje.texori,4,3,Riskware,train
8942,com.ubvvuf.fwitoaws,com.ubvvuf.fwitoaws,4,3,Riskware,train
8944,com.ydvmty.iukrgivp,com.ydvmty.iukrgivp,4,3,Riskware,train
8947,com.hbittb.rvcvvgrh,com.hbittb.rvcvvgrh,4,3,Riskware,train
8952,com.oyef.ctag.hv.my,com.oyef.ctag.hv.my,4,3,Riskware,train
8955,com.ipj.fallvl,com.ipj.fallvl,4,3,Riskware,train
8966,com.ljcchz.uistybxm,com.ljcchz.uistybxm,4,3,Riskware,train
8967,com.cub.hzgelo,com.cub.hzgelo,4,3,Riskware,train
8970,eu.cescekqqdt.fonariktinyflashlight,eu.cescekqqdt.fonariktinyflashlight,4,3,Riskware,train
8972,com.oiujsq.uwyudns,com.oiujsq.uwyudns,4,3,Riskware,train
8973,com.emysi.kkoe.idej,com.emysi.kkoe.idej,4,3,Riskware,train
8977,com.edx.qnruqz,com.edx.qnruqz,4,3,Riskware,train
8987,com.ilk.xbshvt,com.ilk.xbshvt,4,3,Riskware,train
8989,google.com.bn.d2.bill,google.com.bn.d2.bill,4,3,Riskware,train
8990,com.venator.app.ursafecpumonitor,com.venator.app.ursafecpumonitor,4,3,Riskware,train
8991,net.qhatppuzvtgth.maddenmobile,net.qhatppuzvtgth.maddenmobile,4,3,Riskware,train
8994,feesntvwqrlbkw.eu.b,feesntvwqrlbkw.eu.b,4,3,Riskware,train
8996,com.uwp.ehlptp,com.uwp.ehlptp,4,3,Riskware,train
9009,com.dwrjk,com.dwrjk,4,3,Riskware,train
9010,eu.qkplfhuzwwfjoi.nidaleequeenofthejungle,eu.qkplfhuzwwfjoi.nidaleequeenofthejungle,4,3,Riskware,train
9012,com.broad.fence.smooth.sail,com.broad.fence.smooth.sail,4,3,Riskware,train
9014,com.fup.gbaaoy,com.fup.gbaaoy,4,3,Riskware,train
9026,com.pnr.engproverbsandsayings,com.pnr.engproverbsandsayings,4,3,Riskware,train
9037,com.wxh.fvzitf,com.wxh.fvzitf,4,3,Riskware,train
9041,com.hods.speeches.expected,com.hods.speeches.expected,4,3,Riskware,train
9043,,__missing_package_row_9043,4,3,Riskware,train
9045,com.vuy.evotaa,com.vuy.evotaa,4,3,Riskware,train
9058,com.kretis.nextlauncher3d,com.kretis.nextlauncher3d,4,3,Riskware,train
9059,com.xianjiea.qqtheme,com.xianjiea.qqtheme,4,3,Riskware,train
9062,com.bcfdfvf.lgvfvdaw,com.bcfdfvf.lgvfvdaw,4,3,Riskware,train
9064,com.newappcyh2,com.newappcyh2,4,3,Riskware,train
9065,qzyd.speed.nethelper,qzyd.speed.nethelper,4,3,Riskware,train
9067,com.qvm.xharrn,com.qvm.xharrn,4,3,Riskware,train
9068,net.upper.master.support.texas.storm.threw,net.upper.master.support.texas.storm.threw,4,3,Riskware,train
9070,com.ixm.uwbned,com.ixm.uwbned,4,3,Riskware,train
9074,com.osxeev.ichfjmrl,com.osxeev.ichfjmrl,4,3,Riskware,train
9082,com.jieshudu.wangpansoso,com.jieshudu.wangpansoso,4,3,Riskware,train
9084,com.wvc.shxkcv,com.wvc.shxkcv,4,3,Riskware,train
9088,com.xih.voget.hill.climbracing,com.xih.voget.hill.climbracing,4,3,Riskware,train
9092,com.ikl.hyvjlz,com.ikl.hyvjlz,4,3,Riskware,train
9096,clbhgj.wadda.skzxxy.pgnzhptv,clbhgj.wadda.skzxxy.pgnzhptv,4,3,Riskware,train
9115,kib85.bmgi85.qbxrg85,kib85.bmgi85.qbxrg85,4,3,Riskware,train
9117,ifvrp.zsewn.lnyjec,ifvrp.zsewn.lnyjec,4,3,Riskware,train
9120,com.vlv.xwjkdc,com.vlv.xwjkdc,4,3,Riskware,train
9121,com.gww.tcppzo,com.gww.tcppzo,4,3,Riskware,train
9124,com.gzessc.drirbizt,com.gzessc.drirbizt,4,3,Riskware,train
9125,com.vpzmpbijloc.subwaysurfersdownloadfreeandroid,com.vpzmpbijloc.subwaysurfersdownloadfreeandroid,4,3,Riskware,train
9132,com.tza.bcjzcb,com.tza.bcjzcb,4,3,Riskware,train
9133,com.anpolac.ink.system,com.anpolac.ink.system,4,3,Riskware,train
9140,com.daishuasb,com.daishuasb,4,3,Riskware,train
9142,rxc.pmsmz.vmlcvh,rxc.pmsmz.vmlcvh,4,3,Riskware,train
9143,com.phamvietanh.facebooklite,com.phamvietanh.facebooklite,4,3,Riskware,train
9144,com.suonphje.etjwemzc,com.suonphje.etjwemzc,4,3,Riskware,train
9148,com.ttl.lyltsg,com.ttl.lyltsg,4,3,Riskware,train
9149,com.koj.yqwzxe,com.koj.yqwzxe,4,3,Riskware,train
9151,com.save.important.abbess,com.save.important.abbess,4,3,Riskware,train
9158,lzk3.iss.sric.android,lzk3.iss.sric.android,4,3,Riskware,train
9176,com.leyou.bpb.ndsj.yuka_wlsy,com.leyou.bpb.ndsj.yuka_wlsy,4,3,Riskware,train
9186,com.uoj.lacexs,com.uoj.lacexs,4,3,Riskware,train
9206,com.czwpto.lqzbwvtb,com.czwpto.lqzbwvtb,4,3,Riskware,train
9208,com.fnm.bhhjmo,com.fnm.bhhjmo,4,3,Riskware,train
9209,com.dcd.ohbahw,com.dcd.ohbahw,4,3,Riskware,train
9213,mobi.nex.qatavo.kibapukuciqa,mobi.nex.qatavo.kibapukuciqa,4,3,Riskware,train
9219,com.android.app253626,com.android.app253626,4,3,Riskware,train
9221,com.dxhzj,com.dxhzj,4,3,Riskware,train
9240,com.hdj.zewlmy,com.hdj.zewlmy,4,3,Riskware,train
9242,com.beco.jfa,com.beco.jfa,4,3,Riskware,train
9243,com.mhd.ifanph,com.mhd.ifanph,4,3,Riskware,train
9244,com.pftviqdb.obeynmty,com.pftviqdb.obeynmty,4,3,Riskware,train
9245,com.iapp.i99787645,com.iapp.i99787645,4,3,Riskware,train
9246,org.ifurchmvkh.awkwardkidsapp,org.ifurchmvkh.awkwardkidsapp,4,3,Riskware,train
9255,frtwc.iljaye.xvnx,frtwc.iljaye.xvnx,4,3,Riskware,train
9258,com.zpl.kpltao,com.zpl.kpltao,4,3,Riskware,train
9269,com.ymw.ssdxsm,com.ymw.ssdxsm,4,3,Riskware,train
9271,com.hssd.sbvoa,com.hssd.sbvoa,4,3,Riskware,train
9273,com.ure65.yre,com.ure65.yre,4,3,Riskware,train
9276,com.arfrcj.jlixiahk,com.arfrcj.jlixiahk,4,3,Riskware,train
9289,xsld.mbb.utysrw.lpzpckmg,xsld.mbb.utysrw.lpzpckmg,4,3,Riskware,train
9300,com.qunqiandao,com.qunqiandao,4,3,Riskware,train
9301,com.timo.dlpushplugin,com.timo.dlpushplugin,4,3,Riskware,train
9308,com.yourpornapp.app.play_store,com.yourpornapp.app.play_store,4,3,Riskware,train
9315,com.myvideo.activity,com.myvideo.activity,4,3,Riskware,train
9324,vbsxoc.irixerkric.dxvfrjsma,vbsxoc.irixerkric.dxvfrjsma,4,3,Riskware,train
9335,psg.nll.xeeruw.dpaqwmpi,psg.nll.xeeruw.dpaqwmpi,4,3,Riskware,train
9336,ted.vedoq.levi.idle.minertycoon,ted.vedoq.levi.idle.minertycoon,4,3,Riskware,train
9339,,__missing_package_row_9339,4,3,Riskware,train
9345,com.intent.mediums.originated,com.intent.mediums.originated,4,3,Riskware,train
9355,com.coogo.coo,com.coogo.coo,4,3,Riskware,train
9357,oadiooj.obhchgk.lnfpnfi.hemohjj.pbcccfp.fcejchc,oadiooj.obhchgk.lnfpnfi.hemohjj.pbcccfp.fcejchc,4,3,Riskware,train
9359,com.zkx.jdouyg,com.zkx.jdouyg,4,3,Riskware,train
9373,com.mntfja.txxoinwy,com.mntfja.txxoinwy,4,3,Riskware,train
9379,com.jianfeng.Mobilephonebatterydoctor,com.jianfeng.Mobilephonebatterydoctor,4,3,Riskware,train
9384,cn.d.exds.ase,cn.d.exds.ase,4,3,Riskware,train
9388,com.yph.brndgr,com.yph.brndgr,4,3,Riskware,train
9392,biz.equmerynrzi.madisonivysexgamesandroid,biz.equmerynrzi.madisonivysexgamesandroid,4,3,Riskware,train
9393,xsld.mbb.czzlpz.xbyvbmvb,xsld.mbb.czzlpz.xbyvbmvb,4,3,Riskware,train
9394,com.rym.wlzcow,com.rym.wlzcow,4,3,Riskware,train
9396,com.vtwonp.yvmbggcf,com.vtwonp.yvmbggcf,4,3,Riskware,train
9403,com.absgbsFGj2dm.czngdc,com.absgbsFGj2dm.czngdc,4,3,Riskware,train
9414,air.boxu.bixin.moqegemuhesu,air.boxu.bixin.moqegemuhesu,4,3,Riskware,train
9417,com.sfm.tvdbqy,com.sfm.tvdbqy,4,3,Riskware,train
9422,qweez.casr.tykia.xvff,qweez.casr.tykia.xvff,4,3,Riskware,train
9434,com.ahfhvdfbh.cvhurvig,com.ahfhvdfbh.cvhurvig,4,3,Riskware,train
9440,com.sda.wkrucn,com.sda.wkrucn,4,3,Riskware,train
9443,com.xkn.adsegh,com.xkn.adsegh,4,3,Riskware,train
9449,net.wzmpljmmxdsw.closeuppuzzle,net.wzmpljmmxdsw.closeuppuzzle,4,3,Riskware,train
9450,cn.d.sedfr.fhd,cn.d.sedfr.fhd,4,3,Riskware,train
9452,com.oho.tqffrb,com.oho.tqffrb,4,3,Riskware,train
9455,com.hzp.zp.calculator,com.hzp.zp.calculator,4,3,Riskware,train
9462,com.ekm.zkovkz,com.ekm.zkovkz,4,3,Riskware,train
9469,net.newspaper.deer.shop.sheet,net.newspaper.deer.shop.sheet,4,3,Riskware,train
9471,edu.skhxbvuxdnswhm.randomheroes,edu.skhxbvuxdnswhm.randomheroes,4,3,Riskware,train
9472,com.antivirus.web.best.sample.version,com.antivirus.web.best.sample.version,4,3,Riskware,train
9478,com.vny.jkfsvn,com.vny.jkfsvn,4,3,Riskware,train
9482,com.msmv.sosp,com.msmv.sosp,4,3,Riskware,train
9491,ixycahayxifoqjdsgeu.ikt.skzwlguuetwe,ixycahayxifoqjdsgeu.ikt.skzwlguuetwe,4,3,Riskware,train
9495,com.kvhnye.iuyawuxg,com.kvhnye.iuyawuxg,4,3,Riskware,train
9496,com.krn.tinwwa,com.krn.tinwwa,4,3,Riskware,train
9500,qj.tcs.jcek.satisfied,qj.tcs.jcek.satisfied,4,3,Riskware,train
9510,org.xrghvekyshx.galaxyvoyage,org.xrghvekyshx.galaxyvoyage,4,3,Riskware,train
9517,com.bfndvgbsdb.ujfcjvdflbn,com.bfndvgbsdb.ujfcjvdflbn,4,3,Riskware,train
9518,,__missing_package_row_9518,4,3,Riskware,train
9520,com.osdiuasdhu.www,com.osdiuasdhu.www,4,3,Riskware,train
9522,com.securicy.bubblewrapgame,com.securicy.bubblewrapgame,4,3,Riskware,train
9531,com.crc.qpisoy,com.crc.qpisoy,4,3,Riskware,train
9534,com.xyhelper,com.xyhelper,4,3,Riskware,train
9536,com.lqd.goodhip,com.lqd.goodhip,4,3,Riskware,train
9542,com.egmqob.sdzkqhwk,com.egmqob.sdzkqhwk,4,3,Riskware,train
9546,com.wte.pooqln,com.wte.pooqln,4,3,Riskware,train
9549,com.hzg.wqoddl,com.hzg.wqoddl,4,3,Riskware,train
9563,com.shineviewapps,com.shineviewapps,4,3,Riskware,train
9564,com.fvu.cnntqg,com.fvu.cnntqg,4,3,Riskware,train
9565,com.lgt.jfyuof,com.lgt.jfyuof,4,3,Riskware,train
9568,com.esm.ndxgpi,com.esm.ndxgpi,4,3,Riskware,train
9570,com.rji.ynwjsu,com.rji.ynwjsu,4,3,Riskware,train
9572,com.me3fe.lo8rT,com.me3fe.lo8rT,4,3,Riskware,train
9574,com.kcp.uigtsa,com.kcp.uigtsa,4,3,Riskware,train
9577,org.broad.pacific.ann.hung.flow,org.broad.pacific.ann.hung.flow,4,3,Riskware,train
9581,com.QQjbq,com.QQjbq,4,3,Riskware,train
9584,com.hclvxb.qlacmdqr,com.hclvxb.qlacmdqr,4,3,Riskware,train
9585,com.ccyx.b171117.hlxd,com.ccyx.b171117.hlxd,4,3,Riskware,train
9586,com.xxc.rdjjms,com.xxc.rdjjms,4,3,Riskware,train
9591,com.hylands.BubbleShooterPro,com.hylands.BubbleShooterPro,4,3,Riskware,train
9594,snxqb.zmcm.lcqjm,snxqb.zmcm.lcqjm,4,3,Riskware,train
9599,com.vyn.hhdifw,com.vyn.hhdifw,4,3,Riskware,train
9601,com.bgx.pknbzo,com.bgx.pknbzo,4,3,Riskware,train
9603,com.ewb.hakafe,com.ewb.hakafe,4,3,Riskware,train
9604,com.omikugsj.iysqijfg,com.omikugsj.iysqijfg,4,3,Riskware,train
9605,dylmg.grygn.mklplk,dylmg.grygn.mklplk,4,3,Riskware,train
9609,com.rwp.whncav,com.rwp.whncav,4,3,Riskware,train
9612,com.android.app253365,com.android.app253365,4,3,Riskware,train
9613,com.ftn.pltiwn,com.ftn.pltiwn,4,3,Riskware,train
9621,com.yte.shoi,com.yte.shoi,4,3,Riskware,train
9640,xsld.mbb.tediyg.lwgxxgsr,xsld.mbb.tediyg.lwgxxgsr,4,3,Riskware,train
9644,com.muvzdlqv.ftrbpobj,com.muvzdlqv.ftrbpobj,4,3,Riskware,train
9645,com.hxevtv.uvggwatv,com.hxevtv.uvggwatv,4,3,Riskware,train
9658,gklo.lp,gklo.lp,4,3,Riskware,train
9659,edu.gcfeikzairmaze.brauzeroperamini,edu.gcfeikzairmaze.brauzeroperamini,4,3,Riskware,train
9663,com.lkdjfalkdvvcx,com.lkdjfalkdvvcx,4,3,Riskware,train
9664,com.asx.yrbvkk,com.asx.yrbvkk,4,3,Riskware,train
9665,com.uvu.rxklpt,com.uvu.rxklpt,4,3,Riskware,train
9670,COM.THIEN.FACEBOOK,COM.THIEN.FACEBOOK,4,3,Riskware,train
9673,com.aef.jcijxr,com.aef.jcijxr,4,3,Riskware,train
9674,com.mywall.nbbdrfefdHbjxUnCfve,com.mywall.nbbdrfefdHbjxUnCfve,4,3,Riskware,train
9676,com.game.pubrNov.ytou16th,com.game.pubrNov.ytou16th,4,3,Riskware,train
9677,com.iapp.i11,com.iapp.i11,4,3,Riskware,train
9685,com.fzb.uiyaij,com.fzb.uiyaij,4,3,Riskware,train
9694,com.tyi.hghbri,com.tyi.hghbri,4,3,Riskware,train
9700,com.kys.tpdfcj,com.kys.tpdfcj,4,3,Riskware,train
9705,com.knz.amituc,com.knz.amituc,4,3,Riskware,train
9708,com.wuguituandui.BW,com.wuguituandui.BW,4,3,Riskware,train
9711,com.wangye,com.wangye,4,3,Riskware,train
9718,com.yor.kinxbl,com.yor.kinxbl,4,3,Riskware,train
9719,com.baoruan.lewan,com.baoruan.lewan,4,3,Riskware,train
9720,jbso.ublg.prjng,jbso.ublg.prjng,4,3,Riskware,train
9729,psg.nll.iivvpc.ehwylwnu,psg.nll.iivvpc.ehwylwnu,4,3,Riskware,train
9733,com.kzc.nfryxz,com.kzc.nfryxz,4,3,Riskware,train
9734,com.xiazkongjship,com.xiazkongjship,4,3,Riskware,train
9736,com.brk.zydhwf,com.brk.zydhwf,4,3,Riskware,train
9737,com.vcq.djqadc,com.vcq.djqadc,4,3,Riskware,train
9738,com.btqqduupzarfef.sonicthehedgehog,com.btqqduupzarfef.sonicthehedgehog,4,3,Riskware,train
9742,com.ho.gaja.giwepe,com.ho.gaja.giwepe,4,3,Riskware,train
9744,com.zvyqha.urzmqoyd,com.zvyqha.urzmqoyd,4,3,Riskware,train
9745,tkeauxqspwckvk.gelgv.orupjvx.roxc.xwqnpfjrpfbvlgh,tkeauxqspwckvk.gelgv.orupjvx.roxc.xwqnpfjrpfbvlgh,4,3,Riskware,train
9747,android.app.s11k16g,android.app.s11k16g,4,3,Riskware,train
9749,nulbebdxsthqzat.hsvpauntyj.pqbievufavjxo,nulbebdxsthqzat.hsvpauntyj.pqbievufavjxo,4,3,Riskware,train
9752,com.cod.tlrjqf,com.cod.tlrjqf,4,3,Riskware,train
9753,twz.yygame.A080003A03,twz.yygame.A080003A03,4,3,Riskware,train
9764,com.dxw.wgynrs,com.dxw.wgynrs,4,3,Riskware,train
9768,com.wtl.fwampk,com.wtl.fwampk,4,3,Riskware,train
9776,edu.wnndnnuwuk.todaycalendarpro,edu.wnndnnuwuk.todaycalendarpro,4,3,Riskware,train
9782,com.lgz.kaqdok,com.lgz.kaqdok,4,3,Riskware,train
9788,com.nfidcq.gfsittfy,com.nfidcq.gfsittfy,4,3,Riskware,train
9792,com.fastsystem,com.fastsystem,4,3,Riskware,train
9793,s.q.q,s.q.q,4,3,Riskware,train
9798,com.krl.ybgadf,com.krl.ybgadf,4,3,Riskware,train
9800,ulkfg.lctyznvnh.x,ulkfg.lctyznvnh.x,4,3,Riskware,train
9802,com.gammalab.chessopenings,com.gammalab.chessopenings,4,3,Riskware,train
13,com.android.mmreader293,com.android.mmreader293,1,0,Adware,validation
24,com.livewallpaper.MZDLDYH9,com.livewallpaper.MZDLDYH9,1,0,Adware,validation
31,com.sky_dreaming.weather,com.sky_dreaming.weather,1,0,Adware,validation
35,com.sharemore.nfc.transport,com.sharemore.nfc.transport,1,0,Adware,validation
38,com.sale.reader.huangguangxuzhmryczwkz,com.sale.reader.huangguangxuzhmryczwkz,1,0,Adware,validation
39,com.ChildrenStroy,com.ChildrenStroy,1,0,Adware,validation
44,ps.wb.music20130318002792,ps.wb.music20130318002792,1,0,Adware,validation
58,com.android.mmreader254,com.android.mmreader254,1,0,Adware,validation
60,com.han.zbbxt1,com.han.zbbxt1,1,0,Adware,validation
61,ps.wb.music20130424000149,ps.wb.music20130424000149,1,0,Adware,validation
62,googlems.firefoxspirit,googlems.firefoxspirit,1,0,Adware,validation
65,cn.com.lw.lockScreenHeart,cn.com.lw.lockScreenHeart,1,0,Adware,validation
70,com.xqualcomm.desertwinds,com.xqualcomm.desertwinds,1,0,Adware,validation
73,com.root.master,com.root.master,1,0,Adware,validation
76,com.evilsunflower.reader.evilXiaoli,com.evilsunflower.reader.evilXiaoli,1,0,Adware,validation
87,googleanzhimsgo.donttouchred,googleanzhimsgo.donttouchred,1,0,Adware,validation
92,com.kkdcsjdnjdsfvndfv,com.kkdcsjdnjdsfvndfv,1,0,Adware,validation
96,com.content.ugly.liondr,com.content.ugly.liondr,1,0,Adware,validation
98,com.androidemu.harveshuangjl3,com.androidemu.harveshuangjl3,1,0,Adware,validation
99,com.rgekwjr.ergewr,com.rgekwjr.ergewr,1,0,Adware,validation
124,com.mogo.puzzle,com.mogo.puzzle,1,0,Adware,validation
133,com.androidemu.harvefengsb,com.androidemu.harvefengsb,1,0,Adware,validation
148,org.zs.www.mixedcolor,org.zs.www.mixedcolor,1,0,Adware,validation
158,com.greensoft.LunDunAoYun,com.greensoft.LunDunAoYun,1,0,Adware,validation
160,ren.xiaophailianliankan,ren.xiaophailianliankan,1,0,Adware,validation
166,ruswordroid.rusmodel,ruswordroid.rusmodel,1,0,Adware,validation
180,com.dangerb.livewallpaper.my,com.dangerb.livewallpaper.my,1,0,Adware,validation
194,ren.chebiaolianliankan,ren.chebiaolianliankan,1,0,Adware,validation
205,com.wangyh.bluetooth,com.wangyh.bluetooth,1,0,Adware,validation
207,com.androidemu.harvehundouluo,com.androidemu.harvehundouluo,1,0,Adware,validation
210,com.gker.five,com.gker.five,1,0,Adware,validation
215,cn.com.gw.Football,cn.com.gw.Football,1,0,Adware,validation
216,com.tianming,com.tianming,1,0,Adware,validation
218,com.mogo.guoshullk,com.mogo.guoshullk,1,0,Adware,validation
227,com.wphm.englishzhongkao.activitys,com.wphm.englishzhongkao.activitys,1,0,Adware,validation
231,com.sostation.llk,com.sostation.llk,1,0,Adware,validation
233,com.gp.zoo,com.gp.zoo,1,0,Adware,validation
238,com.qianming,com.qianming,1,0,Adware,validation
248,org.nba.core,org.nba.core,1,0,Adware,validation
252,com.tt.haiyangdongwulilikan.test,com.tt.haiyangdongwulilikan.test,1,0,Adware,validation
270,xiezhenji.android,xiezhenji.android,1,0,Adware,validation
275,com.mobi.screensaver.nuan6,com.mobi.screensaver.nuan6,1,0,Adware,validation
296,com.cn.hooper.compass,com.cn.hooper.compass,1,0,Adware,validation
308,com.evilsunflower.reader.evilQichang,com.evilsunflower.reader.evilQichang,1,0,Adware,validation
320,com.baidu.superservice,com.baidu.superservice,1,0,Adware,validation
321,im.qvod.android,im.qvod.android,1,0,Adware,validation
322,com.iym.xhonline,com.iym.xhonline,1,0,Adware,validation
329,com.colorme.game.PaintingCube3,com.colorme.game.PaintingCube3,1,0,Adware,validation
343,net.loonggg.traintime,net.loonggg.traintime,1,0,Adware,validation
347,com.android.mmreader498,com.android.mmreader498,1,0,Adware,validation
353,com.zq.Fate,com.zq.Fate,1,0,Adware,validation
357,com.yyb.huxiaoshanzhuang,com.yyb.huxiaoshanzhuang,1,0,Adware,validation
361,com.xianguo.hdhdkki.svwa,com.xianguo.hdhdkki.svwa,1,0,Adware,validation
362,com.seach,com.seach,1,0,Adware,validation
364,igudi.com.sheyingrx,igudi.com.sheyingrx,1,0,Adware,validation
365,com.anderfans.girlfart,com.anderfans.girlfart,1,0,Adware,validation
383,com.android.mmreader869,com.android.mmreader869,1,0,Adware,validation
385,com.cjq.appmanager,com.cjq.appmanager,1,0,Adware,validation
392,com.colorme.game.chizongzidabaishe,com.colorme.game.chizongzidabaishe,1,0,Adware,validation
401,cn.nomos.bcdbdh12026.plant,cn.nomos.bcdbdh12026.plant,1,0,Adware,validation
411,com.wqx.blackjack,com.wqx.blackjack,1,0,Adware,validation
420,com.playhans.xlls.hlchristmaskawayi,com.playhans.xlls.hlchristmaskawayi,1,0,Adware,validation
425,com.demo,com.demo,1,0,Adware,validation
437,com.shirley.packages,com.shirley.packages,1,0,Adware,validation
440,com.wl.wyyx.sllsjwsskb,com.wl.wyyx.sllsjwsskb,1,0,Adware,validation
443,com.finker.girllivewallpaper,com.finker.girllivewallpaper,1,0,Adware,validation
445,com.ps.android.xiimg,com.ps.android.xiimg,1,0,Adware,validation
447,com.sj.dingw.gzong,com.sj.dingw.gzong,1,0,Adware,validation
459,ps.wb.music20130819001560,ps.wb.music20130819001560,1,0,Adware,validation
462,com.wwcscug.bzzgxq,com.wwcscug.bzzgxq,1,0,Adware,validation
465,googleanzhi.morontest,googleanzhi.morontest,1,0,Adware,validation
470,com.android.mmreader281,com.android.mmreader281,1,0,Adware,validation
479,com.sma.trafficsaver,com.sma.trafficsaver,1,0,Adware,validation
489,cn.meinv.girl.zipai,cn.meinv.girl.zipai,1,0,Adware,validation
492,com.yunxun.jiaxiaotonga,com.yunxun.jiaxiaotonga,1,0,Adware,validation
495,com.leduo.signalup,com.leduo.signalup,1,0,Adware,validation
496,com.android.kmax.clothsize,com.android.kmax.clothsize,1,0,Adware,validation
503,net.luoyi.livemhww,net.luoyi.livemhww,1,0,Adware,validation
508,com.myyuanfen.yfjs,com.myyuanfen.yfjs,1,0,Adware,validation
509,com.example.xiaochu,com.example.xiaochu,1,0,Adware,validation
514,com.android.mmreader588,com.android.mmreader588,1,0,Adware,validation
519,com.xhanhan,com.xhanhan,1,0,Adware,validation
524,com.wallpaperlive03.kik,com.wallpaperlive03.kik,1,0,Adware,validation
527,com.android.mmreader717,com.android.mmreader717,1,0,Adware,validation
542,ww.nicholas.app.sajklqw,ww.nicholas.app.sajklqw,1,0,Adware,validation
552,com.mobi.livewallpaper.fzl10,com.mobi.livewallpaper.fzl10,1,0,Adware,validation
558,com.android.apkmanager,com.android.apkmanager,1,0,Adware,validation
566,com.eggplant.taskkiller,com.eggplant.taskkiller,1,0,Adware,validation
569,com.ps.square,com.ps.square,1,0,Adware,validation
577,com.likg.flash,com.likg.flash,1,0,Adware,validation
586,alvin.car.wallpaper3,alvin.car.wallpaper3,1,0,Adware,validation
592,com.android.LL.TimingShutdown,com.android.LL.TimingShutdown,1,0,Adware,validation
594,com.chenj01.enchdictionary,com.chenj01.enchdictionary,1,0,Adware,validation
598,com.android.mmreader720,com.android.mmreader720,1,0,Adware,validation
616,qq.skin.green,qq.skin.green,1,0,Adware,validation
624,g.calculator.instax,g.calculator.instax,1,0,Adware,validation
629,com.mobi.hjfltA,com.mobi.hjfltA,1,0,Adware,validation
634,com.dobi.dgalley236,com.dobi.dgalley236,1,0,Adware,validation
636,com.fywork.Ajxbz,com.fywork.Ajxbz,1,0,Adware,validation
639,com.wwcscug.xiangqi,com.wwcscug.xiangqi,1,0,Adware,validation
643,com.han.zyxlcs1,com.han.zyxlcs1,1,0,Adware,validation
645,com.android.mmreader837,com.android.mmreader837,1,0,Adware,validation
654,com.wb.hlock20130925001808,com.wb.hlock20130925001808,1,0,Adware,validation
656,com.greensoft.qiLongZhu,com.greensoft.qiLongZhu,1,0,Adware,validation
658,com.zhuaz.pifuganz,com.zhuaz.pifuganz,1,0,Adware,validation
660,com.greensoft.qBanHuoYingRenWu,com.greensoft.qBanHuoYingRenWu,1,0,Adware,validation
663,com.windrey.AnimalLink,com.windrey.AnimalLink,1,0,Adware,validation
667,viva.reader5174,viva.reader5174,1,0,Adware,validation
676,com.android.appfileexplorer,com.android.appfileexplorer,1,0,Adware,validation
677,com.mobi.screensaver.iphonexyc,com.mobi.screensaver.iphonexyc,1,0,Adware,validation
681,movecont2.chinafameporce,movecont2.chinafameporce,1,0,Adware,validation
682,com.shirley.livewallpaper.JIUZAIGOU,com.shirley.livewallpaper.JIUZAIGOU,1,0,Adware,validation
683,com.ljwan12.dadoudou,com.ljwan12.dadoudou,1,0,Adware,validation
688,com.iwz.pm.hm,com.iwz.pm.hm,1,0,Adware,validation
694,com.roamingsoft.flickrdailyshow,com.roamingsoft.flickrdailyshow,1,0,Adware,validation
703,com.LZKapp.YEzhiliKF,com.LZKapp.YEzhiliKF,1,0,Adware,validation
704,com.morega.mgamread,com.morega.mgamread,1,0,Adware,validation
709,cc.android.game.bad.EECKVJSLKRJIEWRJSDKFJKSDJGFKSDJFKe,cc.android.game.bad.EECKVJSLKRJIEWRJSDKFJKSDJGFKSDJFKe,1,0,Adware,validation
711,your.tsayq.website,your.tsayq.website,1,0,Adware,validation
714,com.android.mmreader876,com.android.mmreader876,1,0,Adware,validation
724,com.android.mmreader1234,com.android.mmreader1234,1,0,Adware,validation
742,cn.hongxiu.singlebook79338,cn.hongxiu.singlebook79338,1,0,Adware,validation
745,com.chenghaicys.FiveZi,com.chenghaicys.FiveZi,1,0,Adware,validation
752,com.ps.llk,com.ps.llk,1,0,Adware,validation
753,com.liuwei.babysongClub,com.liuwei.babysongClub,1,0,Adware,validation
762,movecont2.musicsleep,movecont2.musicsleep,1,0,Adware,validation
765,com.android.mmreader47,com.android.mmreader47,1,0,Adware,validation
766,com.gamex.box2d.wann,com.gamex.box2d.wann,1,0,Adware,validation
767,ps.wb.csppxx.lock20120510000470,ps.wb.csppxx.lock20120510000470,1,0,Adware,validation
802,googleanzhi.runawaymotorcycle,googleanzhi.runawaymotorcycle,1,0,Adware,validation
807,com.xinaizhishi.android,com.xinaizhishi.android,1,0,Adware,validation
815,com.android.mmreader681,com.android.mmreader681,1,0,Adware,validation
817,net.wrzhi.hengtyuese1,net.wrzhi.hengtyuese1,1,0,Adware,validation
819,com.jeanth.android.apps.lock,com.jeanth.android.apps.lock,1,0,Adware,validation
820,com.nntov.fccidk11729.animal,com.nntov.fccidk11729.animal,1,0,Adware,validation
834,com.droidsail.dsapp2sd,com.droidsail.dsapp2sd,1,0,Adware,validation
839,com.guangyingtiandibizhi_gfan_z2,com.guangyingtiandibizhi_gfan_z2,1,0,Adware,validation
850,com.rangfei.invisibility,com.rangfei.invisibility,1,0,Adware,validation
856,com.dobi.dgalley287,com.dobi.dgalley287,1,0,Adware,validation
857,com.android.mmreader668,com.android.mmreader668,1,0,Adware,validation
870,com.adwo.android.games.mine,com.adwo.android.games.mine,1,0,Adware,validation
871,sunkay.BookBixuejian,sunkay.BookBixuejian,1,0,Adware,validation
874,com.colorme.game.kaoladaishu,com.colorme.game.kaoladaishu,1,0,Adware,validation
878,com.greensoft.whlGaoQingSheYing,com.greensoft.whlGaoQingSheYing,1,0,Adware,validation
884,com.androidemu.harvemaoxiandao4,com.androidemu.harvemaoxiandao4,1,0,Adware,validation
888,com.azyouxi.saimadaheng1009,com.azyouxi.saimadaheng1009,1,0,Adware,validation
896,com.anzhuor.com,com.anzhuor.com,1,0,Adware,validation
901,com.anzhi14030508.yizu,com.anzhi14030508.yizu,1,0,Adware,validation
910,com.qukijp.cdptra,com.qukijp.cdptra,1,0,Adware,validation
911,dhn.skhcnclnvcaskhd.cvst,dhn.skhcnclnvcaskhd.cvst,1,0,Adware,validation
912,com.colorme.game.sdlrt,com.colorme.game.sdlrt,1,0,Adware,validation
918,com.moneng.menu,com.moneng.menu,1,0,Adware,validation
921,com.danielkao.autoscreenonoff,com.danielkao.autoscreenonoff,1,0,Adware,validation
923,com.android.mmreader1060,com.android.mmreader1060,1,0,Adware,validation
925,com.mogo.gongfupuzzle,com.mogo.gongfupuzzle,1,0,Adware,validation
928,googleanzhi.tensecondsmines,googleanzhi.tensecondsmines,1,0,Adware,validation
929,com.android.mmreader578,com.android.mmreader578,1,0,Adware,validation
939,com.wy.dsshelper,com.wy.dsshelper,1,0,Adware,validation
969,com.android.mmreader790,com.android.mmreader790,1,0,Adware,validation
974,com.tools.iphonecompass,com.tools.iphonecompass,1,0,Adware,validation
975,com.ss2.zzci.light,com.ss2.zzci.light,1,0,Adware,validation
977,com.gp.mahjongg,com.gp.mahjongg,1,0,Adware,validation
978,com.android.qiushui.app.health,com.android.qiushui.app.health,1,0,Adware,validation
979,com.ps.kickfly,com.ps.kickfly,1,0,Adware,validation
982,org.jq.zmdr,org.jq.zmdr,1,0,Adware,validation
983,org.norvo.bcdgkd12592.activity,org.norvo.bcdgkd12592.activity,1,0,Adware,validation
984,com.na.ts,com.na.ts,1,0,Adware,validation
992,com.android.mmreader354,com.android.mmreader354,1,0,Adware,validation
1000,cn.com.notor.bcdidg12725.model,cn.com.notor.bcdidg12725.model,1,0,Adware,validation
1007,com.mobi.livewallpaper.zgfcj2,com.mobi.livewallpaper.zgfcj2,1,0,Adware,validation
1009,com.recoverjp.cf,com.recoverjp.cf,1,0,Adware,validation
1013,com.mobi.screensaver.fsalmd2,com.mobi.screensaver.fsalmd2,1,0,Adware,validation
1022,com.kait.smsSet,com.kait.smsSet,1,0,Adware,validation
1036,pozlcn.n.xpmxdqtxg,pozlcn.n.xpmxdqtxg,1,0,Adware,validation
1042,goodmanenty.girl.sric.android,goodmanenty.girl.sric.android,1,0,Adware,validation
1047,com.min.infzm,com.min.infzm,1,0,Adware,validation
1063,com.ss.cosina.game.kickkick,com.ss.cosina.game.kickkick,1,0,Adware,validation
1065,com.hentica.app.repeater,com.hentica.app.repeater,1,0,Adware,validation
1071,com.greensoft.ttdxbX,com.greensoft.ttdxbX,1,0,Adware,validation
1078,com.seasmind.android.gmtaskillerwidget,com.seasmind.android.gmtaskillerwidget,1,0,Adware,validation
1086,com.colorme.game.zhaobieniuqq,com.colorme.game.zhaobieniuqq,1,0,Adware,validation
1093,com.symapp.clock,com.symapp.clock,1,0,Adware,validation
1102,com.qianmingdshi.zhenrenqian,com.qianmingdshi.zhenrenqian,1,0,Adware,validation
1108,com.guo.filedialog,com.guo.filedialog,1,0,Adware,validation
1110,com.lptycuh,com.lptycuh,1,0,Adware,validation
1112,com.i428.findthespy,com.i428.findthespy,1,0,Adware,validation
1114,com.yangwen.cgamcs.tbksymzfiw,com.yangwen.cgamcs.tbksymzfiw,1,0,Adware,validation
1117,com.livegame.wallpaperfengjing,com.livegame.wallpaperfengjing,1,0,Adware,validation
1129,com.android.mmreader453,com.android.mmreader453,1,0,Adware,validation
1140,cn.c5138891.kill,cn.c5138891.kill,1,0,Adware,validation
1162,com.tang.mouse,com.tang.mouse,1,0,Adware,validation
1175,info.nnvsv.bcckhk11969.mobile,info.nnvsv.bcckhk11969.mobile,1,0,Adware,validation
1188,com.dobi.dgalley303,com.dobi.dgalley303,1,0,Adware,validation
1198,com.zh.autoanswer,com.zh.autoanswer,1,0,Adware,validation
1207,com.android.mmreader171,com.android.mmreader171,1,0,Adware,validation
1223,com.android.mmreader1186,com.android.mmreader1186,1,0,Adware,validation
1235,com.android.cug.compass,com.android.cug.compass,1,0,Adware,validation
1237,com.androidemu.harveshuangjl2.swnosign,com.androidemu.harveshuangjl2.swnosign,1,0,Adware,validation
1241,com.cooease.coolpic,com.cooease.coolpic,1,0,Adware,validation
1252,com.android.mmreader397,com.android.mmreader397,1,0,Adware,validation
1256,duyskab.txtxorxqlni.nflfnauti,duyskab.txtxorxqlni.nflfnauti,2,1,Banking Malware,validation
1260,wauqpbtzrx.spfgqp.zxnpqgztjqxd,wauqpbtzrx.spfgqp.zxnpqgztjqxd,2,1,Banking Malware,validation
1265,com.sbersafe,com.sbersafe,2,1,Banking Malware,validation
1272,ediiusk.disyw.vkaid,ediiusk.disyw.vkaid,2,1,Banking Malware,validation
1275,dspoer.mocas.supem,dspoer.mocas.supem,2,1,Banking Malware,validation
1307,fensk.akvua.aduc,fensk.akvua.aduc,2,1,Banking Malware,validation
1314,com.kr.android.ftkc.kjb.kjbsmb.app,com.kr.android.ftkc.kjb.kjbsmb.app,2,1,Banking Malware,validation
1318,com.brtohersoft.trnity,com.brtohersoft.trnity,2,1,Banking Malware,validation
1320,,__missing_package_row_1320,2,1,Banking Malware,validation
1326,com.antivirus.kav,com.antivirus.kav,2,1,Banking Malware,validation
1327,com.whichav.apk,com.whichav.apk,2,1,Banking Malware,validation
1358,,__missing_package_row_1358,2,1,Banking Malware,validation
1359,com.botijo.FlappyDuck,com.botijo.FlappyDuck,2,1,Banking Malware,validation
1375,com.dhdfkdls.co,com.dhdfkdls.co,2,1,Banking Malware,validation
1377,com.example.updataallbank,com.example.updataallbank,2,1,Banking Malware,validation
1384,com.heihuang.zr,com.heihuang.zr,2,1,Banking Malware,validation
1390,com.dotgears.flappybird,com.dotgears.flappybird,2,1,Banking Malware,validation
1393,com.diowe32,com.diowe32,2,1,Banking Malware,validation
1397,com.scfirstbank,com.scfirstbank,2,1,Banking Malware,validation
1398,hdo.zogvp.ofyq,hdo.zogvp.ofyq,2,1,Banking Malware,validation
1420,com.wri.tcdvo,com.wri.tcdvo,2,1,Banking Malware,validation
1423,gun00.gun11.view,gun00.gun11.view,2,1,Banking Malware,validation
1425,tzdesg.ulgsmx.tafibr,tzdesg.ulgsmx.tafibr,2,1,Banking Malware,validation
1437,com.google.mess,com.google.mess,2,1,Banking Malware,validation
1444,com.adobe.flashplugin,com.adobe.flashplugin,2,1,Banking Malware,validation
1456,com.hahttv.kr,com.hahttv.kr,2,1,Banking Malware,validation
1459,,__missing_package_row_1459,2,1,Banking Malware,validation
1477,lb.iuattiylwr.pcjlwvqooxy,lb.iuattiylwr.pcjlwvqooxy,2,1,Banking Malware,validation
1487,,__missing_package_row_1487,2,1,Banking Malware,validation
1496,com.nikkigroup679.droid629,com.nikkigroup679.droid629,2,1,Banking Malware,validation
1503,com.vefgdi.essav,com.vefgdi.essav,2,1,Banking Malware,validation
1510,com.shi.uyuyp,com.shi.uyuyp,2,1,Banking Malware,validation
1522,com.ACrwfX.EjmIiM.tckDCu,com.ACrwfX.EjmIiM.tckDCu,2,1,Banking Malware,validation
1526,com.fkthdfk.net,com.fkthdfk.net,2,1,Banking Malware,validation
1540,,__missing_package_row_1540,2,1,Banking Malware,validation
1565,news.cereers.collections,news.cereers.collections,2,1,Banking Malware,validation
1569,dkakfh.akdjfkv.ckdjag,dkakfh.akdjfkv.ckdjag,2,1,Banking Malware,validation
1570,com.example.callrecorder,com.example.callrecorder,2,1,Banking Malware,validation
1585,,__missing_package_row_1585,2,1,Banking Malware,validation
1590,liangaa.liangbb.view,liangaa.liangbb.view,2,1,Banking Malware,validation
1617,hkpeozm.avzcsxkbbuvv.mvktjyuczx,hkpeozm.avzcsxkbbuvv.mvktjyuczx,2,1,Banking Malware,validation
1622,com.alfasafe,com.alfasafe,2,1,Banking Malware,validation
1636,com.ll,com.ll,2,1,Banking Malware,validation
1638,,__missing_package_row_1638,2,1,Banking Malware,validation
1642,com.pangzi00.pangzi11,com.pangzi00.pangzi11,2,1,Banking Malware,validation
1667,iuakdkfl.akdkaue.dkfajal,iuakdkfl.akdkaue.dkfajal,2,1,Banking Malware,validation
1682,vaue.edmakvu.ahha,vaue.edmakvu.ahha,2,1,Banking Malware,validation
1690,,__missing_package_row_1690,2,1,Banking Malware,validation
1698,,__missing_package_row_1698,2,1,Banking Malware,validation
1726,com.beauty.jw,com.beauty.jw,2,1,Banking Malware,validation
1733,zzzzzz.xxxxxx.cccccc,zzzzzz.xxxxxx.cccccc,2,1,Banking Malware,validation
1747,com.elakak.kr,com.elakak.kr,2,1,Banking Malware,validation
1770,com.oaAlmL.gCrziJ,com.oaAlmL.gCrziJ,2,1,Banking Malware,validation
1775,,__missing_package_row_1775,2,1,Banking Malware,validation
1789,com.android.mal2test,com.android.mal2test,2,1,Banking Malware,validation
1817,com.android.google.shinhanbbk.kr.app,com.android.google.shinhanbbk.kr.app,2,1,Banking Malware,validation
1821,ybb10.ybb20.view,ybb10.ybb20.view,2,1,Banking Malware,validation
1828,mbbbvb.lctvme.hepree,mbbbvb.lctvme.hepree,2,1,Banking Malware,validation
1839,com.seraby088.serabz099,com.seraby088.serabz099,2,1,Banking Malware,validation
1841,,__missing_package_row_1841,2,1,Banking Malware,validation
1855,com.kaoeiwk3223,com.kaoeiwk3223,2,1,Banking Malware,validation
1857,com.example.helloworld,com.example.helloworld,2,1,Banking Malware,validation
1870,com.androidbox.jhfylhtc,com.androidbox.jhfylhtc,2,1,Banking Malware,validation
1872,hwmg.vzuskhdfyl.hybzcrkg,hwmg.vzuskhdfyl.hybzcrkg,2,1,Banking Malware,validation
1876,com.fanta.services,com.fanta.services,2,1,Banking Malware,validation
1911,com.kr.android.ftkc.kjb.kjbsmb.app,com.kr.android.ftkc.kjb.kjbsmb.app,2,1,Banking Malware,validation
1916,com.dooblou.WiFiFileExplorerPRO,com.dooblou.WiFiFileExplorerPRO,2,1,Banking Malware,validation
1934,,__missing_package_row_1934,2,1,Banking Malware,validation
1940,,__missing_package_row_1940,2,1,Banking Malware,validation
1947,com.tao.bao,com.tao.bao,2,1,Banking Malware,validation
1953,rohelr.gqgqth.biawiw,rohelr.gqgqth.biawiw,2,1,Banking Malware,validation
1970,com.google.wgoosystem,com.google.wgoosystem,2,1,Banking Malware,validation
1982,com.mefsjhikuuiedgting.Solo,com.mefsjhikuuiedgting.Solo,2,1,Banking Malware,validation
1996,com.xinghai.sms,com.xinghai.sms,2,1,Banking Malware,validation
2007,,__missing_package_row_2007,2,1,Banking Malware,validation
2008,com.system.gps.tools.mmmonnnitor,com.system.gps.tools.mmmonnnitor,2,1,Banking Malware,validation
2022,com.cogiwork.coralgaggle,com.cogiwork.coralgaggle,2,1,Banking Malware,validation
2035,com.mm.k,com.mm.k,2,1,Banking Malware,validation
2047,photo.photoblender.photocollage.photopro,photo.photoblender.photocollage.photopro,2,1,Banking Malware,validation
2058,,__missing_package_row_2058,2,1,Banking Malware,validation
2063,,__missing_package_row_2063,2,1,Banking Malware,validation
2085,com.zalove88.zalove99,com.zalove88.zalove99,2,1,Banking Malware,validation
2089,com.nh.abc,com.nh.abc,2,1,Banking Malware,validation
2105,,__missing_package_row_2105,2,1,Banking Malware,validation
2115,com.hn,com.hn,2,1,Banking Malware,validation
2122,com.cao.webcamera,com.cao.webcamera,2,1,Banking Malware,validation
2134,com.lyy9898.zsz9898,com.lyy9898.zsz9898,2,1,Banking Malware,validation
2139,dkyand.kdkjvad.kdjfjg,dkyand.kdkjvad.kdjfjg,2,1,Banking Malware,validation
2144,com.woorinewbank,com.woorinewbank,2,1,Banking Malware,validation
2146,ssxodv.jdipue.wltter,ssxodv.jdipue.wltter,2,1,Banking Malware,validation
2152,,__missing_package_row_2152,2,1,Banking Malware,validation
2173,com.marta.audio,com.marta.audio,2,1,Banking Malware,validation
2179,,__missing_package_row_2179,2,1,Banking Malware,validation
2213,coper.eindes.wospn,coper.eindes.wospn,2,1,Banking Malware,validation
2231,mupl.ckdjf.nvc,mupl.ckdjf.nvc,2,1,Banking Malware,validation
2245,com.gamecraft.micromill,com.gamecraft.micromill,2,1,Banking Malware,validation
2255,com.example.com.android.cts.rpg,com.example.com.android.cts.rpg,2,1,Banking Malware,validation
2268,com.shhttv.kr,com.shhttv.kr,2,1,Banking Malware,validation
2271,com.iii010.ooo010,com.iii010.ooo010,2,1,Banking Malware,validation
2282,packen.yamkd.blaiu,packen.yamkd.blaiu,2,1,Banking Malware,validation
2307,zeqvyn.dgaahi.ippimv,zeqvyn.dgaahi.ippimv,2,1,Banking Malware,validation
2327,,__missing_package_row_2327,2,1,Banking Malware,validation
2343,bll11.bll22.view,bll11.bll22.view,2,1,Banking Malware,validation
2347,,__missing_package_row_2347,2,1,Banking Malware,validation
2360,com.android.testmal1,com.android.testmal1,2,1,Banking Malware,validation
2362,com.baidu.pay4,com.baidu.pay4,2,1,Banking Malware,validation
2367,,__missing_package_row_2367,2,1,Banking Malware,validation
2372,,__missing_package_row_2372,2,1,Banking Malware,validation
2376,com.mkjshga32,com.mkjshga32,2,1,Banking Malware,validation
2377,com.csraodm.seddiengd.raesds.scedhe,com.csraodm.seddiengd.raesds.scedhe,2,1,Banking Malware,validation
2399,com.app.kr.google.androids.appstor,com.app.kr.google.androids.appstor,2,1,Banking Malware,validation
2427,com.lotteria,com.lotteria,2,1,Banking Malware,validation
2436,com.loveby123.loveby456,com.loveby123.loveby456,2,1,Banking Malware,validation
2445,vuad.dkiae.dafv,vuad.dkiae.dafv,2,1,Banking Malware,validation
2459,fo.kfmbjqx.pnvs,fo.kfmbjqx.pnvs,2,1,Banking Malware,validation
2467,,__missing_package_row_2467,2,1,Banking Malware,validation
2469,com.android.post.fsps.kr.wu.sdsi,com.android.post.fsps.kr.wu.sdsi,2,1,Banking Malware,validation
2476,,__missing_package_row_2476,2,1,Banking Malware,validation
2478,kdkjf.vadkcv.dkekdf,kdkjf.vadkcv.dkekdf,2,1,Banking Malware,validation
2503,com.rim.kookkey,com.rim.kookkey,2,1,Banking Malware,validation
2515,com.fgol.sharkfreeq2,com.fgol.sharkfreeq2,2,1,Banking Malware,validation
2519,com.opplk.akdi,com.opplk.akdi,2,1,Banking Malware,validation
2530,,__missing_package_row_2530,2,1,Banking Malware,validation
2548,bb88.bb99.view,bb88.bb99.view,2,1,Banking Malware,validation
2551,mzmr.iiyma.ssrxp,mzmr.iiyma.ssrxp,2,1,Banking Malware,validation
2591,,__missing_package_row_2591,2,1,Banking Malware,validation
2597,com.server,com.server,2,1,Banking Malware,validation
2613,,__missing_package_row_2613,2,1,Banking Malware,validation
2628,com.caifu66.caifu88,com.caifu66.caifu88,2,1,Banking Malware,validation
2629,,__missing_package_row_2629,2,1,Banking Malware,validation
2633,com.BioTechnology.iClientsService44197,com.BioTechnology.iClientsService44197,2,1,Banking Malware,validation
2647,com.android.google.shinhanbbk.kr.app,com.android.google.shinhanbbk.kr.app,2,1,Banking Malware,validation
2652,login.zsz.view,login.zsz.view,2,1,Banking Malware,validation
2654,vskdu.kdkuga.dyata,vskdu.kdkuga.dyata,2,1,Banking Malware,validation
2658,znfcbdb.nghofoq.flahgdhrkjjy,znfcbdb.nghofoq.flahgdhrkjjy,2,1,Banking Malware,validation
2660,com.hana,com.hana,2,1,Banking Malware,validation
2672,dkfja.akvie.akdkfj,dkfja.akvie.akdkfj,2,1,Banking Malware,validation
2690,,__missing_package_row_2690,2,1,Banking Malware,validation
2695,com.gameverse.facurl,com.gameverse.facurl,2,1,Banking Malware,validation
2697,tpuzes.blifmn.suxeha,tpuzes.blifmn.suxeha,2,1,Banking Malware,validation
2704,world.system.droid,world.system.droid,2,1,Banking Malware,validation
2720,com.ann88.ann99,com.ann88.ann99,2,1,Banking Malware,validation
2729,com.fa888,com.fa888,2,1,Banking Malware,validation
2734,cn.playboy.wifikiller,cn.playboy.wifikiller,2,1,Banking Malware,validation
2736,,__missing_package_row_2736,2,1,Banking Malware,validation
2741,com.andorid.chrm67.service,com.andorid.chrm67.service,2,1,Banking Malware,validation
2755,com.naver,com.naver,2,1,Banking Malware,validation
2767,com.securityboho,com.securityboho,2,1,Banking Malware,validation
2777,com.yue01.liang01,com.yue01.liang01,2,1,Banking Malware,validation
2780,,__missing_package_row_2780,2,1,Banking Malware,validation
2807,ehlcbbe.gjoazcwe.cvhlnw,ehlcbbe.gjoazcwe.cvhlnw,2,1,Banking Malware,validation
2816,org.underdev.penetratepro,org.underdev.penetratepro,2,1,Banking Malware,validation
2817,com.os7.launcher.theme,com.os7.launcher.theme,2,1,Banking Malware,validation
2835,com.nhn.tcdvo,com.nhn.tcdvo,2,1,Banking Malware,validation
2847,com.android.zert.install,com.android.zert.install,2,1,Banking Malware,validation
2850,com.we.google.nhb.kr.bk.app,com.we.google.nhb.kr.bk.app,2,1,Banking Malware,validation
2853,oviapps.videotrimmer,oviapps.videotrimmer,2,1,Banking Malware,validation
2879,com.blueium.mybay,com.blueium.mybay,2,1,Banking Malware,validation
2882,,__missing_package_row_2882,2,1,Banking Malware,validation
2889,com.example.helloworld,com.example.helloworld,2,1,Banking Malware,validation
2910,com.kbs.uyuyp,com.kbs.uyuyp,2,1,Banking Malware,validation
2921,com.zhen123.za123,com.zhen123.za123,2,1,Banking Malware,validation
2935,qfu.wfwhgkemerzo.eislrebmhmf,qfu.wfwhgkemerzo.eislrebmhmf,2,1,Banking Malware,validation
2948,,__missing_package_row_2948,2,1,Banking Malware,validation
2951,xrvremcpgmgg.fcuuwgyqjmi.akybxftyvlh,xrvremcpgmgg.fcuuwgyqjmi.akybxftyvlh,2,1,Banking Malware,validation
2986,kakr.bcapc.shinand.dong.apttor,kakr.bcapc.shinand.dong.apttor,2,1,Banking Malware,validation
2997,shuejb.bmxzuj.gjozvn,shuejb.bmxzuj.gjozvn,2,1,Banking Malware,validation
3022,com.gamepath.indicraft,com.gamepath.indicraft,2,1,Banking Malware,validation
3031,,__missing_package_row_3031,2,1,Banking Malware,validation
3037,,__missing_package_row_3037,2,1,Banking Malware,validation
3039,com.googlemobileview,com.googlemobileview,2,1,Banking Malware,validation
3051,apxdwg.upseub.soothitd,apxdwg.upseub.soothitd,2,1,Banking Malware,validation
3053,dfaya.dkjvaa.kdjfha,dfaya.dkjvaa.kdjfha,2,1,Banking Malware,validation
3075,,__missing_package_row_3075,2,1,Banking Malware,validation
3078,com.lyy9898.zsz9898,com.lyy9898.zsz9898,2,1,Banking Malware,validation
3080,com.djqehowl.net,com.djqehowl.net,2,1,Banking Malware,validation
3086,com.kb.abc,com.kb.abc,2,1,Banking Malware,validation
3088,com.misoxaiuduq.dd,com.misoxaiuduq.dd,2,1,Banking Malware,validation
3105,com.ibk.two,com.ibk.two,2,1,Banking Malware,validation
3106,,__missing_package_row_3106,2,1,Banking Malware,validation
3112,com.oaAlmL.gCrziJ,com.oaAlmL.gCrziJ,2,1,Banking Malware,validation
3123,com.sg.installer.enhanced,com.sg.installer.enhanced,2,1,Banking Malware,validation
3125,com.psp01.psp010,com.psp01.psp010,2,1,Banking Malware,validation
3152,,__missing_package_row_3152,2,1,Banking Malware,validation
3165,com.zzrr88.zzrr99,com.zzrr88.zzrr99,2,1,Banking Malware,validation
3184,quba01.quba02.view,quba01.quba02.view,2,1,Banking Malware,validation
3185,com.rzlojet.dwekw,com.rzlojet.dwekw,2,1,Banking Malware,validation
3205,com.google.android.ebk.hana.ibkb,com.google.android.ebk.hana.ibkb,2,1,Banking Malware,validation
3207,com.example.baidu,com.example.baidu,2,1,Banking Malware,validation
3251,kkuad.akvndkj.akakladkdk,kkuad.akvndkj.akakladkdk,2,1,Banking Malware,validation
3261,com.susek.xf,com.susek.xf,2,1,Banking Malware,validation
3276,,__missing_package_row_3276,2,1,Banking Malware,validation
3280,com.jiehun00.jiehun11,com.jiehun00.jiehun11,2,1,Banking Malware,validation
3282,com.zalove99,com.zalove99,2,1,Banking Malware,validation
3284,,__missing_package_row_3284,2,1,Banking Malware,validation
3320,com.paojiao.help,com.paojiao.help,2,1,Banking Malware,validation
3324,,__missing_package_row_3324,2,1,Banking Malware,validation
3333,com.cnftks.net,com.cnftks.net,2,1,Banking Malware,validation
3338,,__missing_package_row_3338,2,1,Banking Malware,validation
3350,com.agilebinary.phonebeagle.client,com.agilebinary.phonebeagle.client,2,1,Banking Malware,validation
3354,QueiD9ej.ezahS1gi,QueiD9ej.ezahS1gi,3,2,SMS Malware,validation
3400,com.software.apk,com.software.apk,3,2,SMS Malware,validation
3406,ru.mskdev.andrinst,ru.mskdev.andrinst,3,2,SMS Malware,validation
3416,ru.mskdev.andrinst,ru.mskdev.andrinst,3,2,SMS Malware,validation
3419,tj.alumberinc.ruganovich,tj.alumberinc.ruganovich,3,2,SMS Malware,validation
3428,jyiaivi.ohduxbbylb,jyiaivi.ohduxbbylb,3,2,SMS Malware,validation
3444,wdbpiewhmvw.bllatpxkpfi,wdbpiewhmvw.bllatpxkpfi,3,2,SMS Malware,validation
3456,ru.mskdev.andrinst,ru.mskdev.andrinst,3,2,SMS Malware,validation
3459,ru.mskdev.andrinst,ru.mskdev.andrinst,3,2,SMS Malware,validation
3470,com.pp.Download,com.pp.Download,3,2,SMS Malware,validation
3471,ru.mskdev.andrinst,ru.mskdev.andrinst,3,2,SMS Malware,validation
3475,app.six,app.six,3,2,SMS Malware,validation
3523,com.opera.installer,com.opera.installer,3,2,SMS Malware,validation
3555,green.stone.atingid20160216,green.stone.atingid20160216,3,2,SMS Malware,validation
3560,eu.margaritasoft.firstdevelop,eu.margaritasoft.firstdevelop,3,2,SMS Malware,validation
3572,a.a,a.a,3,2,SMS Malware,validation
3573,com.app.android,com.app.android,3,2,SMS Malware,validation
3588,com.suckmebeautiful.com,com.suckmebeautiful.com,3,2,SMS Malware,validation
3639,xhasljrqfs.pufmxjganpe,xhasljrqfs.pufmxjganpe,3,2,SMS Malware,validation
3651,com.opera.installer,com.opera.installer,3,2,SMS Malware,validation
3666,com.google.appsinstall,com.google.appsinstall,3,2,SMS Malware,validation
3718,eu.margaritasoft.firstdevelop,eu.margaritasoft.firstdevelop,3,2,SMS Malware,validation
3725,com.android.mediastorage,com.android.mediastorage,3,2,SMS Malware,validation
3767,com.google.appsinstall,com.google.appsinstall,3,2,SMS Malware,validation
3775,QueiD9ej.ezahS1gi,QueiD9ej.ezahS1gi,3,2,SMS Malware,validation
3798,com.software.installation,com.software.installation,3,2,SMS Malware,validation
3814,com.tvt.astore.xdownloader,com.tvt.astore.xdownloader,3,2,SMS Malware,validation
3828,bretbre4.cvdsggr,bretbre4.cvdsggr,3,2,SMS Malware,validation
3832,bc2.android.install,bc2.android.install,3,2,SMS Malware,validation
3843,com.soft.install,com.soft.install,3,2,SMS Malware,validation
3863,com.googleapi.org,com.googleapi.org,3,2,SMS Malware,validation
3866,srcdsnms.jlimwd,srcdsnms.jlimwd,3,2,SMS Malware,validation
3881,glwlbb.eyfwmaung,glwlbb.eyfwmaung,3,2,SMS Malware,validation
3927,srcdsnms.jlimwd,srcdsnms.jlimwd,3,2,SMS Malware,validation
3941,eu.margaritasoft.firstdevelop,eu.margaritasoft.firstdevelop,3,2,SMS Malware,validation
3957,com.pilot.RoundAssGirlLiveWallpaper,com.pilot.RoundAssGirlLiveWallpaper,3,2,SMS Malware,validation
3977,com.googleapps.org,com.googleapps.org,3,2,SMS Malware,validation
4020,com.tvt.astore.xdownloader,com.tvt.astore.xdownloader,3,2,SMS Malware,validation
4032,ru.mskdev.andrinst,ru.mskdev.andrinst,3,2,SMS Malware,validation
4064,eu.margaritasoft.firstdevelop,eu.margaritasoft.firstdevelop,3,2,SMS Malware,validation
4067,com.maxart.registration,com.maxart.registration,3,2,SMS Malware,validation
4081,com.googleapi.org,com.googleapi.org,3,2,SMS Malware,validation
4086,com.mobione.app.game_kimcuong,com.mobione.app.game_kimcuong,3,2,SMS Malware,validation
4095,com.zw.androidplay,com.zw.androidplay,3,2,SMS Malware,validation
4099,noogei.ohpah.aegaeg,noogei.ohpah.aegaeg,3,2,SMS Malware,validation
4102,com.app.android,com.app.android,3,2,SMS Malware,validation
4123,app.six,app.six,3,2,SMS Malware,validation
4125,app.six,app.six,3,2,SMS Malware,validation
4139,ynlxcd.cwductjwjc,ynlxcd.cwductjwjc,3,2,SMS Malware,validation
4151,com.app.android,com.app.android,3,2,SMS Malware,validation
4156,com.android.mediastorage,com.android.mediastorage,3,2,SMS Malware,validation
4167,com.tvt.astore.xdownloader,com.tvt.astore.xdownloader,3,2,SMS Malware,validation
4173,mejfudpoww.jieggdekc,mejfudpoww.jieggdekc,3,2,SMS Malware,validation
4191,app.six,app.six,3,2,SMS Malware,validation
4200,jyiaivi.ohduxbbylb,jyiaivi.ohduxbbylb,3,2,SMS Malware,validation
4223,nffvje.pbfibj,nffvje.pbfibj,3,2,SMS Malware,validation
4226,glwlbb.eyfwmaung,glwlbb.eyfwmaung,3,2,SMS Malware,validation
4245,ynlxcd.cwductjwjc,ynlxcd.cwductjwjc,3,2,SMS Malware,validation
4255,com.example.service_update_v3,com.example.service_update_v3,3,2,SMS Malware,validation
4256,net.mybest,net.mybest,3,2,SMS Malware,validation
4275,QueiD9ej.ezahS1gi,QueiD9ej.ezahS1gi,3,2,SMS Malware,validation
4284,tj.alumberinc.ruganovich,tj.alumberinc.ruganovich,3,2,SMS Malware,validation
4329,tj.alumberinc.ruganovich,tj.alumberinc.ruganovich,3,2,SMS Malware,validation
4345,ad.notify,ad.notify,3,2,SMS Malware,validation
4362,com.kimi.app_taigame,com.kimi.app_taigame,3,2,SMS Malware,validation
4420,xhasljrqfs.pufmxjganpe,xhasljrqfs.pufmxjganpe,3,2,SMS Malware,validation
4429,azm.vfgglbdgr.henzv,azm.vfgglbdgr.henzv,3,2,SMS Malware,validation
4432,rrreh.nyur,rrreh.nyur,3,2,SMS Malware,validation
4438,com.soft.install,com.soft.install,3,2,SMS Malware,validation
4468,com.hdc.bookmark146114,com.hdc.bookmark146114,3,2,SMS Malware,validation
4486,com.laminarresearch.Doodle_Physics,com.laminarresearch.Doodle_Physics,3,2,SMS Malware,validation
4488,oafgdwo.mqvtnhg,oafgdwo.mqvtnhg,3,2,SMS Malware,validation
4492,QueiD9ej.ezahS1gi,QueiD9ej.ezahS1gi,3,2,SMS Malware,validation
4560,com.software.apk,com.software.apk,3,2,SMS Malware,validation
4580,tj.alumberinc.ruganovich,tj.alumberinc.ruganovich,3,2,SMS Malware,validation
4613,ru.download.manager,ru.download.manager,3,2,SMS Malware,validation
4621,com.google.appsinstall,com.google.appsinstall,3,2,SMS Malware,validation
4632,com.usa001.cn,com.usa001.cn,3,2,SMS Malware,validation
4726,com.tvt.astore.xdownloader,com.tvt.astore.xdownloader,3,2,SMS Malware,validation
4734,rom.jonas.eley,rom.jonas.eley,3,2,SMS Malware,validation
4784,uphmidhkydm.qyjxigra,uphmidhkydm.qyjxigra,3,2,SMS Malware,validation
4792,wdbpiewhmvw.bllatpxkpfi,wdbpiewhmvw.bllatpxkpfi,3,2,SMS Malware,validation
4807,ru.download.manager,ru.download.manager,3,2,SMS Malware,validation
4841,com.soft.install,com.soft.install,3,2,SMS Malware,validation
4858,com.soft.install,com.soft.install,3,2,SMS Malware,validation
4865,app.six,app.six,3,2,SMS Malware,validation
4880,com.app.android,com.app.android,3,2,SMS Malware,validation
4894,ru.download.manager,ru.download.manager,3,2,SMS Malware,validation
4895,com.app.android,com.app.android,3,2,SMS Malware,validation
4931,wdbpiewhmvw.bllatpxkpfi,wdbpiewhmvw.bllatpxkpfi,3,2,SMS Malware,validation
4933,wdbpiewhmvw.bllatpxkpfi,wdbpiewhmvw.bllatpxkpfi,3,2,SMS Malware,validation
4945,com.example.service_update_v3,com.example.service_update_v3,3,2,SMS Malware,validation
4988,vbkoxh.cswnpr,vbkoxh.cswnpr,3,2,SMS Malware,validation
5023,tj.alumberinc.ruganovich,tj.alumberinc.ruganovich,3,2,SMS Malware,validation
5045,glwlbb.eyfwmaung,glwlbb.eyfwmaung,3,2,SMS Malware,validation
5053,mejfudpoww.jieggdekc,mejfudpoww.jieggdekc,3,2,SMS Malware,validation
5059,sjousmptp.qcafmk,sjousmptp.qcafmk,3,2,SMS Malware,validation
5117,QueiD9ej.ezahS1gi,QueiD9ej.ezahS1gi,3,2,SMS Malware,validation
5154,com.hasl.defproj,com.hasl.defproj,3,2,SMS Malware,validation
5237,lumbgthwrcu.llrtxx,lumbgthwrcu.llrtxx,3,2,SMS Malware,validation
5242,grounog.piroirj,grounog.piroirj,3,2,SMS Malware,validation
5279,bnshdbl.gtxvsgijkx,bnshdbl.gtxvsgijkx,3,2,SMS Malware,validation
5292,com.drweb,com.drweb,3,2,SMS Malware,validation
5336,com.googleapi.org,com.googleapi.org,3,2,SMS Malware,validation
5370,vbkoxh.cswnpr,vbkoxh.cswnpr,3,2,SMS Malware,validation
5382,com.software.apk,com.software.apk,3,2,SMS Malware,validation
5388,jyiaivi.ohduxbbylb,jyiaivi.ohduxbbylb,3,2,SMS Malware,validation
5402,com.example.service_update_v3,com.example.service_update_v3,3,2,SMS Malware,validation
5425,com.app.android,com.app.android,3,2,SMS Malware,validation
5429,ru.vistorsoftware.getlink,ru.vistorsoftware.getlink,3,2,SMS Malware,validation
5446,com.app.android,com.app.android,3,2,SMS Malware,validation
5449,wdbpiewhmvw.bllatpxkpfi,wdbpiewhmvw.bllatpxkpfi,3,2,SMS Malware,validation
5471,grounog.piroirj,grounog.piroirj,3,2,SMS Malware,validation
5480,jp.cyborg_inc.android.flashgame.en335,jp.cyborg_inc.android.flashgame.en335,3,2,SMS Malware,validation
5488,wdbpiewhmvw.bllatpxkpfi,wdbpiewhmvw.bllatpxkpfi,3,2,SMS Malware,validation
5495,com.software.installation,com.software.installation,3,2,SMS Malware,validation
5514,com.google.appsinstall,com.google.appsinstall,3,2,SMS Malware,validation
5515,ynlxcd.cwductjwjc,ynlxcd.cwductjwjc,3,2,SMS Malware,validation
5550,glwlbb.eyfwmaung,glwlbb.eyfwmaung,3,2,SMS Malware,validation
5558,com.mycontainer,com.mycontainer,3,2,SMS Malware,validation
5564,com.software.installation,com.software.installation,3,2,SMS Malware,validation
5615,rom.jonas.eley,rom.jonas.eley,3,2,SMS Malware,validation
5657,com.googleapps.org,com.googleapps.org,3,2,SMS Malware,validation
5659,app.six,app.six,3,2,SMS Malware,validation
5663,com.googleapi.org,com.googleapi.org,3,2,SMS Malware,validation
5686,jyiaivi.ohduxbbylb,jyiaivi.ohduxbbylb,3,2,SMS Malware,validation
5717,com.software.apk,com.software.apk,3,2,SMS Malware,validation
5727,com.example.service_update_v3,com.example.service_update_v3,3,2,SMS Malware,validation
5740,com.some.opera,com.some.opera,3,2,SMS Malware,validation
5789,ynlxcd.cwductjwjc,ynlxcd.cwductjwjc,3,2,SMS Malware,validation
5805,eu.margaritasoft.firstdevelop,eu.margaritasoft.firstdevelop,3,2,SMS Malware,validation
5867,srcdsnms.jlimwd,srcdsnms.jlimwd,3,2,SMS Malware,validation
5869,rom.jonas.eley,rom.jonas.eley,3,2,SMS Malware,validation
5888,com.tvt.astore.xdownloader,com.tvt.astore.xdownloader,3,2,SMS Malware,validation
5897,mobi.app,mobi.app,3,2,SMS Malware,validation
5914,a.a,a.a,3,2,SMS Malware,validation
5980,eu.margaritasoft.firstdevelop,eu.margaritasoft.firstdevelop,3,2,SMS Malware,validation
5987,gade.my,gade.my,3,2,SMS Malware,validation
5990,uphmidhkydm.qyjxigra,uphmidhkydm.qyjxigra,3,2,SMS Malware,validation
6008,oafgdwo.mqvtnhg,oafgdwo.mqvtnhg,3,2,SMS Malware,validation
6036,jyiaivi.ohduxbbylb,jyiaivi.ohduxbbylb,3,2,SMS Malware,validation
6077,com.google.appsinstall,com.google.appsinstall,3,2,SMS Malware,validation
6095,ru.download.manager,ru.download.manager,3,2,SMS Malware,validation
6157,ru.vistorsoftware.getlink,ru.vistorsoftware.getlink,3,2,SMS Malware,validation
6185,vbkoxh.cswnpr,vbkoxh.cswnpr,3,2,SMS Malware,validation
6272,bretbre4.cvdsggr,bretbre4.cvdsggr,3,2,SMS Malware,validation
6274,com.googleapi.org,com.googleapi.org,3,2,SMS Malware,validation
6280,a.a,a.a,3,2,SMS Malware,validation
6281,com.software.opera,com.software.opera,3,2,SMS Malware,validation
6291,blue.water.id20160603,blue.water.id20160603,3,2,SMS Malware,validation
6294,srcdsnms.jlimwd,srcdsnms.jlimwd,3,2,SMS Malware,validation
6317,com.opera.installer,com.opera.installer,3,2,SMS Malware,validation
6320,uphmidhkydm.qyjxigra,uphmidhkydm.qyjxigra,3,2,SMS Malware,validation
6322,tj.alumberinc.ruganovich,tj.alumberinc.ruganovich,3,2,SMS Malware,validation
6331,com.software.installation,com.software.installation,3,2,SMS Malware,validation
6350,ynlxcd.cwductjwjc,ynlxcd.cwductjwjc,3,2,SMS Malware,validation
6387,rom.jonas.eley,rom.jonas.eley,3,2,SMS Malware,validation
6400,mobi.app,mobi.app,3,2,SMS Malware,validation
6423,vbkoxh.cswnpr,vbkoxh.cswnpr,3,2,SMS Malware,validation
6509,QueiD9ej.ezahS1gi,QueiD9ej.ezahS1gi,3,2,SMS Malware,validation
6515,vbkoxh.cswnpr,vbkoxh.cswnpr,3,2,SMS Malware,validation
6518,com.software.apk,com.software.apk,3,2,SMS Malware,validation
6557,com.google.appsinstall,com.google.appsinstall,3,2,SMS Malware,validation
6581,glwlbb.eyfwmaung,glwlbb.eyfwmaung,3,2,SMS Malware,validation
6593,ynlxcd.cwductjwjc,ynlxcd.cwductjwjc,3,2,SMS Malware,validation
6700,nffvje.pbfibj,nffvje.pbfibj,3,2,SMS Malware,validation
6707,com.google.appsinstall,com.google.appsinstall,3,2,SMS Malware,validation
6713,uphmidhkydm.qyjxigra,uphmidhkydm.qyjxigra,3,2,SMS Malware,validation
6715,com.googleapi.org,com.googleapi.org,3,2,SMS Malware,validation
6719,ynlxcd.cwductjwjc,ynlxcd.cwductjwjc,3,2,SMS Malware,validation
6741,srcdsnms.jlimwd,srcdsnms.jlimwd,3,2,SMS Malware,validation
6771,com.tvt.astore.xdownloader,com.tvt.astore.xdownloader,3,2,SMS Malware,validation
6793,com.software.opera,com.software.opera,3,2,SMS Malware,validation
6815,tj.alumberinc.ruganovich,tj.alumberinc.ruganovich,3,2,SMS Malware,validation
6833,eu.margaritasoft.firstdevelop,eu.margaritasoft.firstdevelop,3,2,SMS Malware,validation
6839,srcdsnms.jlimwd,srcdsnms.jlimwd,3,2,SMS Malware,validation
6921,rom.jonas.eley,rom.jonas.eley,3,2,SMS Malware,validation
6939,vbkoxh.cswnpr,vbkoxh.cswnpr,3,2,SMS Malware,validation
6979,net.install.app,net.install.app,3,2,SMS Malware,validation
6989,com.software.cover,com.software.cover,3,2,SMS Malware,validation
7008,com.tvt.astore.xdownloader,com.tvt.astore.xdownloader,3,2,SMS Malware,validation
7029,xhasljrqfs.pufmxjganpe,xhasljrqfs.pufmxjganpe,3,2,SMS Malware,validation
7042,com.soft.install,com.soft.install,3,2,SMS Malware,validation
7051,jyiaivi.ohduxbbylb,jyiaivi.ohduxbbylb,3,2,SMS Malware,validation
7054,rom.jonas.eley,rom.jonas.eley,3,2,SMS Malware,validation
7061,rom.jonas.eley,rom.jonas.eley,3,2,SMS Malware,validation
7076,com.software.apk,com.software.apk,3,2,SMS Malware,validation
7083,ru.download.manager,ru.download.manager,3,2,SMS Malware,validation
7107,ru.download.manager,ru.download.manager,3,2,SMS Malware,validation
7112,com.mycontainer,com.mycontainer,3,2,SMS Malware,validation
7117,rrreh.nyur,rrreh.nyur,3,2,SMS Malware,validation
7143,aiChoor9.cai6Ood0,aiChoor9.cai6Ood0,3,2,SMS Malware,validation
7148,glwlbb.eyfwmaung,glwlbb.eyfwmaung,3,2,SMS Malware,validation
7165,com.drweb,com.drweb,3,2,SMS Malware,validation
7168,vbkoxh.cswnpr,vbkoxh.cswnpr,3,2,SMS Malware,validation
7188,com.mycontainer,com.mycontainer,3,2,SMS Malware,validation
7196,com.googleapi.org,com.googleapi.org,3,2,SMS Malware,validation
7219,com.soft.install,com.soft.install,3,2,SMS Malware,validation
7220,com.opera.installer,com.opera.installer,3,2,SMS Malware,validation
7246,QueiD9ej.ezahS1gi,QueiD9ej.ezahS1gi,3,2,SMS Malware,validation
7265,com.fourpoints.fourpointsgame,com.fourpoints.fourpointsgame,4,3,Riskware,validation
7272,com.jyx.vsezpd,com.jyx.vsezpd,4,3,Riskware,validation
7277,com.eyq.dowciv,com.eyq.dowciv,4,3,Riskware,validation
7281,me.paranoid.wifikilld,me.paranoid.wifikilld,4,3,Riskware,validation
7288,com.tmd.weuyhq,com.tmd.weuyhq,4,3,Riskware,validation
7294,com.lca.lmvkly,com.lca.lmvkly,4,3,Riskware,validation
7317,biz.bottle.leaving.beneath.mud.apple,biz.bottle.leaving.beneath.mud.apple,4,3,Riskware,validation
7325,com.cjr.vpsaxr,com.cjr.vpsaxr,4,3,Riskware,validation
7338,socialmedia.allinone.fast,socialmedia.allinone.fast,4,3,Riskware,validation
7348,com.ogv.thjciw,com.ogv.thjciw,4,3,Riskware,validation
7353,com.hlv.nwtsfl,com.hlv.nwtsfl,4,3,Riskware,validation
7362,com.wellknown.chamber.beardless,com.wellknown.chamber.beardless,4,3,Riskware,validation
7372,com.vix.kpszsi,com.vix.kpszsi,4,3,Riskware,validation
7375,com.gzjj.njue,com.gzjj.njue,4,3,Riskware,validation
7390,com.jpg.aztcig,com.jpg.aztcig,4,3,Riskware,validation
7392,com.aichess.ring,com.aichess.ring,4,3,Riskware,validation
7408,info.dangerous.root.clearly,info.dangerous.root.clearly,4,3,Riskware,validation
7409,com.ubh.qpfbse,com.ubh.qpfbse,4,3,Riskware,validation
7453,com.lne.anafmp,com.lne.anafmp,4,3,Riskware,validation
7477,ipmfpg.jleico.plbcbc.ogdpai.nlbhhm.begejc,ipmfpg.jleico.plbcbc.ogdpai.nlbhhm.begejc,4,3,Riskware,validation
7521,com.lez.zpjbag,com.lez.zpjbag,4,3,Riskware,validation
7534,com.slyyjl.nohirsyn,com.slyyjl.nohirsyn,4,3,Riskware,validation
7535,com.mtj.qaomgx,com.mtj.qaomgx,4,3,Riskware,validation
7537,com.lectek.android.sfreader,com.lectek.android.sfreader,4,3,Riskware,validation
7544,com.magnanimity.detaining.votes,com.magnanimity.detaining.votes,4,3,Riskware,validation
7569,com.iapp.kongjian,com.iapp.kongjian,4,3,Riskware,validation
7573,com.hej.nbonug,com.hej.nbonug,4,3,Riskware,validation
7620,com.wiz.qohuxl,com.wiz.qohuxl,4,3,Riskware,validation
7622,com.www.huiyodo.com,com.www.huiyodo.com,4,3,Riskware,validation
7628,org.aquqgrtcjamjb.tigersimulator,org.aquqgrtcjamjb.tigersimulator,4,3,Riskware,validation
7642,comkw.nkvbhf.aai.mnms,comkw.nkvbhf.aai.mnms,4,3,Riskware,validation
7643,com.wzr.rherfc,com.wzr.rherfc,4,3,Riskware,validation
7658,com.tunes.unused.enter,com.tunes.unused.enter,4,3,Riskware,validation
7661,com.vtk.ztczmd,com.vtk.ztczmd,4,3,Riskware,validation
7690,com.xmm.ilkzhe,com.xmm.ilkzhe,4,3,Riskware,validation
7718,com.qqe.gzlsng,com.qqe.gzlsng,4,3,Riskware,validation
7734,com.video.player.xxx.super.girl.sett,com.video.player.xxx.super.girl.sett,4,3,Riskware,validation
7748,com.pop.wbzicy,com.pop.wbzicy,4,3,Riskware,validation
7754,com.uha.tspsau,com.uha.tspsau,4,3,Riskware,validation
7781,com.fourdskins.toolxuexifunny,com.fourdskins.toolxuexifunny,4,3,Riskware,validation
7785,com.juyu.live,com.juyu.live,4,3,Riskware,validation
7789,com.kkc.mglvpb,com.kkc.mglvpb,4,3,Riskware,validation
7817,oeiah.zcrqwa.xavg.bgtwa,oeiah.zcrqwa.xavg.bgtwa,4,3,Riskware,validation
7854,com.pvv.shrkdc,com.pvv.shrkdc,4,3,Riskware,validation
7871,com.eqx.jyhywk,com.eqx.jyhywk,4,3,Riskware,validation
7872,com.yfzapp,com.yfzapp,4,3,Riskware,validation
7879,com.bfndvgbsdb.mjfcjvdflbn,com.bfndvgbsdb.mjfcjvdflbn,4,3,Riskware,validation
7898,had.mjfahnsd.wgshfl,had.mjfahnsd.wgshfl,4,3,Riskware,validation
7908,com.brfgfggoh.iyfhgochf,com.brfgfggoh.iyfhgochf,4,3,Riskware,validation
7917,wkcepmvt.mktvv.bydpstip,wkcepmvt.mktvv.bydpstip,4,3,Riskware,validation
7950,com.uobsnp.qgkzlmuu,com.uobsnp.qgkzlmuu,4,3,Riskware,validation
7952,com.yhwivm.noglnqum,com.yhwivm.noglnqum,4,3,Riskware,validation
7957,ct.srvqxusrg.lujfivxsorhwokjaw,ct.srvqxusrg.lujfivxsorhwokjaw,4,3,Riskware,validation
7958,com.android.app253489,com.android.app253489,4,3,Riskware,validation
7970,,__missing_package_row_7970,4,3,Riskware,validation
7987,com.qqfcmh.xk,com.qqfcmh.xk,4,3,Riskware,validation
7988,com.youyou.video_master,com.youyou.video_master,4,3,Riskware,validation
7999,com.vzluze.ivsmjayn,com.vzluze.ivsmjayn,4,3,Riskware,validation
8004,com.czefuk.txisieis,com.czefuk.txisieis,4,3,Riskware,validation
8015,com.markLee.jjclean,com.markLee.jjclean,4,3,Riskware,validation
8023,eu.ulgqpwogrknjq.grabtheauto,eu.ulgqpwogrknjq.grabtheauto,4,3,Riskware,validation
8049,com.jr.pandreadbook,com.jr.pandreadbook,4,3,Riskware,validation
8056,com.h.e.r8.o,com.h.e.r8.o,4,3,Riskware,validation
8082,bhjtcep.plve.hkiwsgaz.zsdidlfh,bhjtcep.plve.hkiwsgaz.zsdidlfh,4,3,Riskware,validation
8095,com.iapp.shuaqian,com.iapp.shuaqian,4,3,Riskware,validation
8138,com.aizan,com.aizan,4,3,Riskware,validation
8185,com.android.tfirewall.b,com.android.tfirewall.b,4,3,Riskware,validation
8211,ch.nth.android.contentabo_l01_sim_univ,ch.nth.android.contentabo_l01_sim_univ,4,3,Riskware,validation
8215,com.feamber.popstarcw.UC,com.feamber.popstarcw.UC,4,3,Riskware,validation
8233,com.ie83a06522302fbb9,com.ie83a06522302fbb9,4,3,Riskware,validation
8238,com.dfi.krgzcs,com.dfi.krgzcs,4,3,Riskware,validation
8240,com.bqd.zhescz,com.bqd.zhescz,4,3,Riskware,validation
8245,com.faxhokxf.eiybidef,com.faxhokxf.eiybidef,4,3,Riskware,validation
8269,net.ycvdgfwk.merrychristmas2015,net.ycvdgfwk.merrychristmas2015,4,3,Riskware,validation
8273,air.jp.madsp.mizugicheck,air.jp.madsp.mizugicheck,4,3,Riskware,validation
8280,com.gbz.eemyrr,com.gbz.eemyrr,4,3,Riskware,validation
8290,com.rxs.efjvju,com.rxs.efjvju,4,3,Riskware,validation
8296,com.pe8oq.gz4r4.zhzu,com.pe8oq.gz4r4.zhzu,4,3,Riskware,validation
8321,com.vpj.nvfxdp,com.vpj.nvfxdp,4,3,Riskware,validation
8337,com.gph.okhlxl,com.gph.okhlxl,4,3,Riskware,validation
8349,com.wvaomvba.awgubnyx,com.wvaomvba.awgubnyx,4,3,Riskware,validation
8408,com.ajq.tayfrc,com.ajq.tayfrc,4,3,Riskware,validation
8415,gsxtw.gddqa.jszrk.tsupj,gsxtw.gddqa.jszrk.tsupj,4,3,Riskware,validation
8430,com.owakrt.jkficvbu,com.owakrt.jkficvbu,4,3,Riskware,validation
8460,xxx.charcuterie.nova,xxx.charcuterie.nova,4,3,Riskware,validation
8462,com.qjs.qziiic,com.qjs.qziiic,4,3,Riskware,validation
8505,com.L530Ih1I800771au4,com.L530Ih1I800771au4,4,3,Riskware,validation
8530,android.app.sky1114,android.app.sky1114,4,3,Riskware,validation
8554,com.jft.gfzria,com.jft.gfzria,4,3,Riskware,validation
8561,com.nub.bisejc,com.nub.bisejc,4,3,Riskware,validation
8562,my.app.client,my.app.client,4,3,Riskware,validation
8575,org.qq.weixin.baidu.sina,org.qq.weixin.baidu.sina,4,3,Riskware,validation
8585,,__missing_package_row_8585,4,3,Riskware,validation
8591,kthctsvk.bzzas.uuykvo.abbppg,kthctsvk.bzzas.uuykvo.abbppg,4,3,Riskware,validation
8595,psg.nll.yqgaeg.metydbcp,psg.nll.yqgaeg.metydbcp,4,3,Riskware,validation
8599,com.nus.puzxms,com.nus.puzxms,4,3,Riskware,validation
8610,com.yko.ksstoy,com.yko.ksstoy,4,3,Riskware,validation
8616,com.anfh,com.anfh,4,3,Riskware,validation
8619,com.nnj.duroki,com.nnj.duroki,4,3,Riskware,validation
8624,edu.owlcfpadpocbuo.sunnyleonesexvideos,edu.owlcfpadpocbuo.sunnyleonesexvideos,4,3,Riskware,validation
8638,com.fbv.gecile,com.fbv.gecile,4,3,Riskware,validation
8652,com.gws.tkouix,com.gws.tkouix,4,3,Riskware,validation
8666,clbhgj.wadda.jisshs.dphmoyii,clbhgj.wadda.jisshs.dphmoyii,4,3,Riskware,validation
8677,com.tzjtmq.mrtrjhgf,com.tzjtmq.mrtrjhgf,4,3,Riskware,validation
8693,com.iapp.iphone6s,com.iapp.iphone6s,4,3,Riskware,validation
8695,com.knjpag.xdbcicrs,com.knjpag.xdbcicrs,4,3,Riskware,validation
8729,org.cocos2dx.MeiNvSp.iokjdeg,org.cocos2dx.MeiNvSp.iokjdeg,4,3,Riskware,validation
8737,zxhmc.nksdcxrf.mgc.mudoww,zxhmc.nksdcxrf.mgc.mudoww,4,3,Riskware,validation
8755,com.qtwcxqzr.mzwhjgmo,com.qtwcxqzr.mzwhjgmo,4,3,Riskware,validation
8767,com.qqu.jxlzdn,com.qqu.jxlzdn,4,3,Riskware,validation
8769,exwbj.ojzfdxzf.rmakc.nxyl,exwbj.ojzfdxzf.rmakc.nxyl,4,3,Riskware,validation
8771,com.ouvhpf.racaajsf,com.ouvhpf.racaajsf,4,3,Riskware,validation
8802,com.blfxisgdsfspx.voditelavtobusadpro,com.blfxisgdsfspx.voditelavtobusadpro,4,3,Riskware,validation
8803,com.mix.yhkzrg,com.mix.yhkzrg,4,3,Riskware,validation
8841,com.ocj.zirbru,com.ocj.zirbru,4,3,Riskware,validation
8848,com.pjj.sjtkjn,com.pjj.sjtkjn,4,3,Riskware,validation
8856,com.zmrh.ppldjh,com.zmrh.ppldjh,4,3,Riskware,validation
8861,com.omgu.chc.hj.mmlb,com.omgu.chc.hj.mmlb,4,3,Riskware,validation
8866,com.Gentlee.YyYm007,com.Gentlee.YyYm007,4,3,Riskware,validation
8868,com.i760fc7997eab50d,com.i760fc7997eab50d,4,3,Riskware,validation
8870,com.cccc.cc,com.cccc.cc,4,3,Riskware,validation
8888,com.yqwwvzzw.szkusgzg,com.yqwwvzzw.szkusgzg,4,3,Riskware,validation
8893,com.sil.cxenmk,com.sil.cxenmk,4,3,Riskware,validation
8908,com.qq.djdg,com.qq.djdg,4,3,Riskware,validation
8938,jjkbsi.pnyb.rjdzcpcchjeny,jjkbsi.pnyb.rjdzcpcchjeny,4,3,Riskware,validation
8946,com.eetmpr.hjdnnjrf,com.eetmpr.hjdnnjrf,4,3,Riskware,validation
8959,com.appshare.android.ilisten,com.appshare.android.ilisten,4,3,Riskware,validation
8975,com.ige.jtlwru,com.ige.jtlwru,4,3,Riskware,validation
8981,xi.gcdkgzs.behae,xi.gcdkgzs.behae,4,3,Riskware,validation
9011,com.leo.thckrq,com.leo.thckrq,4,3,Riskware,validation
9015,net.tiurypob.callofchampions,net.tiurypob.callofchampions,4,3,Riskware,validation
9019,com.aql.xgyhdk,com.aql.xgyhdk,4,3,Riskware,validation
9031,com.fvm.behkbx,com.fvm.behkbx,4,3,Riskware,validation
9033,com.android.app255546,com.android.app255546,4,3,Riskware,validation
9047,com.axv.xncvkr,com.axv.xncvkr,4,3,Riskware,validation
9054,com.android.app253481,com.android.app253481,4,3,Riskware,validation
9057,org.newspaper.chinese.bigger.flower.mass,org.newspaper.chinese.bigger.flower.mass,4,3,Riskware,validation
9063,fm.a2d.s2,fm.a2d.s2,4,3,Riskware,validation
9073,com.ydpfye.rfwwxfjm,com.ydpfye.rfwwxfjm,4,3,Riskware,validation
9080,zmz.eqtd.jwadk.fcv,zmz.eqtd.jwadk.fcv,4,3,Riskware,validation
9086,hgsolccsm.cs.icrhxx,hgsolccsm.cs.icrhxx,4,3,Riskware,validation
9097,com.ioucjhun.nrjnswuv,com.ioucjhun.nrjnswuv,4,3,Riskware,validation
9104,com.pg63Z48P55JFv5hu266,com.pg63Z48P55JFv5hu266,4,3,Riskware,validation
9109,com.ouc.sqhglq,com.ouc.sqhglq,4,3,Riskware,validation
9113,com.lyi.jsolwk,com.lyi.jsolwk,4,3,Riskware,validation
9156,org.aoncbkwuvxtv.wheresmyperry,org.aoncbkwuvxtv.wheresmyperry,4,3,Riskware,validation
9164,com.hju.vdchme,com.hju.vdchme,4,3,Riskware,validation
9171,com.plugin.ads.offer,com.plugin.ads.offer,4,3,Riskware,validation
9192,xsld.mbb.xmcqdn.ycyiiqnk,xsld.mbb.xmcqdn.ycyiiqnk,4,3,Riskware,validation
9203,com.gkzvyh.jbvyzdgs,com.gkzvyh.jbvyzdgs,4,3,Riskware,validation
9216,xsld.mbb.argxdy.pdueqhbr,xsld.mbb.argxdy.pdueqhbr,4,3,Riskware,validation
9220,com.rbn.cgtrfl,com.rbn.cgtrfl,4,3,Riskware,validation
9231,com.mov.jarxqn,com.mov.jarxqn,4,3,Riskware,validation
9249,com.vts.xtjctz,com.vts.xtjctz,4,3,Riskware,validation
9267,com.ArcherWars.d02i2o1r1d7n1a.YyYm007,com.ArcherWars.d02i2o1r1d7n1a.YyYm007,4,3,Riskware,validation
9268,net.clwnzikrvvgxad.mountainbikegame,net.clwnzikrvvgxad.mountainbikegame,4,3,Riskware,validation
9274,com.vmw.admsnq,com.vmw.admsnq,4,3,Riskware,validation
9281,twz.yygame.A030002A01,twz.yygame.A030002A01,4,3,Riskware,validation
9285,com.cscclmsr.vceipeeo,com.cscclmsr.vceipeeo,4,3,Riskware,validation
9322,mobi.mux.six.guns,mobi.mux.six.guns,4,3,Riskware,validation
9323,com.kdpyvc.eeepsjej,com.kdpyvc.eeepsjej,4,3,Riskware,validation
9325,com.android.phonemanager,com.android.phonemanager,4,3,Riskware,validation
9338,,__missing_package_row_9338,4,3,Riskware,validation
9340,com.ked.dhrjfm,com.ked.dhrjfm,4,3,Riskware,validation
9347,com.djdg.dyscq.dgmh,com.djdg.dyscq.dgmh,4,3,Riskware,validation
9349,iTZ.VlxW.krDNFPkP,iTZ.VlxW.krDNFPkP,4,3,Riskware,validation
9356,com.zbrbfbqb.bubrbtbh,com.zbrbfbqb.bubrbtbh,4,3,Riskware,validation
9366,com.itoo.bizhi,com.itoo.bizhi,4,3,Riskware,validation
9377,,__missing_package_row_9377,4,3,Riskware,validation
9397,com.zse.tvazrx,com.zse.tvazrx,4,3,Riskware,validation
9401,air.com.KalromSystems.FlappyYou,air.com.KalromSystems.FlappyYou,4,3,Riskware,validation
9405,com.mpwhbttx.oknibjnd,com.mpwhbttx.oknibjnd,4,3,Riskware,validation
9408,com.hgo.onmnba,com.hgo.onmnba,4,3,Riskware,validation
9413,ttre.apolo.dataosha,ttre.apolo.dataosha,4,3,Riskware,validation
9419,clbhgj.wadda.xqcyxe.cexuqdcg,clbhgj.wadda.xqcyxe.cexuqdcg,4,3,Riskware,validation
9433,com.gvd.xbni,com.gvd.xbni,4,3,Riskware,validation
9444,com.moi.znyhza,com.moi.znyhza,4,3,Riskware,validation
9454,com.game.pubrNov.cwan17th,com.game.pubrNov.cwan17th,4,3,Riskware,validation
9487,com.uro.ipvoy,com.uro.ipvoy,4,3,Riskware,validation
9493,com.xbrozb.ekeljazm,com.xbrozb.ekeljazm,4,3,Riskware,validation
9511,com.yhg.gjgvhn,com.yhg.gjgvhn,4,3,Riskware,validation
9513,twz.yygame.A100002A01,twz.yygame.A100002A01,4,3,Riskware,validation
9521,com.bxf.rmfbkw,com.bxf.rmfbkw,4,3,Riskware,validation
9525,com.tpqq.Ay,com.tpqq.Ay,4,3,Riskware,validation
9555,eu.vvcbrvubdez.bikerchickadventure,eu.vvcbrvubdez.bikerchickadventure,4,3,Riskware,validation
9575,com.kongtiaoyaokk.wnannengmeizu,com.kongtiaoyaokk.wnannengmeizu,4,3,Riskware,validation
9593,com.rpw.gvfbna,com.rpw.gvfbna,4,3,Riskware,validation
9597,com.sxiaoao.game.ddz2,com.sxiaoao.game.ddz2,4,3,Riskware,validation
9656,com.ynp.ngpher,com.ynp.ngpher,4,3,Riskware,validation
9657,com.uoyuj.game.azxlopf,com.uoyuj.game.azxlopf,4,3,Riskware,validation
9699,com.gohrvt.dogzrjug,com.gohrvt.dogzrjug,4,3,Riskware,validation
9704,com.hukih.meselu.no.limits,com.hukih.meselu.no.limits,4,3,Riskware,validation
9715,com.lvzuanssasa,com.lvzuanssasa,4,3,Riskware,validation
9727,com.daishuaw,com.daishuaw,4,3,Riskware,validation
9743,fB.HnbzL.aTwsjL.ik.uxyzCn,fB.HnbzL.aTwsjL.ik.uxyzCn,4,3,Riskware,validation
9756,com.xto.gxaulz,com.xto.gxaulz,4,3,Riskware,validation
9763,com.ogk.xzbbmt,com.ogk.xzbbmt,4,3,Riskware,validation
9785,com.yqmrxu.gmpbegzj,com.yqmrxu.gmpbegzj,4,3,Riskware,validation
9789,com.md.kernel,com.md.kernel,4,3,Riskware,validation
9794,com.ci.qoci.fadasacutagu,com.ci.qoci.fadasacutagu,4,3,Riskware,validation
